[0.069s] Invoking command in '/home/basmala/ros2_ws/build/yahboom_rosmaster_gazebo': CMAKE_PREFIX_PATH=${CMAKE_PREFIX_PATH}:/home/basmala/ros2_ws/install/first_package_python:/opt/ros/jazzy DEBUGINFOD_URLS=https://debuginfod.ubuntu.com /usr/bin/cmake --build /home/basmala/ros2_ws/build/yahboom_rosmaster_gazebo -- -j20 -l20
[0.445s] Invoked command in '/home/basmala/ros2_ws/build/yahboom_rosmaster_gazebo' returned '0': CMAKE_PREFIX_PATH=${CMAKE_PREFIX_PATH}:/home/basmala/ros2_ws/install/first_package_python:/opt/ros/jazzy DEBUGINFOD_URLS=https://debuginfod.ubuntu.com /usr/bin/cmake --build /home/basmala/ros2_ws/build/yahboom_rosmaster_gazebo -- -j20 -l20
[0.446s] Invoking command in '/home/basmala/ros2_ws/build/yahboom_rosmaster_gazebo': CMAKE_PREFIX_PATH=${CMAKE_PREFIX_PATH}:/home/basmala/ros2_ws/install/first_package_python:/opt/ros/jazzy DEBUGINFOD_URLS=https://debuginfod.ubuntu.com /usr/bin/cmake --install /home/basmala/ros2_ws/build/yahboom_rosmaster_gazebo
[0.507s] -- Install configuration: ""
[0.516s] -- Up-to-date: /home/basmala/ros2_ws/install/yahboom_rosmaster_gazebo/share/yahboom_rosmaster_gazebo/config
[0.517s] -- Up-to-date: /home/basmala/ros2_ws/install/yahboom_rosmaster_gazebo/share/yahboom_rosmaster_gazebo/config/ros_gz_bridge.yaml
[0.517s] -- Up-to-date: /home/basmala/ros2_ws/install/yahboom_rosmaster_gazebo/share/yahboom_rosmaster_gazebo/launch
[0.517s] -- Up-to-date: /home/basmala/ros2_ws/install/yahboom_rosmaster_gazebo/share/yahboom_rosmaster_gazebo/launch/yahboom_rosmaster.gazebo.launch.py
[0.517s] -- Up-to-date: /home/basmala/ros2_ws/install/yahboom_rosmaster_gazebo/share/yahboom_rosmaster_gazebo/models
[0.518s] -- Up-to-date: /home/basmala/ros2_ws/install/yahboom_rosmaster_gazebo/share/yahboom_rosmaster_gazebo/models/aws_robomaker_residential_AirconditionerA_01
[0.519s] -- Up-to-date: /home/basmala/ros2_ws/install/yahboom_rosmaster_gazebo/share/yahboom_rosmaster_gazebo/models/aws_robomaker_residential_AirconditionerA_01/materials
[0.519s] -- Up-to-date: /home/basmala/ros2_ws/install/yahboom_rosmaster_gazebo/share/yahboom_rosmaster_gazebo/models/aws_robomaker_residential_AirconditionerA_01/materials/textures
[0.520s] -- Up-to-date: /home/basmala/ros2_ws/install/yahboom_rosmaster_gazebo/share/yahboom_rosmaster_gazebo/models/aws_robomaker_residential_AirconditionerA_01/materials/textures/aws_AirconditionerA_01.png
[0.520s] -- Up-to-date: /home/basmala/ros2_ws/install/yahboom_rosmaster_gazebo/share/yahboom_rosmaster_gazebo/models/aws_robomaker_residential_AirconditionerA_01/meshes
[0.521s] -- Up-to-date: /home/basmala/ros2_ws/install/yahboom_rosmaster_gazebo/share/yahboom_rosmaster_gazebo/models/aws_robomaker_residential_AirconditionerA_01/meshes/aws_AirconditionerA_01_visual.DAE
[0.521s] -- Up-to-date: /home/basmala/ros2_ws/install/yahboom_rosmaster_gazebo/share/yahboom_rosmaster_gazebo/models/aws_robomaker_residential_AirconditionerA_01/meshes/aws_AirconditionerA_01_collision.DAE
[0.521s] -- Up-to-date: /home/basmala/ros2_ws/install/yahboom_rosmaster_gazebo/share/yahboom_rosmaster_gazebo/models/aws_robomaker_residential_AirconditionerA_01/model.sdf
[0.522s] -- Up-to-date: /home/basmala/ros2_ws/install/yahboom_rosmaster_gazebo/share/yahboom_rosmaster_gazebo/models/aws_robomaker_residential_AirconditionerA_01/model.config
[0.522s] -- Up-to-date: /home/basmala/ros2_ws/install/yahboom_rosmaster_gazebo/share/yahboom_rosmaster_gazebo/models/aws_robomaker_residential_CoffeeTable_01
[0.522s] -- Up-to-date: /home/basmala/ros2_ws/install/yahboom_rosmaster_gazebo/share/yahboom_rosmaster_gazebo/models/aws_robomaker_residential_CoffeeTable_01/materials
[0.522s] -- Up-to-date: /home/basmala/ros2_ws/install/yahboom_rosmaster_gazebo/share/yahboom_rosmaster_gazebo/models/aws_robomaker_residential_CoffeeTable_01/materials/textures
[0.522s] -- Up-to-date: /home/basmala/ros2_ws/install/yahboom_rosmaster_gazebo/share/yahboom_rosmaster_gazebo/models/aws_robomaker_residential_CoffeeTable_01/materials/textures/aws_CoffeeTable_01.png
[0.523s] -- Up-to-date: /home/basmala/ros2_ws/install/yahboom_rosmaster_gazebo/share/yahboom_rosmaster_gazebo/models/aws_robomaker_residential_CoffeeTable_01/meshes
[0.523s] -- Up-to-date: /home/basmala/ros2_ws/install/yahboom_rosmaster_gazebo/share/yahboom_rosmaster_gazebo/models/aws_robomaker_residential_CoffeeTable_01/meshes/aws_CoffeeTable_01_collision.DAE
[0.523s] -- Up-to-date: /home/basmala/ros2_ws/install/yahboom_rosmaster_gazebo/share/yahboom_rosmaster_gazebo/models/aws_robomaker_residential_CoffeeTable_01/meshes/aws_CoffeeTable_01_visual.DAE
[0.523s] -- Up-to-date: /home/basmala/ros2_ws/install/yahboom_rosmaster_gazebo/share/yahboom_rosmaster_gazebo/models/aws_robomaker_residential_CoffeeTable_01/model.sdf
[0.523s] -- Up-to-date: /home/basmala/ros2_ws/install/yahboom_rosmaster_gazebo/share/yahboom_rosmaster_gazebo/models/aws_robomaker_residential_CoffeeTable_01/model.config
[0.524s] -- Up-to-date: /home/basmala/ros2_ws/install/yahboom_rosmaster_gazebo/share/yahboom_rosmaster_gazebo/models/aws_robomaker_residential_CookingBench_01
[0.525s] -- Up-to-date: /home/basmala/ros2_ws/install/yahboom_rosmaster_gazebo/share/yahboom_rosmaster_gazebo/models/aws_robomaker_residential_CookingBench_01/materials
[0.525s] -- Up-to-date: /home/basmala/ros2_ws/install/yahboom_rosmaster_gazebo/share/yahboom_rosmaster_gazebo/models/aws_robomaker_residential_CookingBench_01/materials/textures
[0.525s] -- Up-to-date: /home/basmala/ros2_ws/install/yahboom_rosmaster_gazebo/share/yahboom_rosmaster_gazebo/models/aws_robomaker_residential_CookingBench_01/materials/textures/aws_CookingBench_01.png
[0.526s] -- Up-to-date: /home/basmala/ros2_ws/install/yahboom_rosmaster_gazebo/share/yahboom_rosmaster_gazebo/models/aws_robomaker_residential_CookingBench_01/meshes
[0.526s] -- Up-to-date: /home/basmala/ros2_ws/install/yahboom_rosmaster_gazebo/share/yahboom_rosmaster_gazebo/models/aws_robomaker_residential_CookingBench_01/meshes/aws_CookingBench_01_visual.DAE
[0.526s] -- Up-to-date: /home/basmala/ros2_ws/install/yahboom_rosmaster_gazebo/share/yahboom_rosmaster_gazebo/models/aws_robomaker_residential_CookingBench_01/meshes/aws_CookingBench_01.DAE
[0.528s] -- Up-to-date: /home/basmala/ros2_ws/install/yahboom_rosmaster_gazebo/share/yahboom_rosmaster_gazebo/models/aws_robomaker_residential_CookingBench_01/meshes/aws_CookingBench_01_collision.DAE
[0.528s] -- Up-to-date: /home/basmala/ros2_ws/install/yahboom_rosmaster_gazebo/share/yahboom_rosmaster_gazebo/models/aws_robomaker_residential_CookingBench_01/model.sdf
[0.528s] -- Up-to-date: /home/basmala/ros2_ws/install/yahboom_rosmaster_gazebo/share/yahboom_rosmaster_gazebo/models/aws_robomaker_residential_CookingBench_01/model.config
[0.528s] -- Up-to-date: /home/basmala/ros2_ws/install/yahboom_rosmaster_gazebo/share/yahboom_rosmaster_gazebo/models/aws_robomaker_residential_DeskPortraitB_01
[0.528s] -- Up-to-date: /home/basmala/ros2_ws/install/yahboom_rosmaster_gazebo/share/yahboom_rosmaster_gazebo/models/aws_robomaker_residential_DeskPortraitB_01/materials
[0.528s] -- Up-to-date: /home/basmala/ros2_ws/install/yahboom_rosmaster_gazebo/share/yahboom_rosmaster_gazebo/models/aws_robomaker_residential_DeskPortraitB_01/materials/textures
[0.529s] -- Up-to-date: /home/basmala/ros2_ws/install/yahboom_rosmaster_gazebo/share/yahboom_rosmaster_gazebo/models/aws_robomaker_residential_DeskPortraitB_01/materials/textures/aws_DeskPortraitB_02.png
[0.529s] -- Up-to-date: /home/basmala/ros2_ws/install/yahboom_rosmaster_gazebo/share/yahboom_rosmaster_gazebo/models/aws_robomaker_residential_DeskPortraitB_01/materials/textures/DeskPortraitB_01.jpg
[0.529s] -- Up-to-date: /home/basmala/ros2_ws/install/yahboom_rosmaster_gazebo/share/yahboom_rosmaster_gazebo/models/aws_robomaker_residential_DeskPortraitB_01/materials/textures/aws_DeskPortraitB_01.png
[0.529s] -- Up-to-date: /home/basmala/ros2_ws/install/yahboom_rosmaster_gazebo/share/yahboom_rosmaster_gazebo/models/aws_robomaker_residential_DeskPortraitB_01/meshes
[0.529s] -- Up-to-date: /home/basmala/ros2_ws/install/yahboom_rosmaster_gazebo/share/yahboom_rosmaster_gazebo/models/aws_robomaker_residential_DeskPortraitB_01/meshes/aws_DeskPortraitB_01_collision.DAE
[0.529s] -- Up-to-date: /home/basmala/ros2_ws/install/yahboom_rosmaster_gazebo/share/yahboom_rosmaster_gazebo/models/aws_robomaker_residential_DeskPortraitB_01/meshes/aws_DeskPortraitB_01_visual.DAE
[0.529s] -- Up-to-date: /home/basmala/ros2_ws/install/yahboom_rosmaster_gazebo/share/yahboom_rosmaster_gazebo/models/aws_robomaker_residential_DeskPortraitB_01/model.sdf
[0.529s] -- Up-to-date: /home/basmala/ros2_ws/install/yahboom_rosmaster_gazebo/share/yahboom_rosmaster_gazebo/models/aws_robomaker_residential_DeskPortraitB_01/model.config
[0.529s] -- Up-to-date: /home/basmala/ros2_ws/install/yahboom_rosmaster_gazebo/share/yahboom_rosmaster_gazebo/models/aws_robomaker_residential_ReadingDesk_01
[0.529s] -- Up-to-date: /home/basmala/ros2_ws/install/yahboom_rosmaster_gazebo/share/yahboom_rosmaster_gazebo/models/aws_robomaker_residential_ReadingDesk_01/materials
[0.529s] -- Up-to-date: /home/basmala/ros2_ws/install/yahboom_rosmaster_gazebo/share/yahboom_rosmaster_gazebo/models/aws_robomaker_residential_ReadingDesk_01/materials/textures
[0.529s] -- Up-to-date: /home/basmala/ros2_ws/install/yahboom_rosmaster_gazebo/share/yahboom_rosmaster_gazebo/models/aws_robomaker_residential_ReadingDesk_01/materials/textures/aws_ReadingDesk_01.png
[0.530s] -- Up-to-date: /home/basmala/ros2_ws/install/yahboom_rosmaster_gazebo/share/yahboom_rosmaster_gazebo/models/aws_robomaker_residential_ReadingDesk_01/meshes
[0.530s] -- Up-to-date: /home/basmala/ros2_ws/install/yahboom_rosmaster_gazebo/share/yahboom_rosmaster_gazebo/models/aws_robomaker_residential_ReadingDesk_01/meshes/aws_ReadingDesk_01_visual.DAE
[0.530s] -- Up-to-date: /home/basmala/ros2_ws/install/yahboom_rosmaster_gazebo/share/yahboom_rosmaster_gazebo/models/aws_robomaker_residential_ReadingDesk_01/meshes/aws_ReadingDesk_01_collision.DAE
[0.530s] -- Up-to-date: /home/basmala/ros2_ws/install/yahboom_rosmaster_gazebo/share/yahboom_rosmaster_gazebo/models/aws_robomaker_residential_ReadingDesk_01/model.sdf
[0.530s] -- Up-to-date: /home/basmala/ros2_ws/install/yahboom_rosmaster_gazebo/share/yahboom_rosmaster_gazebo/models/aws_robomaker_residential_ReadingDesk_01/model.config
[0.530s] -- Up-to-date: /home/basmala/ros2_ws/install/yahboom_rosmaster_gazebo/share/yahboom_rosmaster_gazebo/models/aws_robomaker_residential_Tableware_01
[0.530s] -- Up-to-date: /home/basmala/ros2_ws/install/yahboom_rosmaster_gazebo/share/yahboom_rosmaster_gazebo/models/aws_robomaker_residential_Tableware_01/materials
[0.530s] -- Up-to-date: /home/basmala/ros2_ws/install/yahboom_rosmaster_gazebo/share/yahboom_rosmaster_gazebo/models/aws_robomaker_residential_Tableware_01/materials/textures
[0.530s] -- Up-to-date: /home/basmala/ros2_ws/install/yahboom_rosmaster_gazebo/share/yahboom_rosmaster_gazebo/models/aws_robomaker_residential_Tableware_01/materials/textures/aws_Tableware_01.png
[0.530s] -- Up-to-date: /home/basmala/ros2_ws/install/yahboom_rosmaster_gazebo/share/yahboom_rosmaster_gazebo/models/aws_robomaker_residential_Tableware_01/meshes
[0.530s] -- Up-to-date: /home/basmala/ros2_ws/install/yahboom_rosmaster_gazebo/share/yahboom_rosmaster_gazebo/models/aws_robomaker_residential_Tableware_01/meshes/aws_Tableware_01_collision.DAE
[0.531s] -- Up-to-date: /home/basmala/ros2_ws/install/yahboom_rosmaster_gazebo/share/yahboom_rosmaster_gazebo/models/aws_robomaker_residential_Tableware_01/meshes/aws_Tableware_01_visual.DAE
[0.531s] -- Up-to-date: /home/basmala/ros2_ws/install/yahboom_rosmaster_gazebo/share/yahboom_rosmaster_gazebo/models/aws_robomaker_residential_Tableware_01/model.sdf
[0.531s] -- Up-to-date: /home/basmala/ros2_ws/install/yahboom_rosmaster_gazebo/share/yahboom_rosmaster_gazebo/models/aws_robomaker_residential_Tableware_01/model.config
[0.531s] -- Up-to-date: /home/basmala/ros2_ws/install/yahboom_rosmaster_gazebo/share/yahboom_rosmaster_gazebo/models/aws_robomaker_residential_Wardrobe_01
[0.531s] -- Up-to-date: /home/basmala/ros2_ws/install/yahboom_rosmaster_gazebo/share/yahboom_rosmaster_gazebo/models/aws_robomaker_residential_Wardrobe_01/materials
[0.531s] -- Up-to-date: /home/basmala/ros2_ws/install/yahboom_rosmaster_gazebo/share/yahboom_rosmaster_gazebo/models/aws_robomaker_residential_Wardrobe_01/materials/textures
[0.533s] -- Up-to-date: /home/basmala/ros2_ws/install/yahboom_rosmaster_gazebo/share/yahboom_rosmaster_gazebo/models/aws_robomaker_residential_Wardrobe_01/materials/textures/aws_Wardrobe_01.png
[0.533s] -- Up-to-date: /home/basmala/ros2_ws/install/yahboom_rosmaster_gazebo/share/yahboom_rosmaster_gazebo/models/aws_robomaker_residential_Wardrobe_01/meshes
[0.533s] -- Up-to-date: /home/basmala/ros2_ws/install/yahboom_rosmaster_gazebo/share/yahboom_rosmaster_gazebo/models/aws_robomaker_residential_Wardrobe_01/meshes/aws_Wardrobe_01_collision.DAE
[0.533s] -- Up-to-date: /home/basmala/ros2_ws/install/yahboom_rosmaster_gazebo/share/yahboom_rosmaster_gazebo/models/aws_robomaker_residential_Wardrobe_01/meshes/aws_Wardrobe_01_visual.DAE
[0.533s] -- Up-to-date: /home/basmala/ros2_ws/install/yahboom_rosmaster_gazebo/share/yahboom_rosmaster_gazebo/models/aws_robomaker_residential_Wardrobe_01/model.sdf
[0.534s] -- Up-to-date: /home/basmala/ros2_ws/install/yahboom_rosmaster_gazebo/share/yahboom_rosmaster_gazebo/models/aws_robomaker_residential_Wardrobe_01/model.config
[0.534s] -- Up-to-date: /home/basmala/ros2_ws/install/yahboom_rosmaster_gazebo/share/yahboom_rosmaster_gazebo/models/aws_robomaker_residential_Door_01
[0.537s] -- Up-to-date: /home/basmala/ros2_ws/install/yahboom_rosmaster_gazebo/share/yahboom_rosmaster_gazebo/models/aws_robomaker_residential_Door_01/materials
[0.537s] -- Up-to-date: /home/basmala/ros2_ws/install/yahboom_rosmaster_gazebo/share/yahboom_rosmaster_gazebo/models/aws_robomaker_residential_Door_01/materials/textures
[0.537s] -- Up-to-date: /home/basmala/ros2_ws/install/yahboom_rosmaster_gazebo/share/yahboom_rosmaster_gazebo/models/aws_robomaker_residential_Door_01/materials/textures/aws_Door_01.png
[0.537s] -- Up-to-date: /home/basmala/ros2_ws/install/yahboom_rosmaster_gazebo/share/yahboom_rosmaster_gazebo/models/aws_robomaker_residential_Door_01/meshes
[0.538s] -- Up-to-date: /home/basmala/ros2_ws/install/yahboom_rosmaster_gazebo/share/yahboom_rosmaster_gazebo/models/aws_robomaker_residential_Door_01/meshes/aws_Door_01_collision.DAE
[0.539s] -- Up-to-date: /home/basmala/ros2_ws/install/yahboom_rosmaster_gazebo/share/yahboom_rosmaster_gazebo/models/aws_robomaker_residential_Door_01/meshes/aws_Door_01_visual.DAE
[0.539s] -- Up-to-date: /home/basmala/ros2_ws/install/yahboom_rosmaster_gazebo/share/yahboom_rosmaster_gazebo/models/aws_robomaker_residential_Door_01/model.sdf
[0.539s] -- Up-to-date: /home/basmala/ros2_ws/install/yahboom_rosmaster_gazebo/share/yahboom_rosmaster_gazebo/models/aws_robomaker_residential_Door_01/model.config
[0.540s] -- Up-to-date: /home/basmala/ros2_ws/install/yahboom_rosmaster_gazebo/share/yahboom_rosmaster_gazebo/models/aws_robomaker_residential_RoomCeiling_01
[0.540s] -- Up-to-date: /home/basmala/ros2_ws/install/yahboom_rosmaster_gazebo/share/yahboom_rosmaster_gazebo/models/aws_robomaker_residential_RoomCeiling_01/materials
[0.540s] -- Up-to-date: /home/basmala/ros2_ws/install/yahboom_rosmaster_gazebo/share/yahboom_rosmaster_gazebo/models/aws_robomaker_residential_RoomCeiling_01/materials/textures
[0.540s] -- Up-to-date: /home/basmala/ros2_ws/install/yahboom_rosmaster_gazebo/share/yahboom_rosmaster_gazebo/models/aws_robomaker_residential_RoomCeiling_01/materials/textures/aws_RoomCeiling_01.png
[0.540s] -- Up-to-date: /home/basmala/ros2_ws/install/yahboom_rosmaster_gazebo/share/yahboom_rosmaster_gazebo/models/aws_robomaker_residential_RoomCeiling_01/meshes
[0.540s] -- Up-to-date: /home/basmala/ros2_ws/install/yahboom_rosmaster_gazebo/share/yahboom_rosmaster_gazebo/models/aws_robomaker_residential_RoomCeiling_01/meshes/aws_RoomCeiling_01_visual.DAE
[0.540s] -- Up-to-date: /home/basmala/ros2_ws/install/yahboom_rosmaster_gazebo/share/yahboom_rosmaster_gazebo/models/aws_robomaker_residential_RoomCeiling_01/meshes/aws_RoomCeiling_01_collision.DAE
[0.540s] -- Up-to-date: /home/basmala/ros2_ws/install/yahboom_rosmaster_gazebo/share/yahboom_rosmaster_gazebo/models/aws_robomaker_residential_RoomCeiling_01/model.sdf
[0.540s] -- Up-to-date: /home/basmala/ros2_ws/install/yahboom_rosmaster_gazebo/share/yahboom_rosmaster_gazebo/models/aws_robomaker_residential_RoomCeiling_01/model.config
[0.540s] -- Up-to-date: /home/basmala/ros2_ws/install/yahboom_rosmaster_gazebo/share/yahboom_rosmaster_gazebo/models/coke_can
[0.540s] -- Up-to-date: /home/basmala/ros2_ws/install/yahboom_rosmaster_gazebo/share/yahboom_rosmaster_gazebo/models/coke_can/materials
[0.541s] -- Up-to-date: /home/basmala/ros2_ws/install/yahboom_rosmaster_gazebo/share/yahboom_rosmaster_gazebo/models/coke_can/materials/textures
[0.541s] -- Up-to-date: /home/basmala/ros2_ws/install/yahboom_rosmaster_gazebo/share/yahboom_rosmaster_gazebo/models/coke_can/materials/textures/coke_can.png
[0.541s] -- Up-to-date: /home/basmala/ros2_ws/install/yahboom_rosmaster_gazebo/share/yahboom_rosmaster_gazebo/models/coke_can/meshes
[0.541s] -- Up-to-date: /home/basmala/ros2_ws/install/yahboom_rosmaster_gazebo/share/yahboom_rosmaster_gazebo/models/coke_can/meshes/coke_can.dae
[0.541s] -- Up-to-date: /home/basmala/ros2_ws/install/yahboom_rosmaster_gazebo/share/yahboom_rosmaster_gazebo/models/coke_can/model-1_2.sdf
[0.541s] -- Up-to-date: /home/basmala/ros2_ws/install/yahboom_rosmaster_gazebo/share/yahboom_rosmaster_gazebo/models/coke_can/model-1_3.sdf
[0.541s] -- Up-to-date: /home/basmala/ros2_ws/install/yahboom_rosmaster_gazebo/share/yahboom_rosmaster_gazebo/models/coke_can/model.sdf
[0.541s] -- Up-to-date: /home/basmala/ros2_ws/install/yahboom_rosmaster_gazebo/share/yahboom_rosmaster_gazebo/models/coke_can/model.config
[0.541s] -- Up-to-date: /home/basmala/ros2_ws/install/yahboom_rosmaster_gazebo/share/yahboom_rosmaster_gazebo/models/coke_can/model-1_4.sdf
[0.541s] -- Up-to-date: /home/basmala/ros2_ws/install/yahboom_rosmaster_gazebo/share/yahboom_rosmaster_gazebo/models/aws_robomaker_residential_Pillow_01
[0.542s] -- Up-to-date: /home/basmala/ros2_ws/install/yahboom_rosmaster_gazebo/share/yahboom_rosmaster_gazebo/models/aws_robomaker_residential_Pillow_01/materials
[0.542s] -- Up-to-date: /home/basmala/ros2_ws/install/yahboom_rosmaster_gazebo/share/yahboom_rosmaster_gazebo/models/aws_robomaker_residential_Pillow_01/materials/textures
[0.542s] -- Up-to-date: /home/basmala/ros2_ws/install/yahboom_rosmaster_gazebo/share/yahboom_rosmaster_gazebo/models/aws_robomaker_residential_Pillow_01/materials/textures/aws_Pillow_01.png
[0.542s] -- Up-to-date: /home/basmala/ros2_ws/install/yahboom_rosmaster_gazebo/share/yahboom_rosmaster_gazebo/models/aws_robomaker_residential_Pillow_01/meshes
[0.542s] -- Up-to-date: /home/basmala/ros2_ws/install/yahboom_rosmaster_gazebo/share/yahboom_rosmaster_gazebo/models/aws_robomaker_residential_Pillow_01/meshes/aws_Pillow_01_visual.DAE
[0.542s] -- Up-to-date: /home/basmala/ros2_ws/install/yahboom_rosmaster_gazebo/share/yahboom_rosmaster_gazebo/models/aws_robomaker_residential_Pillow_01/meshes/aws_Pillow_01_collision.DAE
[0.542s] -- Up-to-date: /home/basmala/ros2_ws/install/yahboom_rosmaster_gazebo/share/yahboom_rosmaster_gazebo/models/aws_robomaker_residential_Pillow_01/model.sdf
[0.542s] -- Up-to-date: /home/basmala/ros2_ws/install/yahboom_rosmaster_gazebo/share/yahboom_rosmaster_gazebo/models/aws_robomaker_residential_Pillow_01/model.config
[0.542s] -- Up-to-date: /home/basmala/ros2_ws/install/yahboom_rosmaster_gazebo/share/yahboom_rosmaster_gazebo/models/aws_robomaker_residential_DeskPortraitA_02
[0.542s] -- Up-to-date: /home/basmala/ros2_ws/install/yahboom_rosmaster_gazebo/share/yahboom_rosmaster_gazebo/models/aws_robomaker_residential_DeskPortraitA_02/materials
[0.543s] -- Up-to-date: /home/basmala/ros2_ws/install/yahboom_rosmaster_gazebo/share/yahboom_rosmaster_gazebo/models/aws_robomaker_residential_DeskPortraitA_02/materials/textures
[0.543s] -- Up-to-date: /home/basmala/ros2_ws/install/yahboom_rosmaster_gazebo/share/yahboom_rosmaster_gazebo/models/aws_robomaker_residential_DeskPortraitA_02/materials/textures/DeskPortraitA_02.jpg
[0.543s] -- Up-to-date: /home/basmala/ros2_ws/install/yahboom_rosmaster_gazebo/share/yahboom_rosmaster_gazebo/models/aws_robomaker_residential_DeskPortraitA_02/materials/textures/aws_DeskPortraitA_01.png
[0.543s] -- Up-to-date: /home/basmala/ros2_ws/install/yahboom_rosmaster_gazebo/share/yahboom_rosmaster_gazebo/models/aws_robomaker_residential_DeskPortraitA_02/materials/textures/aws_DeskPortraitA_02.png
[0.543s] -- Up-to-date: /home/basmala/ros2_ws/install/yahboom_rosmaster_gazebo/share/yahboom_rosmaster_gazebo/models/aws_robomaker_residential_DeskPortraitA_02/meshes
[0.543s] -- Up-to-date: /home/basmala/ros2_ws/install/yahboom_rosmaster_gazebo/share/yahboom_rosmaster_gazebo/models/aws_robomaker_residential_DeskPortraitA_02/meshes/aws_DeskPortraitA_01_collision.DAE
[0.543s] -- Up-to-date: /home/basmala/ros2_ws/install/yahboom_rosmaster_gazebo/share/yahboom_rosmaster_gazebo/models/aws_robomaker_residential_DeskPortraitA_02/meshes/aws_DeskPortraitA_01_visual.DAE
[0.543s] -- Up-to-date: /home/basmala/ros2_ws/install/yahboom_rosmaster_gazebo/share/yahboom_rosmaster_gazebo/models/aws_robomaker_residential_DeskPortraitA_02/model.sdf
[0.543s] -- Up-to-date: /home/basmala/ros2_ws/install/yahboom_rosmaster_gazebo/share/yahboom_rosmaster_gazebo/models/aws_robomaker_residential_DeskPortraitA_02/model.config
[0.543s] -- Up-to-date: /home/basmala/ros2_ws/install/yahboom_rosmaster_gazebo/share/yahboom_rosmaster_gazebo/models/cheezit_big_original
[0.543s] -- Up-to-date: /home/basmala/ros2_ws/install/yahboom_rosmaster_gazebo/share/yahboom_rosmaster_gazebo/models/cheezit_big_original/meshes
[0.544s] -- Up-to-date: /home/basmala/ros2_ws/install/yahboom_rosmaster_gazebo/share/yahboom_rosmaster_gazebo/models/cheezit_big_original/meshes/cheez_tex_0.jpg
[0.544s] -- Up-to-date: /home/basmala/ros2_ws/install/yahboom_rosmaster_gazebo/share/yahboom_rosmaster_gazebo/models/cheezit_big_original/meshes/cheezit_big_original.dae
[0.544s] -- Up-to-date: /home/basmala/ros2_ws/install/yahboom_rosmaster_gazebo/share/yahboom_rosmaster_gazebo/models/cheezit_big_original/model.sdf
[0.545s] -- Up-to-date: /home/basmala/ros2_ws/install/yahboom_rosmaster_gazebo/share/yahboom_rosmaster_gazebo/models/cheezit_big_original/model.config
[0.546s] -- Up-to-date: /home/basmala/ros2_ws/install/yahboom_rosmaster_gazebo/share/yahboom_rosmaster_gazebo/models/aws_robomaker_residential_SecurityCamera_01
[0.546s] -- Up-to-date: /home/basmala/ros2_ws/install/yahboom_rosmaster_gazebo/share/yahboom_rosmaster_gazebo/models/aws_robomaker_residential_SecurityCamera_01/materials
[0.546s] -- Up-to-date: /home/basmala/ros2_ws/install/yahboom_rosmaster_gazebo/share/yahboom_rosmaster_gazebo/models/aws_robomaker_residential_SecurityCamera_01/materials/textures
[0.546s] -- Up-to-date: /home/basmala/ros2_ws/install/yahboom_rosmaster_gazebo/share/yahboom_rosmaster_gazebo/models/aws_robomaker_residential_SecurityCamera_01/materials/textures/aws_SecurityCamera_01.png
[0.546s] -- Up-to-date: /home/basmala/ros2_ws/install/yahboom_rosmaster_gazebo/share/yahboom_rosmaster_gazebo/models/aws_robomaker_residential_SecurityCamera_01/meshes
[0.546s] -- Up-to-date: /home/basmala/ros2_ws/install/yahboom_rosmaster_gazebo/share/yahboom_rosmaster_gazebo/models/aws_robomaker_residential_SecurityCamera_01/meshes/aws_SecurityCamera_01_visual.DAE
[0.546s] -- Up-to-date: /home/basmala/ros2_ws/install/yahboom_rosmaster_gazebo/share/yahboom_rosmaster_gazebo/models/aws_robomaker_residential_SecurityCamera_01/meshes/aws_SecurityCamera_01_collision.DAE
[0.546s] -- Up-to-date: /home/basmala/ros2_ws/install/yahboom_rosmaster_gazebo/share/yahboom_rosmaster_gazebo/models/aws_robomaker_residential_SecurityCamera_01/model.sdf
[0.546s] -- Up-to-date: /home/basmala/ros2_ws/install/yahboom_rosmaster_gazebo/share/yahboom_rosmaster_gazebo/models/aws_robomaker_residential_SecurityCamera_01/model.config
[0.546s] -- Up-to-date: /home/basmala/ros2_ws/install/yahboom_rosmaster_gazebo/share/yahboom_rosmaster_gazebo/models/aws_robomaker_residential_SofaB_01
[0.546s] -- Up-to-date: /home/basmala/ros2_ws/install/yahboom_rosmaster_gazebo/share/yahboom_rosmaster_gazebo/models/aws_robomaker_residential_SofaB_01/materials
[0.546s] -- Up-to-date: /home/basmala/ros2_ws/install/yahboom_rosmaster_gazebo/share/yahboom_rosmaster_gazebo/models/aws_robomaker_residential_SofaB_01/materials/textures
[0.547s] -- Up-to-date: /home/basmala/ros2_ws/install/yahboom_rosmaster_gazebo/share/yahboom_rosmaster_gazebo/models/aws_robomaker_residential_SofaB_01/materials/textures/aws_SofaB_01.png
[0.547s] -- Up-to-date: /home/basmala/ros2_ws/install/yahboom_rosmaster_gazebo/share/yahboom_rosmaster_gazebo/models/aws_robomaker_residential_SofaB_01/meshes
[0.547s] -- Up-to-date: /home/basmala/ros2_ws/install/yahboom_rosmaster_gazebo/share/yahboom_rosmaster_gazebo/models/aws_robomaker_residential_SofaB_01/meshes/aws_SofaB_01_collision.DAE
[0.547s] -- Up-to-date: /home/basmala/ros2_ws/install/yahboom_rosmaster_gazebo/share/yahboom_rosmaster_gazebo/models/aws_robomaker_residential_SofaB_01/meshes/aws_SofaB_01_visual.DAE
[0.547s] -- Up-to-date: /home/basmala/ros2_ws/install/yahboom_rosmaster_gazebo/share/yahboom_rosmaster_gazebo/models/aws_robomaker_residential_SofaB_01/model.sdf
[0.547s] -- Up-to-date: /home/basmala/ros2_ws/install/yahboom_rosmaster_gazebo/share/yahboom_rosmaster_gazebo/models/aws_robomaker_residential_SofaB_01/model.config
[0.547s] -- Up-to-date: /home/basmala/ros2_ws/install/yahboom_rosmaster_gazebo/share/yahboom_rosmaster_gazebo/models/aws_robomaker_residential_Rangehood_01
[0.547s] -- Up-to-date: /home/basmala/ros2_ws/install/yahboom_rosmaster_gazebo/share/yahboom_rosmaster_gazebo/models/aws_robomaker_residential_Rangehood_01/materials
[0.547s] -- Up-to-date: /home/basmala/ros2_ws/install/yahboom_rosmaster_gazebo/share/yahboom_rosmaster_gazebo/models/aws_robomaker_residential_Rangehood_01/materials/textures
[0.547s] -- Up-to-date: /home/basmala/ros2_ws/install/yahboom_rosmaster_gazebo/share/yahboom_rosmaster_gazebo/models/aws_robomaker_residential_Rangehood_01/materials/textures/aws_Rangehood_01.png
[0.547s] -- Up-to-date: /home/basmala/ros2_ws/install/yahboom_rosmaster_gazebo/share/yahboom_rosmaster_gazebo/models/aws_robomaker_residential_Rangehood_01/meshes
[0.547s] -- Up-to-date: /home/basmala/ros2_ws/install/yahboom_rosmaster_gazebo/share/yahboom_rosmaster_gazebo/models/aws_robomaker_residential_Rangehood_01/meshes/aws_Rangehood_01_collision.DAE
[0.549s] -- Up-to-date: /home/basmala/ros2_ws/install/yahboom_rosmaster_gazebo/share/yahboom_rosmaster_gazebo/models/aws_robomaker_residential_Rangehood_01/meshes/aws_Rangehood_01_visual.DAE
[0.549s] -- Up-to-date: /home/basmala/ros2_ws/install/yahboom_rosmaster_gazebo/share/yahboom_rosmaster_gazebo/models/aws_robomaker_residential_Rangehood_01/model.sdf
[0.549s] -- Up-to-date: /home/basmala/ros2_ws/install/yahboom_rosmaster_gazebo/share/yahboom_rosmaster_gazebo/models/aws_robomaker_residential_Rangehood_01/model.config
[0.549s] -- Up-to-date: /home/basmala/ros2_ws/install/yahboom_rosmaster_gazebo/share/yahboom_rosmaster_gazebo/models/aws_robomaker_residential_DeskPortraitC_01
[0.549s] -- Up-to-date: /home/basmala/ros2_ws/install/yahboom_rosmaster_gazebo/share/yahboom_rosmaster_gazebo/models/aws_robomaker_residential_DeskPortraitC_01/materials
[0.549s] -- Up-to-date: /home/basmala/ros2_ws/install/yahboom_rosmaster_gazebo/share/yahboom_rosmaster_gazebo/models/aws_robomaker_residential_DeskPortraitC_01/materials/textures
[0.549s] -- Up-to-date: /home/basmala/ros2_ws/install/yahboom_rosmaster_gazebo/share/yahboom_rosmaster_gazebo/models/aws_robomaker_residential_DeskPortraitC_01/materials/textures/aws_DeskPortraitC_02.png
[0.550s] -- Up-to-date: /home/basmala/ros2_ws/install/yahboom_rosmaster_gazebo/share/yahboom_rosmaster_gazebo/models/aws_robomaker_residential_DeskPortraitC_01/materials/textures/aws_DeskPortraitC_01.png
[0.550s] -- Up-to-date: /home/basmala/ros2_ws/install/yahboom_rosmaster_gazebo/share/yahboom_rosmaster_gazebo/models/aws_robomaker_residential_DeskPortraitC_01/materials/textures/DeskPortraitC_01.jpg
[0.550s] -- Up-to-date: /home/basmala/ros2_ws/install/yahboom_rosmaster_gazebo/share/yahboom_rosmaster_gazebo/models/aws_robomaker_residential_DeskPortraitC_01/meshes
[0.550s] -- Up-to-date: /home/basmala/ros2_ws/install/yahboom_rosmaster_gazebo/share/yahboom_rosmaster_gazebo/models/aws_robomaker_residential_DeskPortraitC_01/meshes/aws_DeskPortraitC_01_visual.DAE
[0.550s] -- Up-to-date: /home/basmala/ros2_ws/install/yahboom_rosmaster_gazebo/share/yahboom_rosmaster_gazebo/models/aws_robomaker_residential_DeskPortraitC_01/meshes/aws_DeskPortraitC_01_collision.DAE
[0.550s] -- Up-to-date: /home/basmala/ros2_ws/install/yahboom_rosmaster_gazebo/share/yahboom_rosmaster_gazebo/models/aws_robomaker_residential_DeskPortraitC_01/model.sdf
[0.550s] -- Up-to-date: /home/basmala/ros2_ws/install/yahboom_rosmaster_gazebo/share/yahboom_rosmaster_gazebo/models/aws_robomaker_residential_DeskPortraitC_01/model.config
[0.550s] -- Up-to-date: /home/basmala/ros2_ws/install/yahboom_rosmaster_gazebo/share/yahboom_rosmaster_gazebo/models/aws_robomaker_residential_Bed_01
[0.550s] -- Up-to-date: /home/basmala/ros2_ws/install/yahboom_rosmaster_gazebo/share/yahboom_rosmaster_gazebo/models/aws_robomaker_residential_Bed_01/materials
[0.550s] -- Up-to-date: /home/basmala/ros2_ws/install/yahboom_rosmaster_gazebo/share/yahboom_rosmaster_gazebo/models/aws_robomaker_residential_Bed_01/materials/textures
[0.550s] -- Up-to-date: /home/basmala/ros2_ws/install/yahboom_rosmaster_gazebo/share/yahboom_rosmaster_gazebo/models/aws_robomaker_residential_Bed_01/materials/textures/aws_BedB_01.png
[0.550s] -- Up-to-date: /home/basmala/ros2_ws/install/yahboom_rosmaster_gazebo/share/yahboom_rosmaster_gazebo/models/aws_robomaker_residential_Bed_01/materials/textures/aws_BedC_01.png
[0.551s] -- Up-to-date: /home/basmala/ros2_ws/install/yahboom_rosmaster_gazebo/share/yahboom_rosmaster_gazebo/models/aws_robomaker_residential_Bed_01/materials/textures/aws_BedA_01.png
[0.551s] -- Up-to-date: /home/basmala/ros2_ws/install/yahboom_rosmaster_gazebo/share/yahboom_rosmaster_gazebo/models/aws_robomaker_residential_Bed_01/materials/textures/aws_Bed_01.png
[0.551s] -- Up-to-date: /home/basmala/ros2_ws/install/yahboom_rosmaster_gazebo/share/yahboom_rosmaster_gazebo/models/aws_robomaker_residential_Bed_01/meshes
[0.551s] -- Up-to-date: /home/basmala/ros2_ws/install/yahboom_rosmaster_gazebo/share/yahboom_rosmaster_gazebo/models/aws_robomaker_residential_Bed_01/meshes/aws_Bed_01_visual.DAE
[0.551s] -- Up-to-date: /home/basmala/ros2_ws/install/yahboom_rosmaster_gazebo/share/yahboom_rosmaster_gazebo/models/aws_robomaker_residential_Bed_01/meshes/aws_Bed_01_collision.DAE
[0.551s] -- Up-to-date: /home/basmala/ros2_ws/install/yahboom_rosmaster_gazebo/share/yahboom_rosmaster_gazebo/models/aws_robomaker_residential_Bed_01/model.sdf
[0.551s] -- Up-to-date: /home/basmala/ros2_ws/install/yahboom_rosmaster_gazebo/share/yahboom_rosmaster_gazebo/models/aws_robomaker_residential_Bed_01/model.config
[0.551s] -- Up-to-date: /home/basmala/ros2_ws/install/yahboom_rosmaster_gazebo/share/yahboom_rosmaster_gazebo/models/aws_robomaker_residential_Chandelier_01
[0.551s] -- Up-to-date: /home/basmala/ros2_ws/install/yahboom_rosmaster_gazebo/share/yahboom_rosmaster_gazebo/models/aws_robomaker_residential_Chandelier_01/materials
[0.551s] -- Up-to-date: /home/basmala/ros2_ws/install/yahboom_rosmaster_gazebo/share/yahboom_rosmaster_gazebo/models/aws_robomaker_residential_Chandelier_01/materials/textures
[0.551s] -- Up-to-date: /home/basmala/ros2_ws/install/yahboom_rosmaster_gazebo/share/yahboom_rosmaster_gazebo/models/aws_robomaker_residential_Chandelier_01/materials/textures/aws_Chandelier_01.png
[0.552s] -- Up-to-date: /home/basmala/ros2_ws/install/yahboom_rosmaster_gazebo/share/yahboom_rosmaster_gazebo/models/aws_robomaker_residential_Chandelier_01/meshes
[0.552s] -- Up-to-date: /home/basmala/ros2_ws/install/yahboom_rosmaster_gazebo/share/yahboom_rosmaster_gazebo/models/aws_robomaker_residential_Chandelier_01/meshes/aws_Chandelier_01_visual.DAE
[0.552s] -- Up-to-date: /home/basmala/ros2_ws/install/yahboom_rosmaster_gazebo/share/yahboom_rosmaster_gazebo/models/aws_robomaker_residential_Chandelier_01/meshes/aws_Chandelier_01.DAE
[0.552s] -- Up-to-date: /home/basmala/ros2_ws/install/yahboom_rosmaster_gazebo/share/yahboom_rosmaster_gazebo/models/aws_robomaker_residential_Chandelier_01/meshes/aws_Chandelier_01_collision.DAE
[0.552s] -- Up-to-date: /home/basmala/ros2_ws/install/yahboom_rosmaster_gazebo/share/yahboom_rosmaster_gazebo/models/aws_robomaker_residential_Chandelier_01/model.sdf
[0.552s] -- Up-to-date: /home/basmala/ros2_ws/install/yahboom_rosmaster_gazebo/share/yahboom_rosmaster_gazebo/models/aws_robomaker_residential_Chandelier_01/model.config
[0.552s] -- Up-to-date: /home/basmala/ros2_ws/install/yahboom_rosmaster_gazebo/share/yahboom_rosmaster_gazebo/models/aws_robomaker_residential_Carpet_01
[0.552s] -- Up-to-date: /home/basmala/ros2_ws/install/yahboom_rosmaster_gazebo/share/yahboom_rosmaster_gazebo/models/aws_robomaker_residential_Carpet_01/materials
[0.553s] -- Up-to-date: /home/basmala/ros2_ws/install/yahboom_rosmaster_gazebo/share/yahboom_rosmaster_gazebo/models/aws_robomaker_residential_Carpet_01/materials/textures
[0.553s] -- Up-to-date: /home/basmala/ros2_ws/install/yahboom_rosmaster_gazebo/share/yahboom_rosmaster_gazebo/models/aws_robomaker_residential_Carpet_01/materials/textures/aws_Carpet_01.png
[0.553s] -- Up-to-date: /home/basmala/ros2_ws/install/yahboom_rosmaster_gazebo/share/yahboom_rosmaster_gazebo/models/aws_robomaker_residential_Carpet_01/meshes
[0.553s] -- Up-to-date: /home/basmala/ros2_ws/install/yahboom_rosmaster_gazebo/share/yahboom_rosmaster_gazebo/models/aws_robomaker_residential_Carpet_01/meshes/aws_Carpet_01_visual.DAE
[0.553s] -- Up-to-date: /home/basmala/ros2_ws/install/yahboom_rosmaster_gazebo/share/yahboom_rosmaster_gazebo/models/aws_robomaker_residential_Carpet_01/meshes/aws_Carpet_01_collision.DAE
[0.553s] -- Up-to-date: /home/basmala/ros2_ws/install/yahboom_rosmaster_gazebo/share/yahboom_rosmaster_gazebo/models/aws_robomaker_residential_Carpet_01/model.sdf
[0.553s] -- Up-to-date: /home/basmala/ros2_ws/install/yahboom_rosmaster_gazebo/share/yahboom_rosmaster_gazebo/models/aws_robomaker_residential_Carpet_01/model.config
[0.553s] -- Up-to-date: /home/basmala/ros2_ws/install/yahboom_rosmaster_gazebo/share/yahboom_rosmaster_gazebo/models/Apriltag36_11_00000
[0.553s] -- Up-to-date: /home/basmala/ros2_ws/install/yahboom_rosmaster_gazebo/share/yahboom_rosmaster_gazebo/models/Apriltag36_11_00000/materials
[0.553s] -- Up-to-date: /home/basmala/ros2_ws/install/yahboom_rosmaster_gazebo/share/yahboom_rosmaster_gazebo/models/Apriltag36_11_00000/materials/textures
[0.553s] -- Up-to-date: /home/basmala/ros2_ws/install/yahboom_rosmaster_gazebo/share/yahboom_rosmaster_gazebo/models/Apriltag36_11_00000/materials/textures/tag36_11_00000.png
[0.553s] -- Up-to-date: /home/basmala/ros2_ws/install/yahboom_rosmaster_gazebo/share/yahboom_rosmaster_gazebo/models/Apriltag36_11_00000/meshes
[0.554s] -- Up-to-date: /home/basmala/ros2_ws/install/yahboom_rosmaster_gazebo/share/yahboom_rosmaster_gazebo/models/Apriltag36_11_00000/meshes/tag36_11_00000.dae
[0.554s] -- Up-to-date: /home/basmala/ros2_ws/install/yahboom_rosmaster_gazebo/share/yahboom_rosmaster_gazebo/models/Apriltag36_11_00000/model.sdf
[0.554s] -- Up-to-date: /home/basmala/ros2_ws/install/yahboom_rosmaster_gazebo/share/yahboom_rosmaster_gazebo/models/Apriltag36_11_00000/model.config
[0.554s] -- Up-to-date: /home/basmala/ros2_ws/install/yahboom_rosmaster_gazebo/share/yahboom_rosmaster_gazebo/models/aws_robomaker_warehouse_GroundB_01
[0.554s] -- Up-to-date: /home/basmala/ros2_ws/install/yahboom_rosmaster_gazebo/share/yahboom_rosmaster_gazebo/models/aws_robomaker_warehouse_GroundB_01/materials
[0.554s] -- Up-to-date: /home/basmala/ros2_ws/install/yahboom_rosmaster_gazebo/share/yahboom_rosmaster_gazebo/models/aws_robomaker_warehouse_GroundB_01/materials/textures
[0.554s] -- Up-to-date: /home/basmala/ros2_ws/install/yahboom_rosmaster_gazebo/share/yahboom_rosmaster_gazebo/models/aws_robomaker_warehouse_GroundB_01/materials/textures/aws_robomaker_warehouse_GroundB_01.png
[0.554s] -- Up-to-date: /home/basmala/ros2_ws/install/yahboom_rosmaster_gazebo/share/yahboom_rosmaster_gazebo/models/aws_robomaker_warehouse_GroundB_01/materials/textures/aws_robomaker_warehouse_GroundB_02.png
[0.554s] -- Up-to-date: /home/basmala/ros2_ws/install/yahboom_rosmaster_gazebo/share/yahboom_rosmaster_gazebo/models/aws_robomaker_warehouse_GroundB_01/meshes
[0.554s] -- Up-to-date: /home/basmala/ros2_ws/install/yahboom_rosmaster_gazebo/share/yahboom_rosmaster_gazebo/models/aws_robomaker_warehouse_GroundB_01/meshes/aws_robomaker_warehouse_GroundB_01_collision.DAE
[0.555s] -- Up-to-date: /home/basmala/ros2_ws/install/yahboom_rosmaster_gazebo/share/yahboom_rosmaster_gazebo/models/aws_robomaker_warehouse_GroundB_01/meshes/aws_robomaker_warehouse_GroundB_01_visual.DAE
[0.555s] -- Up-to-date: /home/basmala/ros2_ws/install/yahboom_rosmaster_gazebo/share/yahboom_rosmaster_gazebo/models/aws_robomaker_warehouse_GroundB_01/model.sdf
[0.555s] -- Up-to-date: /home/basmala/ros2_ws/install/yahboom_rosmaster_gazebo/share/yahboom_rosmaster_gazebo/models/aws_robomaker_warehouse_GroundB_01/model.config
[0.555s] -- Up-to-date: /home/basmala/ros2_ws/install/yahboom_rosmaster_gazebo/share/yahboom_rosmaster_gazebo/models/aws_robomaker_residential_PortraitB_02
[0.555s] -- Up-to-date: /home/basmala/ros2_ws/install/yahboom_rosmaster_gazebo/share/yahboom_rosmaster_gazebo/models/aws_robomaker_residential_PortraitB_02/materials
[0.555s] -- Up-to-date: /home/basmala/ros2_ws/install/yahboom_rosmaster_gazebo/share/yahboom_rosmaster_gazebo/models/aws_robomaker_residential_PortraitB_02/materials/textures
[0.555s] -- Up-to-date: /home/basmala/ros2_ws/install/yahboom_rosmaster_gazebo/share/yahboom_rosmaster_gazebo/models/aws_robomaker_residential_PortraitB_02/materials/textures/PortraitB_02.jpg
[0.555s] -- Up-to-date: /home/basmala/ros2_ws/install/yahboom_rosmaster_gazebo/share/yahboom_rosmaster_gazebo/models/aws_robomaker_residential_PortraitB_02/materials/textures/aws_PortraitB_02.png
[0.555s] -- Up-to-date: /home/basmala/ros2_ws/install/yahboom_rosmaster_gazebo/share/yahboom_rosmaster_gazebo/models/aws_robomaker_residential_PortraitB_02/materials/textures/aws_PortraitB_01.png
[0.555s] -- Up-to-date: /home/basmala/ros2_ws/install/yahboom_rosmaster_gazebo/share/yahboom_rosmaster_gazebo/models/aws_robomaker_residential_PortraitB_02/meshes
[0.556s] -- Up-to-date: /home/basmala/ros2_ws/install/yahboom_rosmaster_gazebo/share/yahboom_rosmaster_gazebo/models/aws_robomaker_residential_PortraitB_02/meshes/aws_PortraitB_01_visual.DAE
[0.556s] -- Up-to-date: /home/basmala/ros2_ws/install/yahboom_rosmaster_gazebo/share/yahboom_rosmaster_gazebo/models/aws_robomaker_residential_PortraitB_02/meshes/aws_PortraitB_01_collision.DAE
[0.556s] -- Up-to-date: /home/basmala/ros2_ws/install/yahboom_rosmaster_gazebo/share/yahboom_rosmaster_gazebo/models/aws_robomaker_residential_PortraitB_02/model.sdf
[0.556s] -- Up-to-date: /home/basmala/ros2_ws/install/yahboom_rosmaster_gazebo/share/yahboom_rosmaster_gazebo/models/aws_robomaker_residential_PortraitB_02/model.config
[0.556s] -- Up-to-date: /home/basmala/ros2_ws/install/yahboom_rosmaster_gazebo/share/yahboom_rosmaster_gazebo/models/aws_robomaker_residential_DeskPortraitD_02
[0.556s] -- Up-to-date: /home/basmala/ros2_ws/install/yahboom_rosmaster_gazebo/share/yahboom_rosmaster_gazebo/models/aws_robomaker_residential_DeskPortraitD_02/materials
[0.556s] -- Up-to-date: /home/basmala/ros2_ws/install/yahboom_rosmaster_gazebo/share/yahboom_rosmaster_gazebo/models/aws_robomaker_residential_DeskPortraitD_02/materials/textures
[0.556s] -- Up-to-date: /home/basmala/ros2_ws/install/yahboom_rosmaster_gazebo/share/yahboom_rosmaster_gazebo/models/aws_robomaker_residential_DeskPortraitD_02/materials/textures/aws_DeskPortraitD_02.png
[0.556s] -- Up-to-date: /home/basmala/ros2_ws/install/yahboom_rosmaster_gazebo/share/yahboom_rosmaster_gazebo/models/aws_robomaker_residential_DeskPortraitD_02/materials/textures/DeskPortraitD_02.jpg
[0.556s] -- Up-to-date: /home/basmala/ros2_ws/install/yahboom_rosmaster_gazebo/share/yahboom_rosmaster_gazebo/models/aws_robomaker_residential_DeskPortraitD_02/materials/textures/aws_DeskPortraitD_01.png
[0.556s] -- Up-to-date: /home/basmala/ros2_ws/install/yahboom_rosmaster_gazebo/share/yahboom_rosmaster_gazebo/models/aws_robomaker_residential_DeskPortraitD_02/meshes
[0.557s] -- Up-to-date: /home/basmala/ros2_ws/install/yahboom_rosmaster_gazebo/share/yahboom_rosmaster_gazebo/models/aws_robomaker_residential_DeskPortraitD_02/meshes/aws_DeskPortraitD_01_visual.DAE
[0.557s] -- Up-to-date: /home/basmala/ros2_ws/install/yahboom_rosmaster_gazebo/share/yahboom_rosmaster_gazebo/models/aws_robomaker_residential_DeskPortraitD_02/meshes/aws_DeskPortraitD_01_collision.DAE
[0.557s] -- Up-to-date: /home/basmala/ros2_ws/install/yahboom_rosmaster_gazebo/share/yahboom_rosmaster_gazebo/models/aws_robomaker_residential_DeskPortraitD_02/model.sdf
[0.557s] -- Up-to-date: /home/basmala/ros2_ws/install/yahboom_rosmaster_gazebo/share/yahboom_rosmaster_gazebo/models/aws_robomaker_residential_DeskPortraitD_02/model.config
[0.557s] -- Up-to-date: /home/basmala/ros2_ws/install/yahboom_rosmaster_gazebo/share/yahboom_rosmaster_gazebo/models/aws_robomaker_residential_TV_01
[0.557s] -- Up-to-date: /home/basmala/ros2_ws/install/yahboom_rosmaster_gazebo/share/yahboom_rosmaster_gazebo/models/aws_robomaker_residential_TV_01/materials
[0.557s] -- Up-to-date: /home/basmala/ros2_ws/install/yahboom_rosmaster_gazebo/share/yahboom_rosmaster_gazebo/models/aws_robomaker_residential_TV_01/materials/textures
[0.557s] -- Up-to-date: /home/basmala/ros2_ws/install/yahboom_rosmaster_gazebo/share/yahboom_rosmaster_gazebo/models/aws_robomaker_residential_TV_01/materials/textures/aws_TV_01.png
[0.557s] -- Up-to-date: /home/basmala/ros2_ws/install/yahboom_rosmaster_gazebo/share/yahboom_rosmaster_gazebo/models/aws_robomaker_residential_TV_01/meshes
[0.557s] -- Up-to-date: /home/basmala/ros2_ws/install/yahboom_rosmaster_gazebo/share/yahboom_rosmaster_gazebo/models/aws_robomaker_residential_TV_01/meshes/aws_TV_01_collision.DAE
[0.557s] -- Up-to-date: /home/basmala/ros2_ws/install/yahboom_rosmaster_gazebo/share/yahboom_rosmaster_gazebo/models/aws_robomaker_residential_TV_01/meshes/aws_TV_01_visual.DAE
[0.557s] -- Up-to-date: /home/basmala/ros2_ws/install/yahboom_rosmaster_gazebo/share/yahboom_rosmaster_gazebo/models/aws_robomaker_residential_TV_01/model.sdf
[0.558s] -- Up-to-date: /home/basmala/ros2_ws/install/yahboom_rosmaster_gazebo/share/yahboom_rosmaster_gazebo/models/aws_robomaker_residential_TV_01/model.config
[0.558s] -- Up-to-date: /home/basmala/ros2_ws/install/yahboom_rosmaster_gazebo/share/yahboom_rosmaster_gazebo/models/aws_robomaker_residential_ChairA_01
[0.558s] -- Up-to-date: /home/basmala/ros2_ws/install/yahboom_rosmaster_gazebo/share/yahboom_rosmaster_gazebo/models/aws_robomaker_residential_ChairA_01/materials
[0.558s] -- Up-to-date: /home/basmala/ros2_ws/install/yahboom_rosmaster_gazebo/share/yahboom_rosmaster_gazebo/models/aws_robomaker_residential_ChairA_01/materials/textures
[0.558s] -- Up-to-date: /home/basmala/ros2_ws/install/yahboom_rosmaster_gazebo/share/yahboom_rosmaster_gazebo/models/aws_robomaker_residential_ChairA_01/materials/textures/aws_ChairA_01.png
[0.558s] -- Up-to-date: /home/basmala/ros2_ws/install/yahboom_rosmaster_gazebo/share/yahboom_rosmaster_gazebo/models/aws_robomaker_residential_ChairA_01/meshes
[0.558s] -- Up-to-date: /home/basmala/ros2_ws/install/yahboom_rosmaster_gazebo/share/yahboom_rosmaster_gazebo/models/aws_robomaker_residential_ChairA_01/meshes/aws_ChairA_01_collision.DAE
[0.558s] -- Up-to-date: /home/basmala/ros2_ws/install/yahboom_rosmaster_gazebo/share/yahboom_rosmaster_gazebo/models/aws_robomaker_residential_ChairA_01/meshes/aws_ChairA_01_visual.DAE
[0.558s] -- Up-to-date: /home/basmala/ros2_ws/install/yahboom_rosmaster_gazebo/share/yahboom_rosmaster_gazebo/models/aws_robomaker_residential_ChairA_01/model.sdf
[0.558s] -- Up-to-date: /home/basmala/ros2_ws/install/yahboom_rosmaster_gazebo/share/yahboom_rosmaster_gazebo/models/aws_robomaker_residential_ChairA_01/model.config
[0.559s] -- Up-to-date: /home/basmala/ros2_ws/install/yahboom_rosmaster_gazebo/share/yahboom_rosmaster_gazebo/models/ground_plane
[0.559s] -- Up-to-date: /home/basmala/ros2_ws/install/yahboom_rosmaster_gazebo/share/yahboom_rosmaster_gazebo/models/ground_plane/model-1_2.sdf
[0.559s] -- Up-to-date: /home/basmala/ros2_ws/install/yahboom_rosmaster_gazebo/share/yahboom_rosmaster_gazebo/models/ground_plane/model-1_3.sdf
[0.559s] -- Up-to-date: /home/basmala/ros2_ws/install/yahboom_rosmaster_gazebo/share/yahboom_rosmaster_gazebo/models/ground_plane/model.sdf
[0.559s] -- Up-to-date: /home/basmala/ros2_ws/install/yahboom_rosmaster_gazebo/share/yahboom_rosmaster_gazebo/models/ground_plane/model.config
[0.559s] -- Up-to-date: /home/basmala/ros2_ws/install/yahboom_rosmaster_gazebo/share/yahboom_rosmaster_gazebo/models/ground_plane/model-1_4.sdf
[0.559s] -- Up-to-date: /home/basmala/ros2_ws/install/yahboom_rosmaster_gazebo/share/yahboom_rosmaster_gazebo/models/aws_robomaker_residential_Vase_01
[0.559s] -- Up-to-date: /home/basmala/ros2_ws/install/yahboom_rosmaster_gazebo/share/yahboom_rosmaster_gazebo/models/aws_robomaker_residential_Vase_01/materials
[0.559s] -- Up-to-date: /home/basmala/ros2_ws/install/yahboom_rosmaster_gazebo/share/yahboom_rosmaster_gazebo/models/aws_robomaker_residential_Vase_01/materials/textures
[0.559s] -- Up-to-date: /home/basmala/ros2_ws/install/yahboom_rosmaster_gazebo/share/yahboom_rosmaster_gazebo/models/aws_robomaker_residential_Vase_01/materials/textures/aws_Vase_01.png
[0.559s] -- Up-to-date: /home/basmala/ros2_ws/install/yahboom_rosmaster_gazebo/share/yahboom_rosmaster_gazebo/models/aws_robomaker_residential_Vase_01/meshes
[0.559s] -- Up-to-date: /home/basmala/ros2_ws/install/yahboom_rosmaster_gazebo/share/yahboom_rosmaster_gazebo/models/aws_robomaker_residential_Vase_01/meshes/aws_Vase_01_visual.DAE
[0.560s] -- Up-to-date: /home/basmala/ros2_ws/install/yahboom_rosmaster_gazebo/share/yahboom_rosmaster_gazebo/models/aws_robomaker_residential_Vase_01/meshes/aws_Vase_01_collision.DAE
[0.560s] -- Up-to-date: /home/basmala/ros2_ws/install/yahboom_rosmaster_gazebo/share/yahboom_rosmaster_gazebo/models/aws_robomaker_residential_Vase_01/model.sdf
[0.560s] -- Up-to-date: /home/basmala/ros2_ws/install/yahboom_rosmaster_gazebo/share/yahboom_rosmaster_gazebo/models/aws_robomaker_residential_Vase_01/model.config
[0.560s] -- Up-to-date: /home/basmala/ros2_ws/install/yahboom_rosmaster_gazebo/share/yahboom_rosmaster_gazebo/models/mustard
[0.560s] -- Up-to-date: /home/basmala/ros2_ws/install/yahboom_rosmaster_gazebo/share/yahboom_rosmaster_gazebo/models/mustard/materials
[0.560s] -- Up-to-date: /home/basmala/ros2_ws/install/yahboom_rosmaster_gazebo/share/yahboom_rosmaster_gazebo/models/mustard/materials/textures
[0.560s] -- Up-to-date: /home/basmala/ros2_ws/install/yahboom_rosmaster_gazebo/share/yahboom_rosmaster_gazebo/models/mustard/materials/textures/optimized_tsdf_texture_mapped_mesh.png
[0.560s] -- Up-to-date: /home/basmala/ros2_ws/install/yahboom_rosmaster_gazebo/share/yahboom_rosmaster_gazebo/models/mustard/materials/scripts
[0.560s] -- Up-to-date: /home/basmala/ros2_ws/install/yahboom_rosmaster_gazebo/share/yahboom_rosmaster_gazebo/models/mustard/materials/scripts/mustard.material
[0.560s] -- Up-to-date: /home/basmala/ros2_ws/install/yahboom_rosmaster_gazebo/share/yahboom_rosmaster_gazebo/models/mustard/meshes
[0.560s] -- Up-to-date: /home/basmala/ros2_ws/install/yahboom_rosmaster_gazebo/share/yahboom_rosmaster_gazebo/models/mustard/meshes/mustard.dae
[0.560s] -- Up-to-date: /home/basmala/ros2_ws/install/yahboom_rosmaster_gazebo/share/yahboom_rosmaster_gazebo/models/mustard/meshes/texture_map.png
[0.561s] -- Up-to-date: /home/basmala/ros2_ws/install/yahboom_rosmaster_gazebo/share/yahboom_rosmaster_gazebo/models/mustard/model.sdf
[0.561s] -- Up-to-date: /home/basmala/ros2_ws/install/yahboom_rosmaster_gazebo/share/yahboom_rosmaster_gazebo/models/mustard/model.config
[0.561s] -- Up-to-date: /home/basmala/ros2_ws/install/yahboom_rosmaster_gazebo/share/yahboom_rosmaster_gazebo/models/aws_robomaker_warehouse_ClutteringC_01
[0.561s] -- Up-to-date: /home/basmala/ros2_ws/install/yahboom_rosmaster_gazebo/share/yahboom_rosmaster_gazebo/models/aws_robomaker_warehouse_ClutteringC_01/materials
[0.561s] -- Up-to-date: /home/basmala/ros2_ws/install/yahboom_rosmaster_gazebo/share/yahboom_rosmaster_gazebo/models/aws_robomaker_warehouse_ClutteringC_01/materials/textures
[0.561s] -- Up-to-date: /home/basmala/ros2_ws/install/yahboom_rosmaster_gazebo/share/yahboom_rosmaster_gazebo/models/aws_robomaker_warehouse_ClutteringC_01/materials/textures/aws_robomaker_warehouse_ClutteringC_01.png
[0.561s] -- Up-to-date: /home/basmala/ros2_ws/install/yahboom_rosmaster_gazebo/share/yahboom_rosmaster_gazebo/models/aws_robomaker_warehouse_ClutteringC_01/materials/textures/aws_robomaker_warehouse_ClutteringC_02.png
[0.561s] -- Up-to-date: /home/basmala/ros2_ws/install/yahboom_rosmaster_gazebo/share/yahboom_rosmaster_gazebo/models/aws_robomaker_warehouse_ClutteringC_01/meshes
[0.561s] -- Up-to-date: /home/basmala/ros2_ws/install/yahboom_rosmaster_gazebo/share/yahboom_rosmaster_gazebo/models/aws_robomaker_warehouse_ClutteringC_01/meshes/aws_robomaker_warehouse_ClutteringC_01_collision.DAE
[0.561s] -- Up-to-date: /home/basmala/ros2_ws/install/yahboom_rosmaster_gazebo/share/yahboom_rosmaster_gazebo/models/aws_robomaker_warehouse_ClutteringC_01/meshes/aws_robomaker_warehouse_ClutteringC_01_visual.DAE
[0.562s] -- Up-to-date: /home/basmala/ros2_ws/install/yahboom_rosmaster_gazebo/share/yahboom_rosmaster_gazebo/models/aws_robomaker_warehouse_ClutteringC_01/model.sdf
[0.562s] -- Up-to-date: /home/basmala/ros2_ws/install/yahboom_rosmaster_gazebo/share/yahboom_rosmaster_gazebo/models/aws_robomaker_warehouse_ClutteringC_01/model.config
[0.562s] -- Up-to-date: /home/basmala/ros2_ws/install/yahboom_rosmaster_gazebo/share/yahboom_rosmaster_gazebo/models/aws_robomaker_warehouse_WallB_01
[0.562s] -- Up-to-date: /home/basmala/ros2_ws/install/yahboom_rosmaster_gazebo/share/yahboom_rosmaster_gazebo/models/aws_robomaker_warehouse_WallB_01/materials
[0.562s] -- Up-to-date: /home/basmala/ros2_ws/install/yahboom_rosmaster_gazebo/share/yahboom_rosmaster_gazebo/models/aws_robomaker_warehouse_WallB_01/materials/textures
[0.562s] -- Up-to-date: /home/basmala/ros2_ws/install/yahboom_rosmaster_gazebo/share/yahboom_rosmaster_gazebo/models/aws_robomaker_warehouse_WallB_01/materials/textures/aws_robomaker_warehouse_WallB_01.png
[0.562s] -- Up-to-date: /home/basmala/ros2_ws/install/yahboom_rosmaster_gazebo/share/yahboom_rosmaster_gazebo/models/aws_robomaker_warehouse_WallB_01/meshes
[0.562s] -- Up-to-date: /home/basmala/ros2_ws/install/yahboom_rosmaster_gazebo/share/yahboom_rosmaster_gazebo/models/aws_robomaker_warehouse_WallB_01/meshes/aws_robomaker_warehouse_WallB_01_visual.DAE
[0.562s] -- Up-to-date: /home/basmala/ros2_ws/install/yahboom_rosmaster_gazebo/share/yahboom_rosmaster_gazebo/models/aws_robomaker_warehouse_WallB_01/meshes/aws_robomaker_warehouse_WallB_01_collision.DAE
[0.562s] -- Up-to-date: /home/basmala/ros2_ws/install/yahboom_rosmaster_gazebo/share/yahboom_rosmaster_gazebo/models/aws_robomaker_warehouse_WallB_01/model.sdf
[0.562s] -- Up-to-date: /home/basmala/ros2_ws/install/yahboom_rosmaster_gazebo/share/yahboom_rosmaster_gazebo/models/aws_robomaker_warehouse_WallB_01/model.config
[0.562s] -- Up-to-date: /home/basmala/ros2_ws/install/yahboom_rosmaster_gazebo/share/yahboom_rosmaster_gazebo/models/aws_robomaker_residential_KitchenCabinet_01
[0.562s] -- Up-to-date: /home/basmala/ros2_ws/install/yahboom_rosmaster_gazebo/share/yahboom_rosmaster_gazebo/models/aws_robomaker_residential_KitchenCabinet_01/materials
[0.562s] -- Up-to-date: /home/basmala/ros2_ws/install/yahboom_rosmaster_gazebo/share/yahboom_rosmaster_gazebo/models/aws_robomaker_residential_KitchenCabinet_01/materials/textures
[0.563s] -- Up-to-date: /home/basmala/ros2_ws/install/yahboom_rosmaster_gazebo/share/yahboom_rosmaster_gazebo/models/aws_robomaker_residential_KitchenCabinet_01/materials/textures/aws_KitchenCabinet_01.png
[0.563s] -- Up-to-date: /home/basmala/ros2_ws/install/yahboom_rosmaster_gazebo/share/yahboom_rosmaster_gazebo/models/aws_robomaker_residential_KitchenCabinet_01/meshes
[0.563s] -- Up-to-date: /home/basmala/ros2_ws/install/yahboom_rosmaster_gazebo/share/yahboom_rosmaster_gazebo/models/aws_robomaker_residential_KitchenCabinet_01/meshes/aws_KitchenCabinet_01_collision.DAE
[0.563s] -- Up-to-date: /home/basmala/ros2_ws/install/yahboom_rosmaster_gazebo/share/yahboom_rosmaster_gazebo/models/aws_robomaker_residential_KitchenCabinet_01/meshes/aws_KitchenCabinet_01_visual.DAE
[0.563s] -- Up-to-date: /home/basmala/ros2_ws/install/yahboom_rosmaster_gazebo/share/yahboom_rosmaster_gazebo/models/aws_robomaker_residential_KitchenCabinet_01/model.sdf
[0.563s] -- Up-to-date: /home/basmala/ros2_ws/install/yahboom_rosmaster_gazebo/share/yahboom_rosmaster_gazebo/models/aws_robomaker_residential_KitchenCabinet_01/model.config
[0.563s] -- Up-to-date: /home/basmala/ros2_ws/install/yahboom_rosmaster_gazebo/share/yahboom_rosmaster_gazebo/models/aws_robomaker_residential_DeskPortraitC_02
[0.563s] -- Up-to-date: /home/basmala/ros2_ws/install/yahboom_rosmaster_gazebo/share/yahboom_rosmaster_gazebo/models/aws_robomaker_residential_DeskPortraitC_02/materials
[0.563s] -- Up-to-date: /home/basmala/ros2_ws/install/yahboom_rosmaster_gazebo/share/yahboom_rosmaster_gazebo/models/aws_robomaker_residential_DeskPortraitC_02/materials/textures
[0.563s] -- Up-to-date: /home/basmala/ros2_ws/install/yahboom_rosmaster_gazebo/share/yahboom_rosmaster_gazebo/models/aws_robomaker_residential_DeskPortraitC_02/materials/textures/aws_DeskPortraitC_02.png
[0.563s] -- Up-to-date: /home/basmala/ros2_ws/install/yahboom_rosmaster_gazebo/share/yahboom_rosmaster_gazebo/models/aws_robomaker_residential_DeskPortraitC_02/materials/textures/aws_DeskPortraitC_01.png
[0.564s] -- Up-to-date: /home/basmala/ros2_ws/install/yahboom_rosmaster_gazebo/share/yahboom_rosmaster_gazebo/models/aws_robomaker_residential_DeskPortraitC_02/materials/textures/DeskPortraitC_02.jpg
[0.564s] -- Up-to-date: /home/basmala/ros2_ws/install/yahboom_rosmaster_gazebo/share/yahboom_rosmaster_gazebo/models/aws_robomaker_residential_DeskPortraitC_02/meshes
[0.564s] -- Up-to-date: /home/basmala/ros2_ws/install/yahboom_rosmaster_gazebo/share/yahboom_rosmaster_gazebo/models/aws_robomaker_residential_DeskPortraitC_02/meshes/aws_DeskPortraitC_01_visual.DAE
[0.564s] -- Up-to-date: /home/basmala/ros2_ws/install/yahboom_rosmaster_gazebo/share/yahboom_rosmaster_gazebo/models/aws_robomaker_residential_DeskPortraitC_02/meshes/aws_DeskPortraitC_01_collision.DAE
[0.564s] -- Up-to-date: /home/basmala/ros2_ws/install/yahboom_rosmaster_gazebo/share/yahboom_rosmaster_gazebo/models/aws_robomaker_residential_DeskPortraitC_02/model.sdf
[0.564s] -- Up-to-date: /home/basmala/ros2_ws/install/yahboom_rosmaster_gazebo/share/yahboom_rosmaster_gazebo/models/aws_robomaker_residential_DeskPortraitC_02/model.config
[0.564s] -- Up-to-date: /home/basmala/ros2_ws/install/yahboom_rosmaster_gazebo/share/yahboom_rosmaster_gazebo/models/sun
[0.564s] -- Up-to-date: /home/basmala/ros2_ws/install/yahboom_rosmaster_gazebo/share/yahboom_rosmaster_gazebo/models/sun/model-1_2.sdf
[0.564s] -- Up-to-date: /home/basmala/ros2_ws/install/yahboom_rosmaster_gazebo/share/yahboom_rosmaster_gazebo/models/sun/model-1_3.sdf
[0.564s] -- Up-to-date: /home/basmala/ros2_ws/install/yahboom_rosmaster_gazebo/share/yahboom_rosmaster_gazebo/models/sun/model.sdf
[0.564s] -- Up-to-date: /home/basmala/ros2_ws/install/yahboom_rosmaster_gazebo/share/yahboom_rosmaster_gazebo/models/sun/model.config
[0.564s] -- Up-to-date: /home/basmala/ros2_ws/install/yahboom_rosmaster_gazebo/share/yahboom_rosmaster_gazebo/models/sun/model-1_4.sdf
[0.564s] -- Up-to-date: /home/basmala/ros2_ws/install/yahboom_rosmaster_gazebo/share/yahboom_rosmaster_gazebo/models/aws_robomaker_residential_PortraitC_01
[0.564s] -- Up-to-date: /home/basmala/ros2_ws/install/yahboom_rosmaster_gazebo/share/yahboom_rosmaster_gazebo/models/aws_robomaker_residential_PortraitC_01/materials
[0.565s] -- Up-to-date: /home/basmala/ros2_ws/install/yahboom_rosmaster_gazebo/share/yahboom_rosmaster_gazebo/models/aws_robomaker_residential_PortraitC_01/materials/textures
[0.565s] -- Up-to-date: /home/basmala/ros2_ws/install/yahboom_rosmaster_gazebo/share/yahboom_rosmaster_gazebo/models/aws_robomaker_residential_PortraitC_01/materials/textures/aws_PortraitC_02.png
[0.565s] -- Up-to-date: /home/basmala/ros2_ws/install/yahboom_rosmaster_gazebo/share/yahboom_rosmaster_gazebo/models/aws_robomaker_residential_PortraitC_01/materials/textures/PortraitC_01.jpg
[0.565s] -- Up-to-date: /home/basmala/ros2_ws/install/yahboom_rosmaster_gazebo/share/yahboom_rosmaster_gazebo/models/aws_robomaker_residential_PortraitC_01/materials/textures/aws_PortraitC_01.png
[0.565s] -- Up-to-date: /home/basmala/ros2_ws/install/yahboom_rosmaster_gazebo/share/yahboom_rosmaster_gazebo/models/aws_robomaker_residential_PortraitC_01/meshes
[0.565s] -- Up-to-date: /home/basmala/ros2_ws/install/yahboom_rosmaster_gazebo/share/yahboom_rosmaster_gazebo/models/aws_robomaker_residential_PortraitC_01/meshes/aws_PortraitC_01_collision.DAE
[0.565s] -- Up-to-date: /home/basmala/ros2_ws/install/yahboom_rosmaster_gazebo/share/yahboom_rosmaster_gazebo/models/aws_robomaker_residential_PortraitC_01/meshes/aws_PortraitC_01_visual.DAE
[0.565s] -- Up-to-date: /home/basmala/ros2_ws/install/yahboom_rosmaster_gazebo/share/yahboom_rosmaster_gazebo/models/aws_robomaker_residential_PortraitC_01/model.sdf
[0.565s] -- Up-to-date: /home/basmala/ros2_ws/install/yahboom_rosmaster_gazebo/share/yahboom_rosmaster_gazebo/models/aws_robomaker_residential_PortraitC_01/model.config
[0.565s] -- Up-to-date: /home/basmala/ros2_ws/install/yahboom_rosmaster_gazebo/share/yahboom_rosmaster_gazebo/models/aws_robomaker_residential_DeskPortraitA_01
[0.566s] -- Up-to-date: /home/basmala/ros2_ws/install/yahboom_rosmaster_gazebo/share/yahboom_rosmaster_gazebo/models/aws_robomaker_residential_DeskPortraitA_01/materials
[0.566s] -- Up-to-date: /home/basmala/ros2_ws/install/yahboom_rosmaster_gazebo/share/yahboom_rosmaster_gazebo/models/aws_robomaker_residential_DeskPortraitA_01/materials/textures
[0.566s] -- Up-to-date: /home/basmala/ros2_ws/install/yahboom_rosmaster_gazebo/share/yahboom_rosmaster_gazebo/models/aws_robomaker_residential_DeskPortraitA_01/materials/textures/DeskPortraitA_01.jpg
[0.566s] -- Up-to-date: /home/basmala/ros2_ws/install/yahboom_rosmaster_gazebo/share/yahboom_rosmaster_gazebo/models/aws_robomaker_residential_DeskPortraitA_01/materials/textures/aws_DeskPortraitA_01.png
[0.566s] -- Up-to-date: /home/basmala/ros2_ws/install/yahboom_rosmaster_gazebo/share/yahboom_rosmaster_gazebo/models/aws_robomaker_residential_DeskPortraitA_01/materials/textures/aws_DeskPortraitA_02.png
[0.566s] -- Up-to-date: /home/basmala/ros2_ws/install/yahboom_rosmaster_gazebo/share/yahboom_rosmaster_gazebo/models/aws_robomaker_residential_DeskPortraitA_01/meshes
[0.566s] -- Up-to-date: /home/basmala/ros2_ws/install/yahboom_rosmaster_gazebo/share/yahboom_rosmaster_gazebo/models/aws_robomaker_residential_DeskPortraitA_01/meshes/aws_DeskPortraitA_01_collision.DAE
[0.566s] -- Up-to-date: /home/basmala/ros2_ws/install/yahboom_rosmaster_gazebo/share/yahboom_rosmaster_gazebo/models/aws_robomaker_residential_DeskPortraitA_01/meshes/aws_DeskPortraitA_01_visual.DAE
[0.566s] -- Up-to-date: /home/basmala/ros2_ws/install/yahboom_rosmaster_gazebo/share/yahboom_rosmaster_gazebo/models/aws_robomaker_residential_DeskPortraitA_01/model.sdf
[0.566s] -- Up-to-date: /home/basmala/ros2_ws/install/yahboom_rosmaster_gazebo/share/yahboom_rosmaster_gazebo/models/aws_robomaker_residential_DeskPortraitA_01/model.config
[0.566s] -- Up-to-date: /home/basmala/ros2_ws/install/yahboom_rosmaster_gazebo/share/yahboom_rosmaster_gazebo/models/aws_robomaker_residential_Curtain_01
[0.566s] -- Up-to-date: /home/basmala/ros2_ws/install/yahboom_rosmaster_gazebo/share/yahboom_rosmaster_gazebo/models/aws_robomaker_residential_Curtain_01/materials
[0.567s] -- Up-to-date: /home/basmala/ros2_ws/install/yahboom_rosmaster_gazebo/share/yahboom_rosmaster_gazebo/models/aws_robomaker_residential_Curtain_01/materials/textures
[0.567s] -- Up-to-date: /home/basmala/ros2_ws/install/yahboom_rosmaster_gazebo/share/yahboom_rosmaster_gazebo/models/aws_robomaker_residential_Curtain_01/materials/textures/aws_Curtain_01.png
[0.567s] -- Up-to-date: /home/basmala/ros2_ws/install/yahboom_rosmaster_gazebo/share/yahboom_rosmaster_gazebo/models/aws_robomaker_residential_Curtain_01/meshes
[0.568s] -- Up-to-date: /home/basmala/ros2_ws/install/yahboom_rosmaster_gazebo/share/yahboom_rosmaster_gazebo/models/aws_robomaker_residential_Curtain_01/meshes/aws_Curtain_01_collision.DAE
[0.568s] -- Up-to-date: /home/basmala/ros2_ws/install/yahboom_rosmaster_gazebo/share/yahboom_rosmaster_gazebo/models/aws_robomaker_residential_Curtain_01/meshes/aws_Curtain_01_visual.DAE
[0.569s] -- Up-to-date: /home/basmala/ros2_ws/install/yahboom_rosmaster_gazebo/share/yahboom_rosmaster_gazebo/models/aws_robomaker_residential_Curtain_01/model.sdf
[0.569s] -- Up-to-date: /home/basmala/ros2_ws/install/yahboom_rosmaster_gazebo/share/yahboom_rosmaster_gazebo/models/aws_robomaker_residential_Curtain_01/model.config
[0.570s] -- Up-to-date: /home/basmala/ros2_ws/install/yahboom_rosmaster_gazebo/share/yahboom_rosmaster_gazebo/models/aws_robomaker_warehouse_RoofB_01
[0.570s] -- Up-to-date: /home/basmala/ros2_ws/install/yahboom_rosmaster_gazebo/share/yahboom_rosmaster_gazebo/models/aws_robomaker_warehouse_RoofB_01/materials
[0.570s] -- Up-to-date: /home/basmala/ros2_ws/install/yahboom_rosmaster_gazebo/share/yahboom_rosmaster_gazebo/models/aws_robomaker_warehouse_RoofB_01/materials/textures
[0.570s] -- Up-to-date: /home/basmala/ros2_ws/install/yahboom_rosmaster_gazebo/share/yahboom_rosmaster_gazebo/models/aws_robomaker_warehouse_RoofB_01/materials/textures/aws_robomaker_warehouse_RoofB_01.png
[0.570s] -- Up-to-date: /home/basmala/ros2_ws/install/yahboom_rosmaster_gazebo/share/yahboom_rosmaster_gazebo/models/aws_robomaker_warehouse_RoofB_01/meshes
[0.570s] -- Up-to-date: /home/basmala/ros2_ws/install/yahboom_rosmaster_gazebo/share/yahboom_rosmaster_gazebo/models/aws_robomaker_warehouse_RoofB_01/meshes/aws_robomaker_warehouse_RoofB_01_collision.DAE
[0.570s] -- Up-to-date: /home/basmala/ros2_ws/install/yahboom_rosmaster_gazebo/share/yahboom_rosmaster_gazebo/models/aws_robomaker_warehouse_RoofB_01/meshes/aws_robomaker_warehouse_RoofB_01_visual.DAE
[0.571s] -- Up-to-date: /home/basmala/ros2_ws/install/yahboom_rosmaster_gazebo/share/yahboom_rosmaster_gazebo/models/aws_robomaker_warehouse_RoofB_01/model.sdf
[0.571s] -- Up-to-date: /home/basmala/ros2_ws/install/yahboom_rosmaster_gazebo/share/yahboom_rosmaster_gazebo/models/aws_robomaker_warehouse_RoofB_01/model.config
[0.571s] -- Up-to-date: /home/basmala/ros2_ws/install/yahboom_rosmaster_gazebo/share/yahboom_rosmaster_gazebo/models/aws_robomaker_residential_FloorB_01
[0.571s] -- Up-to-date: /home/basmala/ros2_ws/install/yahboom_rosmaster_gazebo/share/yahboom_rosmaster_gazebo/models/aws_robomaker_residential_FloorB_01/materials
[0.571s] -- Up-to-date: /home/basmala/ros2_ws/install/yahboom_rosmaster_gazebo/share/yahboom_rosmaster_gazebo/models/aws_robomaker_residential_FloorB_01/materials/textures
[0.571s] -- Up-to-date: /home/basmala/ros2_ws/install/yahboom_rosmaster_gazebo/share/yahboom_rosmaster_gazebo/models/aws_robomaker_residential_FloorB_01/materials/textures/aws_FloorB_01.png
[0.571s] -- Up-to-date: /home/basmala/ros2_ws/install/yahboom_rosmaster_gazebo/share/yahboom_rosmaster_gazebo/models/aws_robomaker_residential_FloorB_01/meshes
[0.572s] -- Up-to-date: /home/basmala/ros2_ws/install/yahboom_rosmaster_gazebo/share/yahboom_rosmaster_gazebo/models/aws_robomaker_residential_FloorB_01/meshes/aws_FloorB_01_collision.DAE
[0.572s] -- Up-to-date: /home/basmala/ros2_ws/install/yahboom_rosmaster_gazebo/share/yahboom_rosmaster_gazebo/models/aws_robomaker_residential_FloorB_01/meshes/aws_FloorB_01_visual.DAE
[0.572s] -- Up-to-date: /home/basmala/ros2_ws/install/yahboom_rosmaster_gazebo/share/yahboom_rosmaster_gazebo/models/aws_robomaker_residential_FloorB_01/model.sdf
[0.572s] -- Up-to-date: /home/basmala/ros2_ws/install/yahboom_rosmaster_gazebo/share/yahboom_rosmaster_gazebo/models/aws_robomaker_residential_FloorB_01/model.config
[0.572s] -- Up-to-date: /home/basmala/ros2_ws/install/yahboom_rosmaster_gazebo/share/yahboom_rosmaster_gazebo/models/aws_robomaker_warehouse_ShelfF_01
[0.572s] -- Up-to-date: /home/basmala/ros2_ws/install/yahboom_rosmaster_gazebo/share/yahboom_rosmaster_gazebo/models/aws_robomaker_warehouse_ShelfF_01/materials
[0.572s] -- Up-to-date: /home/basmala/ros2_ws/install/yahboom_rosmaster_gazebo/share/yahboom_rosmaster_gazebo/models/aws_robomaker_warehouse_ShelfF_01/materials/textures
[0.572s] -- Up-to-date: /home/basmala/ros2_ws/install/yahboom_rosmaster_gazebo/share/yahboom_rosmaster_gazebo/models/aws_robomaker_warehouse_ShelfF_01/materials/textures/aws_robomaker_warehouse_ShelfF_03.png
[0.573s] -- Up-to-date: /home/basmala/ros2_ws/install/yahboom_rosmaster_gazebo/share/yahboom_rosmaster_gazebo/models/aws_robomaker_warehouse_ShelfF_01/materials/textures/aws_robomaker_warehouse_ShelfF_01.png
[0.573s] -- Up-to-date: /home/basmala/ros2_ws/install/yahboom_rosmaster_gazebo/share/yahboom_rosmaster_gazebo/models/aws_robomaker_warehouse_ShelfF_01/materials/textures/aws_robomaker_warehouse_ShelfF_02.png
[0.573s] -- Up-to-date: /home/basmala/ros2_ws/install/yahboom_rosmaster_gazebo/share/yahboom_rosmaster_gazebo/models/aws_robomaker_warehouse_ShelfF_01/meshes
[0.573s] -- Up-to-date: /home/basmala/ros2_ws/install/yahboom_rosmaster_gazebo/share/yahboom_rosmaster_gazebo/models/aws_robomaker_warehouse_ShelfF_01/meshes/aws_robomaker_warehouse_ShelfF_01_collision.DAE
[0.573s] -- Up-to-date: /home/basmala/ros2_ws/install/yahboom_rosmaster_gazebo/share/yahboom_rosmaster_gazebo/models/aws_robomaker_warehouse_ShelfF_01/meshes/aws_robomaker_warehouse_ShelfF_01_visual.DAE
[0.573s] -- Up-to-date: /home/basmala/ros2_ws/install/yahboom_rosmaster_gazebo/share/yahboom_rosmaster_gazebo/models/aws_robomaker_warehouse_ShelfF_01/model.sdf
[0.574s] -- Up-to-date: /home/basmala/ros2_ws/install/yahboom_rosmaster_gazebo/share/yahboom_rosmaster_gazebo/models/aws_robomaker_warehouse_ShelfF_01/model.config
[0.574s] -- Up-to-date: /home/basmala/ros2_ws/install/yahboom_rosmaster_gazebo/share/yahboom_rosmaster_gazebo/models/aws_robomaker_residential_DeskPortraitD_01
[0.574s] -- Up-to-date: /home/basmala/ros2_ws/install/yahboom_rosmaster_gazebo/share/yahboom_rosmaster_gazebo/models/aws_robomaker_residential_DeskPortraitD_01/materials
[0.574s] -- Up-to-date: /home/basmala/ros2_ws/install/yahboom_rosmaster_gazebo/share/yahboom_rosmaster_gazebo/models/aws_robomaker_residential_DeskPortraitD_01/materials/textures
[0.574s] -- Up-to-date: /home/basmala/ros2_ws/install/yahboom_rosmaster_gazebo/share/yahboom_rosmaster_gazebo/models/aws_robomaker_residential_DeskPortraitD_01/materials/textures/aws_DeskPortraitD_02.png
[0.574s] -- Up-to-date: /home/basmala/ros2_ws/install/yahboom_rosmaster_gazebo/share/yahboom_rosmaster_gazebo/models/aws_robomaker_residential_DeskPortraitD_01/materials/textures/DeskPortraitD_01.jpg
[0.575s] -- Up-to-date: /home/basmala/ros2_ws/install/yahboom_rosmaster_gazebo/share/yahboom_rosmaster_gazebo/models/aws_robomaker_residential_DeskPortraitD_01/materials/textures/aws_DeskPortraitD_01.png
[0.575s] -- Up-to-date: /home/basmala/ros2_ws/install/yahboom_rosmaster_gazebo/share/yahboom_rosmaster_gazebo/models/aws_robomaker_residential_DeskPortraitD_01/meshes
[0.575s] -- Up-to-date: /home/basmala/ros2_ws/install/yahboom_rosmaster_gazebo/share/yahboom_rosmaster_gazebo/models/aws_robomaker_residential_DeskPortraitD_01/meshes/aws_DeskPortraitD_01_visual.DAE
[0.575s] -- Up-to-date: /home/basmala/ros2_ws/install/yahboom_rosmaster_gazebo/share/yahboom_rosmaster_gazebo/models/aws_robomaker_residential_DeskPortraitD_01/meshes/aws_DeskPortraitD_01_collision.DAE
[0.575s] -- Up-to-date: /home/basmala/ros2_ws/install/yahboom_rosmaster_gazebo/share/yahboom_rosmaster_gazebo/models/aws_robomaker_residential_DeskPortraitD_01/model.sdf
[0.575s] -- Up-to-date: /home/basmala/ros2_ws/install/yahboom_rosmaster_gazebo/share/yahboom_rosmaster_gazebo/models/aws_robomaker_residential_DeskPortraitD_01/model.config
[0.575s] -- Up-to-date: /home/basmala/ros2_ws/install/yahboom_rosmaster_gazebo/share/yahboom_rosmaster_gazebo/models/aws_robomaker_residential_NightStand_01
[0.575s] -- Up-to-date: /home/basmala/ros2_ws/install/yahboom_rosmaster_gazebo/share/yahboom_rosmaster_gazebo/models/aws_robomaker_residential_NightStand_01/materials
[0.575s] -- Up-to-date: /home/basmala/ros2_ws/install/yahboom_rosmaster_gazebo/share/yahboom_rosmaster_gazebo/models/aws_robomaker_residential_NightStand_01/materials/textures
[0.575s] -- Up-to-date: /home/basmala/ros2_ws/install/yahboom_rosmaster_gazebo/share/yahboom_rosmaster_gazebo/models/aws_robomaker_residential_NightStand_01/materials/textures/aws_NightStand_01.png
[0.575s] -- Up-to-date: /home/basmala/ros2_ws/install/yahboom_rosmaster_gazebo/share/yahboom_rosmaster_gazebo/models/aws_robomaker_residential_NightStand_01/meshes
[0.575s] -- Up-to-date: /home/basmala/ros2_ws/install/yahboom_rosmaster_gazebo/share/yahboom_rosmaster_gazebo/models/aws_robomaker_residential_NightStand_01/meshes/aws_NightStand_01_visual.DAE
[0.575s] -- Up-to-date: /home/basmala/ros2_ws/install/yahboom_rosmaster_gazebo/share/yahboom_rosmaster_gazebo/models/aws_robomaker_residential_NightStand_01/meshes/aws_NightStand_01_collision.DAE
[0.575s] -- Up-to-date: /home/basmala/ros2_ws/install/yahboom_rosmaster_gazebo/share/yahboom_rosmaster_gazebo/models/aws_robomaker_residential_NightStand_01/model.sdf
[0.575s] -- Up-to-date: /home/basmala/ros2_ws/install/yahboom_rosmaster_gazebo/share/yahboom_rosmaster_gazebo/models/aws_robomaker_residential_NightStand_01/model.config
[0.576s] -- Up-to-date: /home/basmala/ros2_ws/install/yahboom_rosmaster_gazebo/share/yahboom_rosmaster_gazebo/models/aws_robomaker_residential_TVCabinet_01
[0.576s] -- Up-to-date: /home/basmala/ros2_ws/install/yahboom_rosmaster_gazebo/share/yahboom_rosmaster_gazebo/models/aws_robomaker_residential_TVCabinet_01/materials
[0.576s] -- Up-to-date: /home/basmala/ros2_ws/install/yahboom_rosmaster_gazebo/share/yahboom_rosmaster_gazebo/models/aws_robomaker_residential_TVCabinet_01/materials/textures
[0.576s] -- Up-to-date: /home/basmala/ros2_ws/install/yahboom_rosmaster_gazebo/share/yahboom_rosmaster_gazebo/models/aws_robomaker_residential_TVCabinet_01/materials/textures/aws_TVCabinet_01.png
[0.576s] -- Up-to-date: /home/basmala/ros2_ws/install/yahboom_rosmaster_gazebo/share/yahboom_rosmaster_gazebo/models/aws_robomaker_residential_TVCabinet_01/meshes
[0.576s] -- Up-to-date: /home/basmala/ros2_ws/install/yahboom_rosmaster_gazebo/share/yahboom_rosmaster_gazebo/models/aws_robomaker_residential_TVCabinet_01/meshes/aws_TVCabinet_01_collision.DAE
[0.576s] -- Up-to-date: /home/basmala/ros2_ws/install/yahboom_rosmaster_gazebo/share/yahboom_rosmaster_gazebo/models/aws_robomaker_residential_TVCabinet_01/meshes/aws_TVCabinet_01_visual.DAE
[0.576s] -- Up-to-date: /home/basmala/ros2_ws/install/yahboom_rosmaster_gazebo/share/yahboom_rosmaster_gazebo/models/aws_robomaker_residential_TVCabinet_01/model.sdf
[0.576s] -- Up-to-date: /home/basmala/ros2_ws/install/yahboom_rosmaster_gazebo/share/yahboom_rosmaster_gazebo/models/aws_robomaker_residential_TVCabinet_01/model.config
[0.576s] -- Up-to-date: /home/basmala/ros2_ws/install/yahboom_rosmaster_gazebo/share/yahboom_rosmaster_gazebo/models/aws_robomaker_residential_PortraitD_02
[0.576s] -- Up-to-date: /home/basmala/ros2_ws/install/yahboom_rosmaster_gazebo/share/yahboom_rosmaster_gazebo/models/aws_robomaker_residential_PortraitD_02/materials
[0.576s] -- Up-to-date: /home/basmala/ros2_ws/install/yahboom_rosmaster_gazebo/share/yahboom_rosmaster_gazebo/models/aws_robomaker_residential_PortraitD_02/materials/textures
[0.576s] -- Up-to-date: /home/basmala/ros2_ws/install/yahboom_rosmaster_gazebo/share/yahboom_rosmaster_gazebo/models/aws_robomaker_residential_PortraitD_02/materials/textures/aws_PortraitD_01.png
[0.576s] -- Up-to-date: /home/basmala/ros2_ws/install/yahboom_rosmaster_gazebo/share/yahboom_rosmaster_gazebo/models/aws_robomaker_residential_PortraitD_02/materials/textures/PortraitD_02.jpg
[0.576s] -- Up-to-date: /home/basmala/ros2_ws/install/yahboom_rosmaster_gazebo/share/yahboom_rosmaster_gazebo/models/aws_robomaker_residential_PortraitD_02/materials/textures/aws_PortraitD_02.png
[0.576s] -- Up-to-date: /home/basmala/ros2_ws/install/yahboom_rosmaster_gazebo/share/yahboom_rosmaster_gazebo/models/aws_robomaker_residential_PortraitD_02/meshes
[0.577s] -- Up-to-date: /home/basmala/ros2_ws/install/yahboom_rosmaster_gazebo/share/yahboom_rosmaster_gazebo/models/aws_robomaker_residential_PortraitD_02/meshes/aws_PortraitD_01_collision.DAE
[0.577s] -- Up-to-date: /home/basmala/ros2_ws/install/yahboom_rosmaster_gazebo/share/yahboom_rosmaster_gazebo/models/aws_robomaker_residential_PortraitD_02/meshes/aws_PortraitD_01_visual.DAE
[0.577s] -- Up-to-date: /home/basmala/ros2_ws/install/yahboom_rosmaster_gazebo/share/yahboom_rosmaster_gazebo/models/aws_robomaker_residential_PortraitD_02/model.sdf
[0.577s] -- Up-to-date: /home/basmala/ros2_ws/install/yahboom_rosmaster_gazebo/share/yahboom_rosmaster_gazebo/models/aws_robomaker_residential_PortraitD_02/model.config
[0.577s] -- Up-to-date: /home/basmala/ros2_ws/install/yahboom_rosmaster_gazebo/share/yahboom_rosmaster_gazebo/models/aws_robomaker_warehouse_Lamp_01
[0.577s] -- Up-to-date: /home/basmala/ros2_ws/install/yahboom_rosmaster_gazebo/share/yahboom_rosmaster_gazebo/models/aws_robomaker_warehouse_Lamp_01/materials
[0.577s] -- Up-to-date: /home/basmala/ros2_ws/install/yahboom_rosmaster_gazebo/share/yahboom_rosmaster_gazebo/models/aws_robomaker_warehouse_Lamp_01/materials/textures
[0.577s] -- Up-to-date: /home/basmala/ros2_ws/install/yahboom_rosmaster_gazebo/share/yahboom_rosmaster_gazebo/models/aws_robomaker_warehouse_Lamp_01/materials/textures/aws_robomaker_warehouse_Lamp_01.png
[0.577s] -- Up-to-date: /home/basmala/ros2_ws/install/yahboom_rosmaster_gazebo/share/yahboom_rosmaster_gazebo/models/aws_robomaker_warehouse_Lamp_01/meshes
[0.577s] -- Up-to-date: /home/basmala/ros2_ws/install/yahboom_rosmaster_gazebo/share/yahboom_rosmaster_gazebo/models/aws_robomaker_warehouse_Lamp_01/meshes/aws_robomaker_warehouse_Lamp_01_collision.DAE
[0.577s] -- Up-to-date: /home/basmala/ros2_ws/install/yahboom_rosmaster_gazebo/share/yahboom_rosmaster_gazebo/models/aws_robomaker_warehouse_Lamp_01/meshes/aws_robomaker_warehouse_Lamp_01_visual.DAE
[0.577s] -- Up-to-date: /home/basmala/ros2_ws/install/yahboom_rosmaster_gazebo/share/yahboom_rosmaster_gazebo/models/aws_robomaker_warehouse_Lamp_01/model.sdf
[0.577s] -- Up-to-date: /home/basmala/ros2_ws/install/yahboom_rosmaster_gazebo/share/yahboom_rosmaster_gazebo/models/aws_robomaker_warehouse_Lamp_01/model.config
[0.577s] -- Up-to-date: /home/basmala/ros2_ws/install/yahboom_rosmaster_gazebo/share/yahboom_rosmaster_gazebo/models/aws_robomaker_residential_PortraitE_01
[0.577s] -- Up-to-date: /home/basmala/ros2_ws/install/yahboom_rosmaster_gazebo/share/yahboom_rosmaster_gazebo/models/aws_robomaker_residential_PortraitE_01/materials
[0.577s] -- Up-to-date: /home/basmala/ros2_ws/install/yahboom_rosmaster_gazebo/share/yahboom_rosmaster_gazebo/models/aws_robomaker_residential_PortraitE_01/materials/textures
[0.578s] -- Up-to-date: /home/basmala/ros2_ws/install/yahboom_rosmaster_gazebo/share/yahboom_rosmaster_gazebo/models/aws_robomaker_residential_PortraitE_01/materials/textures/aws_PortraitE_02.png
[0.578s] -- Up-to-date: /home/basmala/ros2_ws/install/yahboom_rosmaster_gazebo/share/yahboom_rosmaster_gazebo/models/aws_robomaker_residential_PortraitE_01/materials/textures/PortraitE_01.jpg
[0.578s] -- Up-to-date: /home/basmala/ros2_ws/install/yahboom_rosmaster_gazebo/share/yahboom_rosmaster_gazebo/models/aws_robomaker_residential_PortraitE_01/materials/textures/aws_PortraitE_01.png
[0.578s] -- Up-to-date: /home/basmala/ros2_ws/install/yahboom_rosmaster_gazebo/share/yahboom_rosmaster_gazebo/models/aws_robomaker_residential_PortraitE_01/meshes
[0.578s] -- Up-to-date: /home/basmala/ros2_ws/install/yahboom_rosmaster_gazebo/share/yahboom_rosmaster_gazebo/models/aws_robomaker_residential_PortraitE_01/meshes/aws_PortraitE_01_collision.DAE
[0.578s] -- Up-to-date: /home/basmala/ros2_ws/install/yahboom_rosmaster_gazebo/share/yahboom_rosmaster_gazebo/models/aws_robomaker_residential_PortraitE_01/meshes/aws_PortraitE_01_visual.DAE
[0.578s] -- Up-to-date: /home/basmala/ros2_ws/install/yahboom_rosmaster_gazebo/share/yahboom_rosmaster_gazebo/models/aws_robomaker_residential_PortraitE_01/model.sdf
[0.578s] -- Up-to-date: /home/basmala/ros2_ws/install/yahboom_rosmaster_gazebo/share/yahboom_rosmaster_gazebo/models/aws_robomaker_residential_PortraitE_01/model.config
[0.578s] -- Up-to-date: /home/basmala/ros2_ws/install/yahboom_rosmaster_gazebo/share/yahboom_rosmaster_gazebo/models/aws_robomaker_residential_PortraitE_02
[0.578s] -- Up-to-date: /home/basmala/ros2_ws/install/yahboom_rosmaster_gazebo/share/yahboom_rosmaster_gazebo/models/aws_robomaker_residential_PortraitE_02/materials
[0.578s] -- Up-to-date: /home/basmala/ros2_ws/install/yahboom_rosmaster_gazebo/share/yahboom_rosmaster_gazebo/models/aws_robomaker_residential_PortraitE_02/materials/textures
[0.578s] -- Up-to-date: /home/basmala/ros2_ws/install/yahboom_rosmaster_gazebo/share/yahboom_rosmaster_gazebo/models/aws_robomaker_residential_PortraitE_02/materials/textures/aws_PortraitE_02.png
[0.578s] -- Up-to-date: /home/basmala/ros2_ws/install/yahboom_rosmaster_gazebo/share/yahboom_rosmaster_gazebo/models/aws_robomaker_residential_PortraitE_02/materials/textures/PortraitE_02.jpg
[0.578s] -- Up-to-date: /home/basmala/ros2_ws/install/yahboom_rosmaster_gazebo/share/yahboom_rosmaster_gazebo/models/aws_robomaker_residential_PortraitE_02/materials/textures/aws_PortraitE_01.png
[0.579s] -- Up-to-date: /home/basmala/ros2_ws/install/yahboom_rosmaster_gazebo/share/yahboom_rosmaster_gazebo/models/aws_robomaker_residential_PortraitE_02/meshes
[0.579s] -- Up-to-date: /home/basmala/ros2_ws/install/yahboom_rosmaster_gazebo/share/yahboom_rosmaster_gazebo/models/aws_robomaker_residential_PortraitE_02/meshes/aws_PortraitE_01_collision.DAE
[0.579s] -- Up-to-date: /home/basmala/ros2_ws/install/yahboom_rosmaster_gazebo/share/yahboom_rosmaster_gazebo/models/aws_robomaker_residential_PortraitE_02/meshes/aws_PortraitE_01_visual.DAE
[0.579s] -- Up-to-date: /home/basmala/ros2_ws/install/yahboom_rosmaster_gazebo/share/yahboom_rosmaster_gazebo/models/aws_robomaker_residential_PortraitE_02/model.sdf
[0.579s] -- Up-to-date: /home/basmala/ros2_ws/install/yahboom_rosmaster_gazebo/share/yahboom_rosmaster_gazebo/models/aws_robomaker_residential_PortraitE_02/model.config
[0.579s] -- Up-to-date: /home/basmala/ros2_ws/install/yahboom_rosmaster_gazebo/share/yahboom_rosmaster_gazebo/models/aws_robomaker_residential_ChairD_01
[0.579s] -- Up-to-date: /home/basmala/ros2_ws/install/yahboom_rosmaster_gazebo/share/yahboom_rosmaster_gazebo/models/aws_robomaker_residential_ChairD_01/materials
[0.579s] -- Up-to-date: /home/basmala/ros2_ws/install/yahboom_rosmaster_gazebo/share/yahboom_rosmaster_gazebo/models/aws_robomaker_residential_ChairD_01/materials/textures
[0.579s] -- Up-to-date: /home/basmala/ros2_ws/install/yahboom_rosmaster_gazebo/share/yahboom_rosmaster_gazebo/models/aws_robomaker_residential_ChairD_01/materials/textures/aws_ChairD_01.png
[0.579s] -- Up-to-date: /home/basmala/ros2_ws/install/yahboom_rosmaster_gazebo/share/yahboom_rosmaster_gazebo/models/aws_robomaker_residential_ChairD_01/meshes
[0.579s] -- Up-to-date: /home/basmala/ros2_ws/install/yahboom_rosmaster_gazebo/share/yahboom_rosmaster_gazebo/models/aws_robomaker_residential_ChairD_01/meshes/aws_ChairD_01_collision.DAE
[0.579s] -- Up-to-date: /home/basmala/ros2_ws/install/yahboom_rosmaster_gazebo/share/yahboom_rosmaster_gazebo/models/aws_robomaker_residential_ChairD_01/meshes/aws_ChairD_01_visual.DAE
[0.579s] -- Up-to-date: /home/basmala/ros2_ws/install/yahboom_rosmaster_gazebo/share/yahboom_rosmaster_gazebo/models/aws_robomaker_residential_ChairD_01/model.sdf
[0.580s] -- Up-to-date: /home/basmala/ros2_ws/install/yahboom_rosmaster_gazebo/share/yahboom_rosmaster_gazebo/models/aws_robomaker_residential_ChairD_01/model.config
[0.580s] -- Up-to-date: /home/basmala/ros2_ws/install/yahboom_rosmaster_gazebo/share/yahboom_rosmaster_gazebo/models/aws_robomaker_residential_HouseWallB_01
[0.580s] -- Up-to-date: /home/basmala/ros2_ws/install/yahboom_rosmaster_gazebo/share/yahboom_rosmaster_gazebo/models/aws_robomaker_residential_HouseWallB_01/materials
[0.580s] -- Up-to-date: /home/basmala/ros2_ws/install/yahboom_rosmaster_gazebo/share/yahboom_rosmaster_gazebo/models/aws_robomaker_residential_HouseWallB_01/materials/textures
[0.580s] -- Up-to-date: /home/basmala/ros2_ws/install/yahboom_rosmaster_gazebo/share/yahboom_rosmaster_gazebo/models/aws_robomaker_residential_HouseWallB_01/materials/textures/aws_HouseWallB_01.png
[0.580s] -- Up-to-date: /home/basmala/ros2_ws/install/yahboom_rosmaster_gazebo/share/yahboom_rosmaster_gazebo/models/aws_robomaker_residential_HouseWallB_01/meshes
[0.580s] -- Up-to-date: /home/basmala/ros2_ws/install/yahboom_rosmaster_gazebo/share/yahboom_rosmaster_gazebo/models/aws_robomaker_residential_HouseWallB_01/meshes/aws_HouseWallB_01_visual.DAE
[0.580s] -- Up-to-date: /home/basmala/ros2_ws/install/yahboom_rosmaster_gazebo/share/yahboom_rosmaster_gazebo/models/aws_robomaker_residential_HouseWallB_01/meshes/aws_HouseWallB_01_collision.DAE
[0.580s] -- Up-to-date: /home/basmala/ros2_ws/install/yahboom_rosmaster_gazebo/share/yahboom_rosmaster_gazebo/models/aws_robomaker_residential_HouseWallB_01/model.sdf
[0.580s] -- Up-to-date: /home/basmala/ros2_ws/install/yahboom_rosmaster_gazebo/share/yahboom_rosmaster_gazebo/models/aws_robomaker_residential_HouseWallB_01/model.config
[0.580s] -- Up-to-date: /home/basmala/ros2_ws/install/yahboom_rosmaster_gazebo/share/yahboom_rosmaster_gazebo/models/aws_robomaker_warehouse_DeskC_01
[0.580s] -- Up-to-date: /home/basmala/ros2_ws/install/yahboom_rosmaster_gazebo/share/yahboom_rosmaster_gazebo/models/aws_robomaker_warehouse_DeskC_01/materials
[0.581s] -- Up-to-date: /home/basmala/ros2_ws/install/yahboom_rosmaster_gazebo/share/yahboom_rosmaster_gazebo/models/aws_robomaker_warehouse_DeskC_01/materials/.DS_Store
[0.581s] -- Up-to-date: /home/basmala/ros2_ws/install/yahboom_rosmaster_gazebo/share/yahboom_rosmaster_gazebo/models/aws_robomaker_warehouse_DeskC_01/materials/textures
[0.581s] -- Up-to-date: /home/basmala/ros2_ws/install/yahboom_rosmaster_gazebo/share/yahboom_rosmaster_gazebo/models/aws_robomaker_warehouse_DeskC_01/materials/textures/aws_robomaker_warehouse_DeskC_01.png
[0.581s] -- Up-to-date: /home/basmala/ros2_ws/install/yahboom_rosmaster_gazebo/share/yahboom_rosmaster_gazebo/models/aws_robomaker_warehouse_DeskC_01/materials/textures/aws_robomaker_warehouse_DeskC_02.png
[0.581s] -- Up-to-date: /home/basmala/ros2_ws/install/yahboom_rosmaster_gazebo/share/yahboom_rosmaster_gazebo/models/aws_robomaker_warehouse_DeskC_01/materials/textures/aws_robomaker_warehouse_DeskC_04.png
[0.581s] -- Up-to-date: /home/basmala/ros2_ws/install/yahboom_rosmaster_gazebo/share/yahboom_rosmaster_gazebo/models/aws_robomaker_warehouse_DeskC_01/materials/textures/aws_robomaker_warehouse_DeskC_03.png
[0.581s] -- Up-to-date: /home/basmala/ros2_ws/install/yahboom_rosmaster_gazebo/share/yahboom_rosmaster_gazebo/models/aws_robomaker_warehouse_DeskC_01/materials/textures/aws_robomaker_warehouse_DeskC_03.psd
[0.581s] -- Up-to-date: /home/basmala/ros2_ws/install/yahboom_rosmaster_gazebo/share/yahboom_rosmaster_gazebo/models/aws_robomaker_warehouse_DeskC_01/meshes
[0.581s] -- Up-to-date: /home/basmala/ros2_ws/install/yahboom_rosmaster_gazebo/share/yahboom_rosmaster_gazebo/models/aws_robomaker_warehouse_DeskC_01/meshes/aws_robomaker_warehouse_DeskC_01_collision.DAE
[0.581s] -- Up-to-date: /home/basmala/ros2_ws/install/yahboom_rosmaster_gazebo/share/yahboom_rosmaster_gazebo/models/aws_robomaker_warehouse_DeskC_01/meshes/aws_robomaker_warehouse_DeskC_01_visual.DAE
[0.581s] -- Up-to-date: /home/basmala/ros2_ws/install/yahboom_rosmaster_gazebo/share/yahboom_rosmaster_gazebo/models/aws_robomaker_warehouse_DeskC_01/model.sdf
[0.581s] -- Up-to-date: /home/basmala/ros2_ws/install/yahboom_rosmaster_gazebo/share/yahboom_rosmaster_gazebo/models/aws_robomaker_warehouse_DeskC_01/model.config
[0.581s] -- Up-to-date: /home/basmala/ros2_ws/install/yahboom_rosmaster_gazebo/share/yahboom_rosmaster_gazebo/models/aws_robomaker_residential_PortraitB_03
[0.582s] -- Up-to-date: /home/basmala/ros2_ws/install/yahboom_rosmaster_gazebo/share/yahboom_rosmaster_gazebo/models/aws_robomaker_residential_PortraitB_03/materials
[0.582s] -- Up-to-date: /home/basmala/ros2_ws/install/yahboom_rosmaster_gazebo/share/yahboom_rosmaster_gazebo/models/aws_robomaker_residential_PortraitB_03/materials/textures
[0.582s] -- Up-to-date: /home/basmala/ros2_ws/install/yahboom_rosmaster_gazebo/share/yahboom_rosmaster_gazebo/models/aws_robomaker_residential_PortraitB_03/materials/textures/PortraitB_03.jpg
[0.582s] -- Up-to-date: /home/basmala/ros2_ws/install/yahboom_rosmaster_gazebo/share/yahboom_rosmaster_gazebo/models/aws_robomaker_residential_PortraitB_03/materials/textures/aws_PortraitB_02.png
[0.582s] -- Up-to-date: /home/basmala/ros2_ws/install/yahboom_rosmaster_gazebo/share/yahboom_rosmaster_gazebo/models/aws_robomaker_residential_PortraitB_03/materials/textures/aws_PortraitB_01.png
[0.582s] -- Up-to-date: /home/basmala/ros2_ws/install/yahboom_rosmaster_gazebo/share/yahboom_rosmaster_gazebo/models/aws_robomaker_residential_PortraitB_03/meshes
[0.582s] -- Up-to-date: /home/basmala/ros2_ws/install/yahboom_rosmaster_gazebo/share/yahboom_rosmaster_gazebo/models/aws_robomaker_residential_PortraitB_03/meshes/aws_PortraitB_01_visual.DAE
[0.582s] -- Up-to-date: /home/basmala/ros2_ws/install/yahboom_rosmaster_gazebo/share/yahboom_rosmaster_gazebo/models/aws_robomaker_residential_PortraitB_03/meshes/aws_PortraitB_01_collision.DAE
[0.582s] -- Up-to-date: /home/basmala/ros2_ws/install/yahboom_rosmaster_gazebo/share/yahboom_rosmaster_gazebo/models/aws_robomaker_residential_PortraitB_03/model.sdf
[0.582s] -- Up-to-date: /home/basmala/ros2_ws/install/yahboom_rosmaster_gazebo/share/yahboom_rosmaster_gazebo/models/aws_robomaker_residential_PortraitB_03/model.config
[0.582s] -- Up-to-date: /home/basmala/ros2_ws/install/yahboom_rosmaster_gazebo/share/yahboom_rosmaster_gazebo/models/aws_robomaker_residential_Sofa_01
[0.582s] -- Up-to-date: /home/basmala/ros2_ws/install/yahboom_rosmaster_gazebo/share/yahboom_rosmaster_gazebo/models/aws_robomaker_residential_Sofa_01/materials
[0.582s] -- Up-to-date: /home/basmala/ros2_ws/install/yahboom_rosmaster_gazebo/share/yahboom_rosmaster_gazebo/models/aws_robomaker_residential_Sofa_01/materials/textures
[0.582s] -- Up-to-date: /home/basmala/ros2_ws/install/yahboom_rosmaster_gazebo/share/yahboom_rosmaster_gazebo/models/aws_robomaker_residential_Sofa_01/materials/textures/aws_Sofa_01.png
[0.583s] -- Up-to-date: /home/basmala/ros2_ws/install/yahboom_rosmaster_gazebo/share/yahboom_rosmaster_gazebo/models/aws_robomaker_residential_Sofa_01/meshes
[0.583s] -- Up-to-date: /home/basmala/ros2_ws/install/yahboom_rosmaster_gazebo/share/yahboom_rosmaster_gazebo/models/aws_robomaker_residential_Sofa_01/meshes/aws_Sofa_01_collision.DAE
[0.583s] -- Up-to-date: /home/basmala/ros2_ws/install/yahboom_rosmaster_gazebo/share/yahboom_rosmaster_gazebo/models/aws_robomaker_residential_Sofa_01/meshes/aws_Sofa_01.DAE
[0.583s] -- Up-to-date: /home/basmala/ros2_ws/install/yahboom_rosmaster_gazebo/share/yahboom_rosmaster_gazebo/models/aws_robomaker_residential_Sofa_01/meshes/aws_Sofa_01_visual.DAE
[0.583s] -- Up-to-date: /home/basmala/ros2_ws/install/yahboom_rosmaster_gazebo/share/yahboom_rosmaster_gazebo/models/aws_robomaker_residential_Sofa_01/model.sdf
[0.583s] -- Up-to-date: /home/basmala/ros2_ws/install/yahboom_rosmaster_gazebo/share/yahboom_rosmaster_gazebo/models/aws_robomaker_residential_Sofa_01/model.config
[0.583s] -- Up-to-date: /home/basmala/ros2_ws/install/yahboom_rosmaster_gazebo/share/yahboom_rosmaster_gazebo/models/aws_robomaker_warehouse_ClutteringD_01
[0.583s] -- Up-to-date: /home/basmala/ros2_ws/install/yahboom_rosmaster_gazebo/share/yahboom_rosmaster_gazebo/models/aws_robomaker_warehouse_ClutteringD_01/materials
[0.583s] -- Up-to-date: /home/basmala/ros2_ws/install/yahboom_rosmaster_gazebo/share/yahboom_rosmaster_gazebo/models/aws_robomaker_warehouse_ClutteringD_01/materials/textures
[0.583s] -- Up-to-date: /home/basmala/ros2_ws/install/yahboom_rosmaster_gazebo/share/yahboom_rosmaster_gazebo/models/aws_robomaker_warehouse_ClutteringD_01/materials/textures/aws_robomaker_warehouse_ClutteringD_01.png
[0.583s] -- Up-to-date: /home/basmala/ros2_ws/install/yahboom_rosmaster_gazebo/share/yahboom_rosmaster_gazebo/models/aws_robomaker_warehouse_ClutteringD_01/materials/textures/aws_robomaker_warehouse_ClutteringD_02.png
[0.583s] -- Up-to-date: /home/basmala/ros2_ws/install/yahboom_rosmaster_gazebo/share/yahboom_rosmaster_gazebo/models/aws_robomaker_warehouse_ClutteringD_01/meshes
[0.583s] -- Up-to-date: /home/basmala/ros2_ws/install/yahboom_rosmaster_gazebo/share/yahboom_rosmaster_gazebo/models/aws_robomaker_warehouse_ClutteringD_01/meshes/aws_robomaker_warehouse_ClutteringD_01_collision.DAE
[0.583s] -- Up-to-date: /home/basmala/ros2_ws/install/yahboom_rosmaster_gazebo/share/yahboom_rosmaster_gazebo/models/aws_robomaker_warehouse_ClutteringD_01/meshes/aws_robomaker_warehouse_ClutteringD_01_visual.DAE
[0.584s] -- Up-to-date: /home/basmala/ros2_ws/install/yahboom_rosmaster_gazebo/share/yahboom_rosmaster_gazebo/models/aws_robomaker_warehouse_ClutteringD_01/model.sdf
[0.584s] -- Up-to-date: /home/basmala/ros2_ws/install/yahboom_rosmaster_gazebo/share/yahboom_rosmaster_gazebo/models/aws_robomaker_warehouse_ClutteringD_01/model.config
[0.584s] -- Up-to-date: /home/basmala/ros2_ws/install/yahboom_rosmaster_gazebo/share/yahboom_rosmaster_gazebo/models/aws_robomaker_residential_LightC_01
[0.584s] -- Up-to-date: /home/basmala/ros2_ws/install/yahboom_rosmaster_gazebo/share/yahboom_rosmaster_gazebo/models/aws_robomaker_residential_LightC_01/materials
[0.584s] -- Up-to-date: /home/basmala/ros2_ws/install/yahboom_rosmaster_gazebo/share/yahboom_rosmaster_gazebo/models/aws_robomaker_residential_LightC_01/materials/textures
[0.584s] -- Up-to-date: /home/basmala/ros2_ws/install/yahboom_rosmaster_gazebo/share/yahboom_rosmaster_gazebo/models/aws_robomaker_residential_LightC_01/materials/textures/aws_LightC_01.png
[0.584s] -- Up-to-date: /home/basmala/ros2_ws/install/yahboom_rosmaster_gazebo/share/yahboom_rosmaster_gazebo/models/aws_robomaker_residential_LightC_01/meshes
[0.585s] -- Up-to-date: /home/basmala/ros2_ws/install/yahboom_rosmaster_gazebo/share/yahboom_rosmaster_gazebo/models/aws_robomaker_residential_LightC_01/meshes/aws_LightC_01_collision.DAE
[0.585s] -- Up-to-date: /home/basmala/ros2_ws/install/yahboom_rosmaster_gazebo/share/yahboom_rosmaster_gazebo/models/aws_robomaker_residential_LightC_01/meshes/aws_LightC_01_visual.DAE
[0.585s] -- Up-to-date: /home/basmala/ros2_ws/install/yahboom_rosmaster_gazebo/share/yahboom_rosmaster_gazebo/models/aws_robomaker_residential_LightC_01/model.sdf
[0.585s] -- Up-to-date: /home/basmala/ros2_ws/install/yahboom_rosmaster_gazebo/share/yahboom_rosmaster_gazebo/models/aws_robomaker_residential_LightC_01/model.config
[0.585s] -- Up-to-date: /home/basmala/ros2_ws/install/yahboom_rosmaster_gazebo/share/yahboom_rosmaster_gazebo/models/brown_table
[0.585s] -- Up-to-date: /home/basmala/ros2_ws/install/yahboom_rosmaster_gazebo/share/yahboom_rosmaster_gazebo/models/brown_table/model.sdf
[0.585s] -- Up-to-date: /home/basmala/ros2_ws/install/yahboom_rosmaster_gazebo/share/yahboom_rosmaster_gazebo/models/brown_table/model.config
[0.586s] -- Up-to-date: /home/basmala/ros2_ws/install/yahboom_rosmaster_gazebo/share/yahboom_rosmaster_gazebo/models/cafe_table
[0.586s] -- Up-to-date: /home/basmala/ros2_ws/install/yahboom_rosmaster_gazebo/share/yahboom_rosmaster_gazebo/models/cafe_table/materials
[0.586s] -- Up-to-date: /home/basmala/ros2_ws/install/yahboom_rosmaster_gazebo/share/yahboom_rosmaster_gazebo/models/cafe_table/materials/textures
[0.586s] -- Up-to-date: /home/basmala/ros2_ws/install/yahboom_rosmaster_gazebo/share/yahboom_rosmaster_gazebo/models/cafe_table/materials/textures/Maple.jpg
[0.586s] -- Up-to-date: /home/basmala/ros2_ws/install/yahboom_rosmaster_gazebo/share/yahboom_rosmaster_gazebo/models/cafe_table/materials/textures/Wood_Floor_Dark.jpg
[0.586s] -- Up-to-date: /home/basmala/ros2_ws/install/yahboom_rosmaster_gazebo/share/yahboom_rosmaster_gazebo/models/cafe_table/meshes
[0.587s] -- Up-to-date: /home/basmala/ros2_ws/install/yahboom_rosmaster_gazebo/share/yahboom_rosmaster_gazebo/models/cafe_table/meshes/cafe_table.dae
[0.588s] -- Up-to-date: /home/basmala/ros2_ws/install/yahboom_rosmaster_gazebo/share/yahboom_rosmaster_gazebo/models/cafe_table/model.sdf
[0.588s] -- Up-to-date: /home/basmala/ros2_ws/install/yahboom_rosmaster_gazebo/share/yahboom_rosmaster_gazebo/models/cafe_table/model.config
[0.588s] -- Up-to-date: /home/basmala/ros2_ws/install/yahboom_rosmaster_gazebo/share/yahboom_rosmaster_gazebo/models/cafe_table/model-1_4.sdf
[0.588s] -- Up-to-date: /home/basmala/ros2_ws/install/yahboom_rosmaster_gazebo/share/yahboom_rosmaster_gazebo/models/aws_robomaker_residential_PortraitB_01
[0.589s] -- Up-to-date: /home/basmala/ros2_ws/install/yahboom_rosmaster_gazebo/share/yahboom_rosmaster_gazebo/models/aws_robomaker_residential_PortraitB_01/materials
[0.589s] -- Up-to-date: /home/basmala/ros2_ws/install/yahboom_rosmaster_gazebo/share/yahboom_rosmaster_gazebo/models/aws_robomaker_residential_PortraitB_01/materials/textures
[0.589s] -- Up-to-date: /home/basmala/ros2_ws/install/yahboom_rosmaster_gazebo/share/yahboom_rosmaster_gazebo/models/aws_robomaker_residential_PortraitB_01/materials/textures/aws_PortraitB_02.png
[0.589s] -- Up-to-date: /home/basmala/ros2_ws/install/yahboom_rosmaster_gazebo/share/yahboom_rosmaster_gazebo/models/aws_robomaker_residential_PortraitB_01/materials/textures/aws_PortraitB_01.png
[0.589s] -- Up-to-date: /home/basmala/ros2_ws/install/yahboom_rosmaster_gazebo/share/yahboom_rosmaster_gazebo/models/aws_robomaker_residential_PortraitB_01/materials/textures/PortraitB_01.jpg
[0.589s] -- Up-to-date: /home/basmala/ros2_ws/install/yahboom_rosmaster_gazebo/share/yahboom_rosmaster_gazebo/models/aws_robomaker_residential_PortraitB_01/meshes
[0.589s] -- Up-to-date: /home/basmala/ros2_ws/install/yahboom_rosmaster_gazebo/share/yahboom_rosmaster_gazebo/models/aws_robomaker_residential_PortraitB_01/meshes/aws_PortraitB_01_visual.DAE
[0.590s] -- Up-to-date: /home/basmala/ros2_ws/install/yahboom_rosmaster_gazebo/share/yahboom_rosmaster_gazebo/models/aws_robomaker_residential_PortraitB_01/meshes/aws_PortraitB_01_collision.DAE
[0.590s] -- Up-to-date: /home/basmala/ros2_ws/install/yahboom_rosmaster_gazebo/share/yahboom_rosmaster_gazebo/models/aws_robomaker_residential_PortraitB_01/model.sdf
[0.590s] -- Up-to-date: /home/basmala/ros2_ws/install/yahboom_rosmaster_gazebo/share/yahboom_rosmaster_gazebo/models/aws_robomaker_residential_PortraitB_01/model.config
[0.590s] -- Up-to-date: /home/basmala/ros2_ws/install/yahboom_rosmaster_gazebo/share/yahboom_rosmaster_gazebo/models/aws_robomaker_residential_KitchenTable_01
[0.590s] -- Up-to-date: /home/basmala/ros2_ws/install/yahboom_rosmaster_gazebo/share/yahboom_rosmaster_gazebo/models/aws_robomaker_residential_KitchenTable_01/materials
[0.590s] -- Up-to-date: /home/basmala/ros2_ws/install/yahboom_rosmaster_gazebo/share/yahboom_rosmaster_gazebo/models/aws_robomaker_residential_KitchenTable_01/materials/textures
[0.591s] -- Up-to-date: /home/basmala/ros2_ws/install/yahboom_rosmaster_gazebo/share/yahboom_rosmaster_gazebo/models/aws_robomaker_residential_KitchenTable_01/materials/textures/aws_KitchenTable_01.png
[0.591s] -- Up-to-date: /home/basmala/ros2_ws/install/yahboom_rosmaster_gazebo/share/yahboom_rosmaster_gazebo/models/aws_robomaker_residential_KitchenTable_01/meshes
[0.591s] -- Up-to-date: /home/basmala/ros2_ws/install/yahboom_rosmaster_gazebo/share/yahboom_rosmaster_gazebo/models/aws_robomaker_residential_KitchenTable_01/meshes/aws_KitchenTable_01_visual.DAE
[0.591s] -- Up-to-date: /home/basmala/ros2_ws/install/yahboom_rosmaster_gazebo/share/yahboom_rosmaster_gazebo/models/aws_robomaker_residential_KitchenTable_01/meshes/aws_KitchenTable_01_collision.DAE
[0.591s] -- Up-to-date: /home/basmala/ros2_ws/install/yahboom_rosmaster_gazebo/share/yahboom_rosmaster_gazebo/models/aws_robomaker_residential_KitchenTable_01/model.sdf
[0.592s] -- Up-to-date: /home/basmala/ros2_ws/install/yahboom_rosmaster_gazebo/share/yahboom_rosmaster_gazebo/models/aws_robomaker_residential_KitchenTable_01/model.config
[0.592s] -- Up-to-date: /home/basmala/ros2_ws/install/yahboom_rosmaster_gazebo/share/yahboom_rosmaster_gazebo/models/aws_robomaker_residential_BalconyTable_01
[0.592s] -- Up-to-date: /home/basmala/ros2_ws/install/yahboom_rosmaster_gazebo/share/yahboom_rosmaster_gazebo/models/aws_robomaker_residential_BalconyTable_01/materials
[0.592s] -- Up-to-date: /home/basmala/ros2_ws/install/yahboom_rosmaster_gazebo/share/yahboom_rosmaster_gazebo/models/aws_robomaker_residential_BalconyTable_01/materials/textures
[0.592s] -- Up-to-date: /home/basmala/ros2_ws/install/yahboom_rosmaster_gazebo/share/yahboom_rosmaster_gazebo/models/aws_robomaker_residential_BalconyTable_01/materials/textures/aws_BalconyTable_01.png
[0.593s] -- Up-to-date: /home/basmala/ros2_ws/install/yahboom_rosmaster_gazebo/share/yahboom_rosmaster_gazebo/models/aws_robomaker_residential_BalconyTable_01/meshes
[0.593s] -- Up-to-date: /home/basmala/ros2_ws/install/yahboom_rosmaster_gazebo/share/yahboom_rosmaster_gazebo/models/aws_robomaker_residential_BalconyTable_01/meshes/aws_BalconyTable_01_collision.DAE
[0.593s] -- Up-to-date: /home/basmala/ros2_ws/install/yahboom_rosmaster_gazebo/share/yahboom_rosmaster_gazebo/models/aws_robomaker_residential_BalconyTable_01/meshes/aws_BalconyTable_01_visual.DAE
[0.593s] -- Up-to-date: /home/basmala/ros2_ws/install/yahboom_rosmaster_gazebo/share/yahboom_rosmaster_gazebo/models/aws_robomaker_residential_BalconyTable_01/model.sdf
[0.593s] -- Up-to-date: /home/basmala/ros2_ws/install/yahboom_rosmaster_gazebo/share/yahboom_rosmaster_gazebo/models/aws_robomaker_residential_BalconyTable_01/model.config
[0.593s] -- Up-to-date: /home/basmala/ros2_ws/install/yahboom_rosmaster_gazebo/share/yahboom_rosmaster_gazebo/models/aws_robomaker_residential_Refrigerator_01
[0.594s] -- Up-to-date: /home/basmala/ros2_ws/install/yahboom_rosmaster_gazebo/share/yahboom_rosmaster_gazebo/models/aws_robomaker_residential_Refrigerator_01/materials
[0.595s] -- Up-to-date: /home/basmala/ros2_ws/install/yahboom_rosmaster_gazebo/share/yahboom_rosmaster_gazebo/models/aws_robomaker_residential_Refrigerator_01/materials/textures
[0.597s] -- Up-to-date: /home/basmala/ros2_ws/install/yahboom_rosmaster_gazebo/share/yahboom_rosmaster_gazebo/models/aws_robomaker_residential_Refrigerator_01/materials/textures/aws_Refrigerator_02.png
[0.597s] -- Up-to-date: /home/basmala/ros2_ws/install/yahboom_rosmaster_gazebo/share/yahboom_rosmaster_gazebo/models/aws_robomaker_residential_Refrigerator_01/materials/textures/aws_Refrigerator_01.png
[0.598s] -- Up-to-date: /home/basmala/ros2_ws/install/yahboom_rosmaster_gazebo/share/yahboom_rosmaster_gazebo/models/aws_robomaker_residential_Refrigerator_01/meshes
[0.598s] -- Up-to-date: /home/basmala/ros2_ws/install/yahboom_rosmaster_gazebo/share/yahboom_rosmaster_gazebo/models/aws_robomaker_residential_Refrigerator_01/meshes/aws_Refrigerator_01_collision.DAE
[0.598s] -- Up-to-date: /home/basmala/ros2_ws/install/yahboom_rosmaster_gazebo/share/yahboom_rosmaster_gazebo/models/aws_robomaker_residential_Refrigerator_01/meshes/aws_Refrigerator_01_visual.DAE
[0.598s] -- Up-to-date: /home/basmala/ros2_ws/install/yahboom_rosmaster_gazebo/share/yahboom_rosmaster_gazebo/models/aws_robomaker_residential_Refrigerator_01/meshes/aws_Refrigerator_01.DAE
[0.598s] -- Up-to-date: /home/basmala/ros2_ws/install/yahboom_rosmaster_gazebo/share/yahboom_rosmaster_gazebo/models/aws_robomaker_residential_Refrigerator_01/model.sdf
[0.599s] -- Up-to-date: /home/basmala/ros2_ws/install/yahboom_rosmaster_gazebo/share/yahboom_rosmaster_gazebo/models/aws_robomaker_residential_Refrigerator_01/model.config
[0.599s] -- Up-to-date: /home/basmala/ros2_ws/install/yahboom_rosmaster_gazebo/share/yahboom_rosmaster_gazebo/models/aws_robomaker_residential_RoomWindow_01
[0.599s] -- Up-to-date: /home/basmala/ros2_ws/install/yahboom_rosmaster_gazebo/share/yahboom_rosmaster_gazebo/models/aws_robomaker_residential_RoomWindow_01/materials
[0.599s] -- Up-to-date: /home/basmala/ros2_ws/install/yahboom_rosmaster_gazebo/share/yahboom_rosmaster_gazebo/models/aws_robomaker_residential_RoomWindow_01/materials/textures
[0.599s] -- Up-to-date: /home/basmala/ros2_ws/install/yahboom_rosmaster_gazebo/share/yahboom_rosmaster_gazebo/models/aws_robomaker_residential_RoomWindow_01/materials/textures/aws_RoomWindow_01.png
[0.599s] -- Up-to-date: /home/basmala/ros2_ws/install/yahboom_rosmaster_gazebo/share/yahboom_rosmaster_gazebo/models/aws_robomaker_residential_RoomWindow_01/meshes
[0.600s] -- Up-to-date: /home/basmala/ros2_ws/install/yahboom_rosmaster_gazebo/share/yahboom_rosmaster_gazebo/models/aws_robomaker_residential_RoomWindow_01/meshes/aws_RoomWindow_01_collision.DAE
[0.600s] -- Up-to-date: /home/basmala/ros2_ws/install/yahboom_rosmaster_gazebo/share/yahboom_rosmaster_gazebo/models/aws_robomaker_residential_RoomWindow_01/meshes/aws_RoomWindow_01_visual.DAE
[0.600s] -- Up-to-date: /home/basmala/ros2_ws/install/yahboom_rosmaster_gazebo/share/yahboom_rosmaster_gazebo/models/aws_robomaker_residential_RoomWindow_01/model.sdf
[0.600s] -- Up-to-date: /home/basmala/ros2_ws/install/yahboom_rosmaster_gazebo/share/yahboom_rosmaster_gazebo/models/aws_robomaker_residential_RoomWindow_01/model.config
[0.600s] -- Up-to-date: /home/basmala/ros2_ws/install/yahboom_rosmaster_gazebo/share/yahboom_rosmaster_gazebo/models/aws_robomaker_residential_SeasoningBox_01
[0.600s] -- Up-to-date: /home/basmala/ros2_ws/install/yahboom_rosmaster_gazebo/share/yahboom_rosmaster_gazebo/models/aws_robomaker_residential_SeasoningBox_01/materials
[0.600s] -- Up-to-date: /home/basmala/ros2_ws/install/yahboom_rosmaster_gazebo/share/yahboom_rosmaster_gazebo/models/aws_robomaker_residential_SeasoningBox_01/materials/textures
[0.600s] -- Up-to-date: /home/basmala/ros2_ws/install/yahboom_rosmaster_gazebo/share/yahboom_rosmaster_gazebo/models/aws_robomaker_residential_SeasoningBox_01/materials/textures/aws_SeasoningBox_01.png
[0.601s] -- Up-to-date: /home/basmala/ros2_ws/install/yahboom_rosmaster_gazebo/share/yahboom_rosmaster_gazebo/models/aws_robomaker_residential_SeasoningBox_01/meshes
[0.601s] -- Up-to-date: /home/basmala/ros2_ws/install/yahboom_rosmaster_gazebo/share/yahboom_rosmaster_gazebo/models/aws_robomaker_residential_SeasoningBox_01/meshes/aws_SeasoningBox_01_visual.DAE
[0.601s] -- Up-to-date: /home/basmala/ros2_ws/install/yahboom_rosmaster_gazebo/share/yahboom_rosmaster_gazebo/models/aws_robomaker_residential_SeasoningBox_01/meshes/aws_SeasoningBox_01_collision.DAE
[0.601s] -- Up-to-date: /home/basmala/ros2_ws/install/yahboom_rosmaster_gazebo/share/yahboom_rosmaster_gazebo/models/aws_robomaker_residential_SeasoningBox_01/model.sdf
[0.601s] -- Up-to-date: /home/basmala/ros2_ws/install/yahboom_rosmaster_gazebo/share/yahboom_rosmaster_gazebo/models/aws_robomaker_residential_SeasoningBox_01/model.config
[0.601s] -- Up-to-date: /home/basmala/ros2_ws/install/yahboom_rosmaster_gazebo/share/yahboom_rosmaster_gazebo/models/aws_robomaker_residential_FoldingDoor_02
[0.601s] -- Up-to-date: /home/basmala/ros2_ws/install/yahboom_rosmaster_gazebo/share/yahboom_rosmaster_gazebo/models/aws_robomaker_residential_FoldingDoor_02/materials
[0.601s] -- Up-to-date: /home/basmala/ros2_ws/install/yahboom_rosmaster_gazebo/share/yahboom_rosmaster_gazebo/models/aws_robomaker_residential_FoldingDoor_02/materials/textures
[0.602s] -- Up-to-date: /home/basmala/ros2_ws/install/yahboom_rosmaster_gazebo/share/yahboom_rosmaster_gazebo/models/aws_robomaker_residential_FoldingDoor_02/materials/textures/aws_FoldingDoor_02.png
[0.602s] -- Up-to-date: /home/basmala/ros2_ws/install/yahboom_rosmaster_gazebo/share/yahboom_rosmaster_gazebo/models/aws_robomaker_residential_FoldingDoor_02/meshes
[0.602s] -- Up-to-date: /home/basmala/ros2_ws/install/yahboom_rosmaster_gazebo/share/yahboom_rosmaster_gazebo/models/aws_robomaker_residential_FoldingDoor_02/meshes/aws_FoldingDoor_02_visual.DAE
[0.602s] -- Up-to-date: /home/basmala/ros2_ws/install/yahboom_rosmaster_gazebo/share/yahboom_rosmaster_gazebo/models/aws_robomaker_residential_FoldingDoor_02/meshes/aws_FoldingDoor_02_collision.DAE
[0.602s] -- Up-to-date: /home/basmala/ros2_ws/install/yahboom_rosmaster_gazebo/share/yahboom_rosmaster_gazebo/models/aws_robomaker_residential_FoldingDoor_02/model.sdf
[0.603s] -- Up-to-date: /home/basmala/ros2_ws/install/yahboom_rosmaster_gazebo/share/yahboom_rosmaster_gazebo/models/aws_robomaker_residential_FoldingDoor_02/model.config
[0.603s] -- Up-to-date: /home/basmala/ros2_ws/install/yahboom_rosmaster_gazebo/share/yahboom_rosmaster_gazebo/models/aws_robomaker_residential_Board_01
[0.603s] -- Up-to-date: /home/basmala/ros2_ws/install/yahboom_rosmaster_gazebo/share/yahboom_rosmaster_gazebo/models/aws_robomaker_residential_Board_01/materials
[0.603s] -- Up-to-date: /home/basmala/ros2_ws/install/yahboom_rosmaster_gazebo/share/yahboom_rosmaster_gazebo/models/aws_robomaker_residential_Board_01/materials/textures
[0.603s] -- Up-to-date: /home/basmala/ros2_ws/install/yahboom_rosmaster_gazebo/share/yahboom_rosmaster_gazebo/models/aws_robomaker_residential_Board_01/materials/textures/aws_Board_01.png
[0.603s] -- Up-to-date: /home/basmala/ros2_ws/install/yahboom_rosmaster_gazebo/share/yahboom_rosmaster_gazebo/models/aws_robomaker_residential_Board_01/meshes
[0.603s] -- Up-to-date: /home/basmala/ros2_ws/install/yahboom_rosmaster_gazebo/share/yahboom_rosmaster_gazebo/models/aws_robomaker_residential_Board_01/meshes/aws_Board_01_collision.DAE
[0.603s] -- Up-to-date: /home/basmala/ros2_ws/install/yahboom_rosmaster_gazebo/share/yahboom_rosmaster_gazebo/models/aws_robomaker_residential_Board_01/meshes/aws_Board_01_visual.DAE
[0.603s] -- Up-to-date: /home/basmala/ros2_ws/install/yahboom_rosmaster_gazebo/share/yahboom_rosmaster_gazebo/models/aws_robomaker_residential_Board_01/model.sdf
[0.603s] -- Up-to-date: /home/basmala/ros2_ws/install/yahboom_rosmaster_gazebo/share/yahboom_rosmaster_gazebo/models/aws_robomaker_residential_Board_01/model.config
[0.603s] -- Up-to-date: /home/basmala/ros2_ws/install/yahboom_rosmaster_gazebo/share/yahboom_rosmaster_gazebo/models/aws_robomaker_residential_PortraitA_02
[0.604s] -- Up-to-date: /home/basmala/ros2_ws/install/yahboom_rosmaster_gazebo/share/yahboom_rosmaster_gazebo/models/aws_robomaker_residential_PortraitA_02/materials
[0.604s] -- Up-to-date: /home/basmala/ros2_ws/install/yahboom_rosmaster_gazebo/share/yahboom_rosmaster_gazebo/models/aws_robomaker_residential_PortraitA_02/materials/textures
[0.604s] -- Up-to-date: /home/basmala/ros2_ws/install/yahboom_rosmaster_gazebo/share/yahboom_rosmaster_gazebo/models/aws_robomaker_residential_PortraitA_02/materials/textures/aws_PortraitA_01.png
[0.604s] -- Up-to-date: /home/basmala/ros2_ws/install/yahboom_rosmaster_gazebo/share/yahboom_rosmaster_gazebo/models/aws_robomaker_residential_PortraitA_02/materials/textures/aws_PortraitA_02.png
[0.604s] -- Up-to-date: /home/basmala/ros2_ws/install/yahboom_rosmaster_gazebo/share/yahboom_rosmaster_gazebo/models/aws_robomaker_residential_PortraitA_02/materials/textures/PortraitA_02.jpg
[0.604s] -- Up-to-date: /home/basmala/ros2_ws/install/yahboom_rosmaster_gazebo/share/yahboom_rosmaster_gazebo/models/aws_robomaker_residential_PortraitA_02/meshes
[0.604s] -- Up-to-date: /home/basmala/ros2_ws/install/yahboom_rosmaster_gazebo/share/yahboom_rosmaster_gazebo/models/aws_robomaker_residential_PortraitA_02/meshes/aws_PortraitA_01_collision.DAE
[0.604s] -- Up-to-date: /home/basmala/ros2_ws/install/yahboom_rosmaster_gazebo/share/yahboom_rosmaster_gazebo/models/aws_robomaker_residential_PortraitA_02/meshes/aws_PortraitA_01_visual.DAE
[0.605s] -- Up-to-date: /home/basmala/ros2_ws/install/yahboom_rosmaster_gazebo/share/yahboom_rosmaster_gazebo/models/aws_robomaker_residential_PortraitA_02/model.sdf
[0.605s] -- Up-to-date: /home/basmala/ros2_ws/install/yahboom_rosmaster_gazebo/share/yahboom_rosmaster_gazebo/models/aws_robomaker_residential_PortraitA_02/model.config
[0.605s] -- Up-to-date: /home/basmala/ros2_ws/install/yahboom_rosmaster_gazebo/share/yahboom_rosmaster_gazebo/models/aws_robomaker_residential_Ball_01
[0.605s] -- Up-to-date: /home/basmala/ros2_ws/install/yahboom_rosmaster_gazebo/share/yahboom_rosmaster_gazebo/models/aws_robomaker_residential_Ball_01/materials
[0.605s] -- Up-to-date: /home/basmala/ros2_ws/install/yahboom_rosmaster_gazebo/share/yahboom_rosmaster_gazebo/models/aws_robomaker_residential_Ball_01/materials/textures
[0.606s] -- Up-to-date: /home/basmala/ros2_ws/install/yahboom_rosmaster_gazebo/share/yahboom_rosmaster_gazebo/models/aws_robomaker_residential_Ball_01/materials/textures/aws_Ball_01.png
[0.606s] -- Up-to-date: /home/basmala/ros2_ws/install/yahboom_rosmaster_gazebo/share/yahboom_rosmaster_gazebo/models/aws_robomaker_residential_Ball_01/meshes
[0.606s] -- Up-to-date: /home/basmala/ros2_ws/install/yahboom_rosmaster_gazebo/share/yahboom_rosmaster_gazebo/models/aws_robomaker_residential_Ball_01/meshes/aws_Ball_01_collision.DAE
[0.606s] -- Up-to-date: /home/basmala/ros2_ws/install/yahboom_rosmaster_gazebo/share/yahboom_rosmaster_gazebo/models/aws_robomaker_residential_Ball_01/meshes/aws_Ball_01_visual.DAE
[0.606s] -- Up-to-date: /home/basmala/ros2_ws/install/yahboom_rosmaster_gazebo/share/yahboom_rosmaster_gazebo/models/aws_robomaker_residential_Ball_01/model.sdf
[0.606s] -- Up-to-date: /home/basmala/ros2_ws/install/yahboom_rosmaster_gazebo/share/yahboom_rosmaster_gazebo/models/aws_robomaker_residential_Ball_01/model.config
[0.606s] -- Up-to-date: /home/basmala/ros2_ws/install/yahboom_rosmaster_gazebo/share/yahboom_rosmaster_gazebo/models/aws_robomaker_residential_AirconditionerB_01
[0.606s] -- Up-to-date: /home/basmala/ros2_ws/install/yahboom_rosmaster_gazebo/share/yahboom_rosmaster_gazebo/models/aws_robomaker_residential_AirconditionerB_01/materials
[0.607s] -- Up-to-date: /home/basmala/ros2_ws/install/yahboom_rosmaster_gazebo/share/yahboom_rosmaster_gazebo/models/aws_robomaker_residential_AirconditionerB_01/materials/textures
[0.607s] -- Up-to-date: /home/basmala/ros2_ws/install/yahboom_rosmaster_gazebo/share/yahboom_rosmaster_gazebo/models/aws_robomaker_residential_AirconditionerB_01/materials/textures/aws_AirconditionerB_01.png
[0.607s] -- Up-to-date: /home/basmala/ros2_ws/install/yahboom_rosmaster_gazebo/share/yahboom_rosmaster_gazebo/models/aws_robomaker_residential_AirconditionerB_01/meshes
[0.607s] -- Up-to-date: /home/basmala/ros2_ws/install/yahboom_rosmaster_gazebo/share/yahboom_rosmaster_gazebo/models/aws_robomaker_residential_AirconditionerB_01/meshes/aws_AirconditionerB_01_collision.DAE
[0.607s] -- Up-to-date: /home/basmala/ros2_ws/install/yahboom_rosmaster_gazebo/share/yahboom_rosmaster_gazebo/models/aws_robomaker_residential_AirconditionerB_01/meshes/aws_AirconditionerB_01_visual.DAE
[0.608s] -- Up-to-date: /home/basmala/ros2_ws/install/yahboom_rosmaster_gazebo/share/yahboom_rosmaster_gazebo/models/aws_robomaker_residential_AirconditionerB_01/model.sdf
[0.608s] -- Up-to-date: /home/basmala/ros2_ws/install/yahboom_rosmaster_gazebo/share/yahboom_rosmaster_gazebo/models/aws_robomaker_residential_AirconditionerB_01/model.config
[0.608s] -- Up-to-date: /home/basmala/ros2_ws/install/yahboom_rosmaster_gazebo/share/yahboom_rosmaster_gazebo/models/aws_robomaker_residential_PortraitD_01
[0.608s] -- Up-to-date: /home/basmala/ros2_ws/install/yahboom_rosmaster_gazebo/share/yahboom_rosmaster_gazebo/models/aws_robomaker_residential_PortraitD_01/materials
[0.608s] -- Up-to-date: /home/basmala/ros2_ws/install/yahboom_rosmaster_gazebo/share/yahboom_rosmaster_gazebo/models/aws_robomaker_residential_PortraitD_01/materials/textures
[0.608s] -- Up-to-date: /home/basmala/ros2_ws/install/yahboom_rosmaster_gazebo/share/yahboom_rosmaster_gazebo/models/aws_robomaker_residential_PortraitD_01/materials/textures/aws_PortraitD_01.png
[0.608s] -- Up-to-date: /home/basmala/ros2_ws/install/yahboom_rosmaster_gazebo/share/yahboom_rosmaster_gazebo/models/aws_robomaker_residential_PortraitD_01/materials/textures/PortraitD_01.jpg
[0.608s] -- Up-to-date: /home/basmala/ros2_ws/install/yahboom_rosmaster_gazebo/share/yahboom_rosmaster_gazebo/models/aws_robomaker_residential_PortraitD_01/materials/textures/aws_PortraitD_02.png
[0.608s] -- Up-to-date: /home/basmala/ros2_ws/install/yahboom_rosmaster_gazebo/share/yahboom_rosmaster_gazebo/models/aws_robomaker_residential_PortraitD_01/meshes
[0.608s] -- Up-to-date: /home/basmala/ros2_ws/install/yahboom_rosmaster_gazebo/share/yahboom_rosmaster_gazebo/models/aws_robomaker_residential_PortraitD_01/meshes/aws_PortraitD_01_collision.DAE
[0.609s] -- Up-to-date: /home/basmala/ros2_ws/install/yahboom_rosmaster_gazebo/share/yahboom_rosmaster_gazebo/models/aws_robomaker_residential_PortraitD_01/meshes/aws_PortraitD_01_visual.DAE
[0.609s] -- Up-to-date: /home/basmala/ros2_ws/install/yahboom_rosmaster_gazebo/share/yahboom_rosmaster_gazebo/models/aws_robomaker_residential_PortraitD_01/model.sdf
[0.609s] -- Up-to-date: /home/basmala/ros2_ws/install/yahboom_rosmaster_gazebo/share/yahboom_rosmaster_gazebo/models/aws_robomaker_residential_PortraitD_01/model.config
[0.609s] -- Up-to-date: /home/basmala/ros2_ws/install/yahboom_rosmaster_gazebo/share/yahboom_rosmaster_gazebo/models/aws_robomaker_residential_FitnessEquipment_01
[0.609s] -- Up-to-date: /home/basmala/ros2_ws/install/yahboom_rosmaster_gazebo/share/yahboom_rosmaster_gazebo/models/aws_robomaker_residential_FitnessEquipment_01/materials
[0.609s] -- Up-to-date: /home/basmala/ros2_ws/install/yahboom_rosmaster_gazebo/share/yahboom_rosmaster_gazebo/models/aws_robomaker_residential_FitnessEquipment_01/materials/textures
[0.609s] -- Up-to-date: /home/basmala/ros2_ws/install/yahboom_rosmaster_gazebo/share/yahboom_rosmaster_gazebo/models/aws_robomaker_residential_FitnessEquipment_01/materials/textures/aws_FitnessEquipment_01.png
[0.609s] -- Up-to-date: /home/basmala/ros2_ws/install/yahboom_rosmaster_gazebo/share/yahboom_rosmaster_gazebo/models/aws_robomaker_residential_FitnessEquipment_01/meshes
[0.609s] -- Up-to-date: /home/basmala/ros2_ws/install/yahboom_rosmaster_gazebo/share/yahboom_rosmaster_gazebo/models/aws_robomaker_residential_FitnessEquipment_01/meshes/aws_FitnessEquipment_01_visual.DAE
[0.609s] -- Up-to-date: /home/basmala/ros2_ws/install/yahboom_rosmaster_gazebo/share/yahboom_rosmaster_gazebo/models/aws_robomaker_residential_FitnessEquipment_01/meshes/aws_FitnessEquipment_01_collision.DAE
[0.609s] -- Up-to-date: /home/basmala/ros2_ws/install/yahboom_rosmaster_gazebo/share/yahboom_rosmaster_gazebo/models/aws_robomaker_residential_FitnessEquipment_01/model.sdf
[0.609s] -- Up-to-date: /home/basmala/ros2_ws/install/yahboom_rosmaster_gazebo/share/yahboom_rosmaster_gazebo/models/aws_robomaker_residential_FitnessEquipment_01/model.config
[0.609s] -- Up-to-date: /home/basmala/ros2_ws/install/yahboom_rosmaster_gazebo/share/yahboom_rosmaster_gazebo/models/aws_robomaker_residential_FoldingDoor_01
[0.609s] -- Up-to-date: /home/basmala/ros2_ws/install/yahboom_rosmaster_gazebo/share/yahboom_rosmaster_gazebo/models/aws_robomaker_residential_FoldingDoor_01/materials
[0.610s] -- Up-to-date: /home/basmala/ros2_ws/install/yahboom_rosmaster_gazebo/share/yahboom_rosmaster_gazebo/models/aws_robomaker_residential_FoldingDoor_01/materials/textures
[0.610s] -- Up-to-date: /home/basmala/ros2_ws/install/yahboom_rosmaster_gazebo/share/yahboom_rosmaster_gazebo/models/aws_robomaker_residential_FoldingDoor_01/materials/textures/aws_FoldingDoor_01.png
[0.610s] -- Up-to-date: /home/basmala/ros2_ws/install/yahboom_rosmaster_gazebo/share/yahboom_rosmaster_gazebo/models/aws_robomaker_residential_FoldingDoor_01/meshes
[0.610s] -- Up-to-date: /home/basmala/ros2_ws/install/yahboom_rosmaster_gazebo/share/yahboom_rosmaster_gazebo/models/aws_robomaker_residential_FoldingDoor_01/meshes/aws_FoldingDoor_01_visual.DAE
[0.610s] -- Up-to-date: /home/basmala/ros2_ws/install/yahboom_rosmaster_gazebo/share/yahboom_rosmaster_gazebo/models/aws_robomaker_residential_FoldingDoor_01/meshes/aws_FoldingDoor_01_collision.DAE
[0.610s] -- Up-to-date: /home/basmala/ros2_ws/install/yahboom_rosmaster_gazebo/share/yahboom_rosmaster_gazebo/models/aws_robomaker_residential_FoldingDoor_01/model.sdf
[0.610s] -- Up-to-date: /home/basmala/ros2_ws/install/yahboom_rosmaster_gazebo/share/yahboom_rosmaster_gazebo/models/aws_robomaker_residential_FoldingDoor_01/model.config
[0.610s] -- Up-to-date: /home/basmala/ros2_ws/install/yahboom_rosmaster_gazebo/share/yahboom_rosmaster_gazebo/models/aws_robomaker_residential_DeskPortraitD_03
[0.610s] -- Up-to-date: /home/basmala/ros2_ws/install/yahboom_rosmaster_gazebo/share/yahboom_rosmaster_gazebo/models/aws_robomaker_residential_DeskPortraitD_03/materials
[0.610s] -- Up-to-date: /home/basmala/ros2_ws/install/yahboom_rosmaster_gazebo/share/yahboom_rosmaster_gazebo/models/aws_robomaker_residential_DeskPortraitD_03/materials/textures
[0.610s] -- Up-to-date: /home/basmala/ros2_ws/install/yahboom_rosmaster_gazebo/share/yahboom_rosmaster_gazebo/models/aws_robomaker_residential_DeskPortraitD_03/materials/textures/aws_DeskPortraitD_02.png
[0.610s] -- Up-to-date: /home/basmala/ros2_ws/install/yahboom_rosmaster_gazebo/share/yahboom_rosmaster_gazebo/models/aws_robomaker_residential_DeskPortraitD_03/materials/textures/DeskPortraitD_03.jpg
[0.610s] -- Up-to-date: /home/basmala/ros2_ws/install/yahboom_rosmaster_gazebo/share/yahboom_rosmaster_gazebo/models/aws_robomaker_residential_DeskPortraitD_03/materials/textures/aws_DeskPortraitD_01.png
[0.610s] -- Up-to-date: /home/basmala/ros2_ws/install/yahboom_rosmaster_gazebo/share/yahboom_rosmaster_gazebo/models/aws_robomaker_residential_DeskPortraitD_03/meshes
[0.610s] -- Up-to-date: /home/basmala/ros2_ws/install/yahboom_rosmaster_gazebo/share/yahboom_rosmaster_gazebo/models/aws_robomaker_residential_DeskPortraitD_03/meshes/aws_DeskPortraitD_01_visual.DAE
[0.610s] -- Up-to-date: /home/basmala/ros2_ws/install/yahboom_rosmaster_gazebo/share/yahboom_rosmaster_gazebo/models/aws_robomaker_residential_DeskPortraitD_03/meshes/aws_DeskPortraitD_01_collision.DAE
[0.610s] -- Up-to-date: /home/basmala/ros2_ws/install/yahboom_rosmaster_gazebo/share/yahboom_rosmaster_gazebo/models/aws_robomaker_residential_DeskPortraitD_03/model.sdf
[0.610s] -- Up-to-date: /home/basmala/ros2_ws/install/yahboom_rosmaster_gazebo/share/yahboom_rosmaster_gazebo/models/aws_robomaker_residential_DeskPortraitD_03/model.config
[0.610s] -- Up-to-date: /home/basmala/ros2_ws/install/yahboom_rosmaster_gazebo/share/yahboom_rosmaster_gazebo/models/aws_robomaker_residential_DeskPortraitD_04
[0.611s] -- Up-to-date: /home/basmala/ros2_ws/install/yahboom_rosmaster_gazebo/share/yahboom_rosmaster_gazebo/models/aws_robomaker_residential_DeskPortraitD_04/materials
[0.611s] -- Up-to-date: /home/basmala/ros2_ws/install/yahboom_rosmaster_gazebo/share/yahboom_rosmaster_gazebo/models/aws_robomaker_residential_DeskPortraitD_04/materials/textures
[0.611s] -- Up-to-date: /home/basmala/ros2_ws/install/yahboom_rosmaster_gazebo/share/yahboom_rosmaster_gazebo/models/aws_robomaker_residential_DeskPortraitD_04/materials/textures/aws_DeskPortraitD_02.png
[0.611s] -- Up-to-date: /home/basmala/ros2_ws/install/yahboom_rosmaster_gazebo/share/yahboom_rosmaster_gazebo/models/aws_robomaker_residential_DeskPortraitD_04/materials/textures/aws_DeskPortraitD_01.png
[0.611s] -- Up-to-date: /home/basmala/ros2_ws/install/yahboom_rosmaster_gazebo/share/yahboom_rosmaster_gazebo/models/aws_robomaker_residential_DeskPortraitD_04/materials/textures/DeskPortraitD_04.jpg
[0.611s] -- Up-to-date: /home/basmala/ros2_ws/install/yahboom_rosmaster_gazebo/share/yahboom_rosmaster_gazebo/models/aws_robomaker_residential_DeskPortraitD_04/meshes
[0.611s] -- Up-to-date: /home/basmala/ros2_ws/install/yahboom_rosmaster_gazebo/share/yahboom_rosmaster_gazebo/models/aws_robomaker_residential_DeskPortraitD_04/meshes/aws_DeskPortraitD_01_visual.DAE
[0.611s] -- Up-to-date: /home/basmala/ros2_ws/install/yahboom_rosmaster_gazebo/share/yahboom_rosmaster_gazebo/models/aws_robomaker_residential_DeskPortraitD_04/meshes/aws_DeskPortraitD_01_collision.DAE
[0.611s] -- Up-to-date: /home/basmala/ros2_ws/install/yahboom_rosmaster_gazebo/share/yahboom_rosmaster_gazebo/models/aws_robomaker_residential_DeskPortraitD_04/model.sdf
[0.611s] -- Up-to-date: /home/basmala/ros2_ws/install/yahboom_rosmaster_gazebo/share/yahboom_rosmaster_gazebo/models/aws_robomaker_residential_DeskPortraitD_04/model.config
[0.611s] -- Up-to-date: /home/basmala/ros2_ws/install/yahboom_rosmaster_gazebo/share/yahboom_rosmaster_gazebo/models/aws_robomaker_residential_DeskPortraitB_02
[0.611s] -- Up-to-date: /home/basmala/ros2_ws/install/yahboom_rosmaster_gazebo/share/yahboom_rosmaster_gazebo/models/aws_robomaker_residential_DeskPortraitB_02/materials
[0.611s] -- Up-to-date: /home/basmala/ros2_ws/install/yahboom_rosmaster_gazebo/share/yahboom_rosmaster_gazebo/models/aws_robomaker_residential_DeskPortraitB_02/materials/textures
[0.611s] -- Up-to-date: /home/basmala/ros2_ws/install/yahboom_rosmaster_gazebo/share/yahboom_rosmaster_gazebo/models/aws_robomaker_residential_DeskPortraitB_02/materials/textures/aws_DeskPortraitB_02.png
[0.611s] -- Up-to-date: /home/basmala/ros2_ws/install/yahboom_rosmaster_gazebo/share/yahboom_rosmaster_gazebo/models/aws_robomaker_residential_DeskPortraitB_02/materials/textures/DeskPortraitB_02.jpg
[0.611s] -- Up-to-date: /home/basmala/ros2_ws/install/yahboom_rosmaster_gazebo/share/yahboom_rosmaster_gazebo/models/aws_robomaker_residential_DeskPortraitB_02/materials/textures/aws_DeskPortraitB_01.png
[0.611s] -- Up-to-date: /home/basmala/ros2_ws/install/yahboom_rosmaster_gazebo/share/yahboom_rosmaster_gazebo/models/aws_robomaker_residential_DeskPortraitB_02/meshes
[0.612s] -- Up-to-date: /home/basmala/ros2_ws/install/yahboom_rosmaster_gazebo/share/yahboom_rosmaster_gazebo/models/aws_robomaker_residential_DeskPortraitB_02/meshes/aws_DeskPortraitB_01_collision.DAE
[0.612s] -- Up-to-date: /home/basmala/ros2_ws/install/yahboom_rosmaster_gazebo/share/yahboom_rosmaster_gazebo/models/aws_robomaker_residential_DeskPortraitB_02/meshes/aws_DeskPortraitB_01_visual.DAE
[0.612s] -- Up-to-date: /home/basmala/ros2_ws/install/yahboom_rosmaster_gazebo/share/yahboom_rosmaster_gazebo/models/aws_robomaker_residential_DeskPortraitB_02/model.sdf
[0.612s] -- Up-to-date: /home/basmala/ros2_ws/install/yahboom_rosmaster_gazebo/share/yahboom_rosmaster_gazebo/models/aws_robomaker_residential_DeskPortraitB_02/model.config
[0.612s] -- Up-to-date: /home/basmala/ros2_ws/install/yahboom_rosmaster_gazebo/share/yahboom_rosmaster_gazebo/models/aws_robomaker_warehouse_PalletJackB_01
[0.612s] -- Up-to-date: /home/basmala/ros2_ws/install/yahboom_rosmaster_gazebo/share/yahboom_rosmaster_gazebo/models/aws_robomaker_warehouse_PalletJackB_01/.DS_Store
[0.612s] -- Up-to-date: /home/basmala/ros2_ws/install/yahboom_rosmaster_gazebo/share/yahboom_rosmaster_gazebo/models/aws_robomaker_warehouse_PalletJackB_01/materials
[0.612s] -- Up-to-date: /home/basmala/ros2_ws/install/yahboom_rosmaster_gazebo/share/yahboom_rosmaster_gazebo/models/aws_robomaker_warehouse_PalletJackB_01/materials/.DS_Store
[0.612s] -- Up-to-date: /home/basmala/ros2_ws/install/yahboom_rosmaster_gazebo/share/yahboom_rosmaster_gazebo/models/aws_robomaker_warehouse_PalletJackB_01/materials/textures
[0.612s] -- Up-to-date: /home/basmala/ros2_ws/install/yahboom_rosmaster_gazebo/share/yahboom_rosmaster_gazebo/models/aws_robomaker_warehouse_PalletJackB_01/materials/textures/aws_robomaker_warehouse_PalletJackB_01.png
[0.612s] -- Up-to-date: /home/basmala/ros2_ws/install/yahboom_rosmaster_gazebo/share/yahboom_rosmaster_gazebo/models/aws_robomaker_warehouse_PalletJackB_01/materials/textures/aws_robomaker_warehouse_PalletJackB_02.png
[0.612s] -- Up-to-date: /home/basmala/ros2_ws/install/yahboom_rosmaster_gazebo/share/yahboom_rosmaster_gazebo/models/aws_robomaker_warehouse_PalletJackB_01/meshes
[0.612s] -- Up-to-date: /home/basmala/ros2_ws/install/yahboom_rosmaster_gazebo/share/yahboom_rosmaster_gazebo/models/aws_robomaker_warehouse_PalletJackB_01/meshes/aws_robomaker_warehouse_PalletJackB_01_visual.DAE
[0.612s] -- Up-to-date: /home/basmala/ros2_ws/install/yahboom_rosmaster_gazebo/share/yahboom_rosmaster_gazebo/models/aws_robomaker_warehouse_PalletJackB_01/meshes/aws_robomaker_warehouse_PalletJackB_01_collision.DAE
[0.613s] -- Up-to-date: /home/basmala/ros2_ws/install/yahboom_rosmaster_gazebo/share/yahboom_rosmaster_gazebo/models/aws_robomaker_warehouse_PalletJackB_01/model.sdf
[0.613s] -- Up-to-date: /home/basmala/ros2_ws/install/yahboom_rosmaster_gazebo/share/yahboom_rosmaster_gazebo/models/aws_robomaker_warehouse_PalletJackB_01/model.config
[0.613s] -- Up-to-date: /home/basmala/ros2_ws/install/yahboom_rosmaster_gazebo/share/yahboom_rosmaster_gazebo/models/red_cylinder
[0.613s] -- Up-to-date: /home/basmala/ros2_ws/install/yahboom_rosmaster_gazebo/share/yahboom_rosmaster_gazebo/models/red_cylinder/model.sdf
[0.613s] -- Up-to-date: /home/basmala/ros2_ws/install/yahboom_rosmaster_gazebo/share/yahboom_rosmaster_gazebo/models/red_cylinder/model.config
[0.613s] -- Up-to-date: /home/basmala/ros2_ws/install/yahboom_rosmaster_gazebo/share/yahboom_rosmaster_gazebo/models/aws_robomaker_warehouse_ClutteringA_01
[0.613s] -- Up-to-date: /home/basmala/ros2_ws/install/yahboom_rosmaster_gazebo/share/yahboom_rosmaster_gazebo/models/aws_robomaker_warehouse_ClutteringA_01/.DS_Store
[0.613s] -- Up-to-date: /home/basmala/ros2_ws/install/yahboom_rosmaster_gazebo/share/yahboom_rosmaster_gazebo/models/aws_robomaker_warehouse_ClutteringA_01/materials
[0.613s] -- Up-to-date: /home/basmala/ros2_ws/install/yahboom_rosmaster_gazebo/share/yahboom_rosmaster_gazebo/models/aws_robomaker_warehouse_ClutteringA_01/materials/.DS_Store
[0.613s] -- Up-to-date: /home/basmala/ros2_ws/install/yahboom_rosmaster_gazebo/share/yahboom_rosmaster_gazebo/models/aws_robomaker_warehouse_ClutteringA_01/materials/textures
[0.613s] -- Up-to-date: /home/basmala/ros2_ws/install/yahboom_rosmaster_gazebo/share/yahboom_rosmaster_gazebo/models/aws_robomaker_warehouse_ClutteringA_01/materials/textures/.DS_Store
[0.613s] -- Up-to-date: /home/basmala/ros2_ws/install/yahboom_rosmaster_gazebo/share/yahboom_rosmaster_gazebo/models/aws_robomaker_warehouse_ClutteringA_01/materials/textures/aws_robomaker_warehouse_ClutteringA_03.png
[0.613s] -- Up-to-date: /home/basmala/ros2_ws/install/yahboom_rosmaster_gazebo/share/yahboom_rosmaster_gazebo/models/aws_robomaker_warehouse_ClutteringA_01/materials/textures/aws_robomaker_warehouse_ClutteringA_02.png
[0.613s] -- Up-to-date: /home/basmala/ros2_ws/install/yahboom_rosmaster_gazebo/share/yahboom_rosmaster_gazebo/models/aws_robomaker_warehouse_ClutteringA_01/materials/textures/aws_robomaker_warehouse_ClutteringA_01.png
[0.613s] -- Up-to-date: /home/basmala/ros2_ws/install/yahboom_rosmaster_gazebo/share/yahboom_rosmaster_gazebo/models/aws_robomaker_warehouse_ClutteringA_01/meshes
[0.614s] -- Up-to-date: /home/basmala/ros2_ws/install/yahboom_rosmaster_gazebo/share/yahboom_rosmaster_gazebo/models/aws_robomaker_warehouse_ClutteringA_01/meshes/aws_robomaker_warehouse_ClutteringA_01_collision.DAE
[0.614s] -- Up-to-date: /home/basmala/ros2_ws/install/yahboom_rosmaster_gazebo/share/yahboom_rosmaster_gazebo/models/aws_robomaker_warehouse_ClutteringA_01/meshes/aws_robomaker_warehouse_ClutteringA_01_visual.DAE
[0.614s] -- Up-to-date: /home/basmala/ros2_ws/install/yahboom_rosmaster_gazebo/share/yahboom_rosmaster_gazebo/models/aws_robomaker_warehouse_ClutteringA_01/model.sdf
[0.614s] -- Up-to-date: /home/basmala/ros2_ws/install/yahboom_rosmaster_gazebo/share/yahboom_rosmaster_gazebo/models/aws_robomaker_warehouse_ClutteringA_01/model.config
[0.614s] -- Up-to-date: /home/basmala/ros2_ws/install/yahboom_rosmaster_gazebo/share/yahboom_rosmaster_gazebo/models/aws_robomaker_residential_RoomWall_01
[0.614s] -- Up-to-date: /home/basmala/ros2_ws/install/yahboom_rosmaster_gazebo/share/yahboom_rosmaster_gazebo/models/aws_robomaker_residential_RoomWall_01/materials
[0.614s] -- Up-to-date: /home/basmala/ros2_ws/install/yahboom_rosmaster_gazebo/share/yahboom_rosmaster_gazebo/models/aws_robomaker_residential_RoomWall_01/materials/textures
[0.614s] -- Up-to-date: /home/basmala/ros2_ws/install/yahboom_rosmaster_gazebo/share/yahboom_rosmaster_gazebo/models/aws_robomaker_residential_RoomWall_01/materials/textures/aws_RoomWall_01.png
[0.614s] -- Up-to-date: /home/basmala/ros2_ws/install/yahboom_rosmaster_gazebo/share/yahboom_rosmaster_gazebo/models/aws_robomaker_residential_RoomWall_01/meshes
[0.614s] -- Up-to-date: /home/basmala/ros2_ws/install/yahboom_rosmaster_gazebo/share/yahboom_rosmaster_gazebo/models/aws_robomaker_residential_RoomWall_01/meshes/aws_RoomWall_01_collision.DAE
[0.614s] -- Up-to-date: /home/basmala/ros2_ws/install/yahboom_rosmaster_gazebo/share/yahboom_rosmaster_gazebo/models/aws_robomaker_residential_RoomWall_01/meshes/aws_RoomWall_01_visual.DAE
[0.615s] -- Up-to-date: /home/basmala/ros2_ws/install/yahboom_rosmaster_gazebo/share/yahboom_rosmaster_gazebo/models/aws_robomaker_residential_RoomWall_01/model.sdf
[0.615s] -- Up-to-date: /home/basmala/ros2_ws/install/yahboom_rosmaster_gazebo/share/yahboom_rosmaster_gazebo/models/aws_robomaker_residential_RoomWall_01/model.config
[0.615s] -- Up-to-date: /home/basmala/ros2_ws/install/yahboom_rosmaster_gazebo/share/yahboom_rosmaster_gazebo/models/aws_robomaker_residential_SofaC_01
[0.615s] -- Up-to-date: /home/basmala/ros2_ws/install/yahboom_rosmaster_gazebo/share/yahboom_rosmaster_gazebo/models/aws_robomaker_residential_SofaC_01/materials
[0.615s] -- Up-to-date: /home/basmala/ros2_ws/install/yahboom_rosmaster_gazebo/share/yahboom_rosmaster_gazebo/models/aws_robomaker_residential_SofaC_01/materials/textures
[0.615s] -- Up-to-date: /home/basmala/ros2_ws/install/yahboom_rosmaster_gazebo/share/yahboom_rosmaster_gazebo/models/aws_robomaker_residential_SofaC_01/materials/textures/aws_SofaC_01.png
[0.615s] -- Up-to-date: /home/basmala/ros2_ws/install/yahboom_rosmaster_gazebo/share/yahboom_rosmaster_gazebo/models/aws_robomaker_residential_SofaC_01/meshes
[0.615s] -- Up-to-date: /home/basmala/ros2_ws/install/yahboom_rosmaster_gazebo/share/yahboom_rosmaster_gazebo/models/aws_robomaker_residential_SofaC_01/meshes/aws_SofaC_01_visual.DAE
[0.615s] -- Up-to-date: /home/basmala/ros2_ws/install/yahboom_rosmaster_gazebo/share/yahboom_rosmaster_gazebo/models/aws_robomaker_residential_SofaC_01/meshes/aws_SofaC_01_collision.DAE
[0.615s] -- Up-to-date: /home/basmala/ros2_ws/install/yahboom_rosmaster_gazebo/share/yahboom_rosmaster_gazebo/models/aws_robomaker_residential_SofaC_01/model.sdf
[0.616s] -- Up-to-date: /home/basmala/ros2_ws/install/yahboom_rosmaster_gazebo/share/yahboom_rosmaster_gazebo/models/aws_robomaker_residential_SofaC_01/model.config
[0.616s] -- Up-to-date: /home/basmala/ros2_ws/install/yahboom_rosmaster_gazebo/share/yahboom_rosmaster_gazebo/models/aws_robomaker_residential_Handle_01
[0.616s] -- Up-to-date: /home/basmala/ros2_ws/install/yahboom_rosmaster_gazebo/share/yahboom_rosmaster_gazebo/models/aws_robomaker_residential_Handle_01/materials
[0.616s] -- Up-to-date: /home/basmala/ros2_ws/install/yahboom_rosmaster_gazebo/share/yahboom_rosmaster_gazebo/models/aws_robomaker_residential_Handle_01/materials/textures
[0.616s] -- Up-to-date: /home/basmala/ros2_ws/install/yahboom_rosmaster_gazebo/share/yahboom_rosmaster_gazebo/models/aws_robomaker_residential_Handle_01/materials/textures/aws_Handle_01.png
[0.616s] -- Up-to-date: /home/basmala/ros2_ws/install/yahboom_rosmaster_gazebo/share/yahboom_rosmaster_gazebo/models/aws_robomaker_residential_Handle_01/meshes
[0.616s] -- Up-to-date: /home/basmala/ros2_ws/install/yahboom_rosmaster_gazebo/share/yahboom_rosmaster_gazebo/models/aws_robomaker_residential_Handle_01/meshes/aws_Handle_01_collision.DAE
[0.616s] -- Up-to-date: /home/basmala/ros2_ws/install/yahboom_rosmaster_gazebo/share/yahboom_rosmaster_gazebo/models/aws_robomaker_residential_Handle_01/meshes/aws_Handle_01_visual.DAE
[0.616s] -- Up-to-date: /home/basmala/ros2_ws/install/yahboom_rosmaster_gazebo/share/yahboom_rosmaster_gazebo/models/aws_robomaker_residential_Handle_01/model.sdf
[0.616s] -- Up-to-date: /home/basmala/ros2_ws/install/yahboom_rosmaster_gazebo/share/yahboom_rosmaster_gazebo/models/aws_robomaker_residential_Handle_01/model.config
[0.616s] -- Up-to-date: /home/basmala/ros2_ws/install/yahboom_rosmaster_gazebo/share/yahboom_rosmaster_gazebo/models/aws_robomaker_warehouse_ShelfD_01
[0.617s] -- Up-to-date: /home/basmala/ros2_ws/install/yahboom_rosmaster_gazebo/share/yahboom_rosmaster_gazebo/models/aws_robomaker_warehouse_ShelfD_01/materials
[0.617s] -- Up-to-date: /home/basmala/ros2_ws/install/yahboom_rosmaster_gazebo/share/yahboom_rosmaster_gazebo/models/aws_robomaker_warehouse_ShelfD_01/materials/textures
[0.617s] -- Up-to-date: /home/basmala/ros2_ws/install/yahboom_rosmaster_gazebo/share/yahboom_rosmaster_gazebo/models/aws_robomaker_warehouse_ShelfD_01/materials/textures/aws_robomaker_warehouse_ShelfD_04.png
[0.617s] -- Up-to-date: /home/basmala/ros2_ws/install/yahboom_rosmaster_gazebo/share/yahboom_rosmaster_gazebo/models/aws_robomaker_warehouse_ShelfD_01/materials/textures/aws_robomaker_warehouse_ShelfD_03.png
[0.617s] -- Up-to-date: /home/basmala/ros2_ws/install/yahboom_rosmaster_gazebo/share/yahboom_rosmaster_gazebo/models/aws_robomaker_warehouse_ShelfD_01/materials/textures/aws_robomaker_warehouse_ShelfD_02.png
[0.617s] -- Up-to-date: /home/basmala/ros2_ws/install/yahboom_rosmaster_gazebo/share/yahboom_rosmaster_gazebo/models/aws_robomaker_warehouse_ShelfD_01/materials/textures/aws_robomaker_warehouse_ShelfD_01.png
[0.617s] -- Up-to-date: /home/basmala/ros2_ws/install/yahboom_rosmaster_gazebo/share/yahboom_rosmaster_gazebo/models/aws_robomaker_warehouse_ShelfD_01/meshes
[0.617s] -- Up-to-date: /home/basmala/ros2_ws/install/yahboom_rosmaster_gazebo/share/yahboom_rosmaster_gazebo/models/aws_robomaker_warehouse_ShelfD_01/meshes/aws_robomaker_warehouse_ShelfD_01_visual.DAE
[0.617s] -- Up-to-date: /home/basmala/ros2_ws/install/yahboom_rosmaster_gazebo/share/yahboom_rosmaster_gazebo/models/aws_robomaker_warehouse_ShelfD_01/meshes/aws_robomaker_warehouse_ShelfD_01_collision.DAE
[0.617s] -- Up-to-date: /home/basmala/ros2_ws/install/yahboom_rosmaster_gazebo/share/yahboom_rosmaster_gazebo/models/aws_robomaker_warehouse_ShelfD_01/model.sdf
[0.617s] -- Up-to-date: /home/basmala/ros2_ws/install/yahboom_rosmaster_gazebo/share/yahboom_rosmaster_gazebo/models/aws_robomaker_warehouse_ShelfD_01/model.config
[0.617s] -- Up-to-date: /home/basmala/ros2_ws/install/yahboom_rosmaster_gazebo/share/yahboom_rosmaster_gazebo/models/aws_robomaker_residential_Dumbbell_01
[0.617s] -- Up-to-date: /home/basmala/ros2_ws/install/yahboom_rosmaster_gazebo/share/yahboom_rosmaster_gazebo/models/aws_robomaker_residential_Dumbbell_01/materials
[0.617s] -- Up-to-date: /home/basmala/ros2_ws/install/yahboom_rosmaster_gazebo/share/yahboom_rosmaster_gazebo/models/aws_robomaker_residential_Dumbbell_01/materials/textures
[0.617s] -- Up-to-date: /home/basmala/ros2_ws/install/yahboom_rosmaster_gazebo/share/yahboom_rosmaster_gazebo/models/aws_robomaker_residential_Dumbbell_01/materials/textures/aws_Dumbbell_01.png
[0.618s] -- Up-to-date: /home/basmala/ros2_ws/install/yahboom_rosmaster_gazebo/share/yahboom_rosmaster_gazebo/models/aws_robomaker_residential_Dumbbell_01/meshes
[0.618s] -- Up-to-date: /home/basmala/ros2_ws/install/yahboom_rosmaster_gazebo/share/yahboom_rosmaster_gazebo/models/aws_robomaker_residential_Dumbbell_01/meshes/aws_Dumbbell_01_collision.DAE
[0.618s] -- Up-to-date: /home/basmala/ros2_ws/install/yahboom_rosmaster_gazebo/share/yahboom_rosmaster_gazebo/models/aws_robomaker_residential_Dumbbell_01/meshes/aws_Dumbbell_01_visual.DAE
[0.618s] -- Up-to-date: /home/basmala/ros2_ws/install/yahboom_rosmaster_gazebo/share/yahboom_rosmaster_gazebo/models/aws_robomaker_residential_Dumbbell_01/model.sdf
[0.618s] -- Up-to-date: /home/basmala/ros2_ws/install/yahboom_rosmaster_gazebo/share/yahboom_rosmaster_gazebo/models/aws_robomaker_residential_Dumbbell_01/model.config
[0.618s] -- Up-to-date: /home/basmala/ros2_ws/install/yahboom_rosmaster_gazebo/share/yahboom_rosmaster_gazebo/models/aws_robomaker_residential_PortraitA_01
[0.618s] -- Up-to-date: /home/basmala/ros2_ws/install/yahboom_rosmaster_gazebo/share/yahboom_rosmaster_gazebo/models/aws_robomaker_residential_PortraitA_01/materials
[0.618s] -- Up-to-date: /home/basmala/ros2_ws/install/yahboom_rosmaster_gazebo/share/yahboom_rosmaster_gazebo/models/aws_robomaker_residential_PortraitA_01/materials/textures
[0.618s] -- Up-to-date: /home/basmala/ros2_ws/install/yahboom_rosmaster_gazebo/share/yahboom_rosmaster_gazebo/models/aws_robomaker_residential_PortraitA_01/materials/textures/PortraitA_01.jpg
[0.618s] -- Up-to-date: /home/basmala/ros2_ws/install/yahboom_rosmaster_gazebo/share/yahboom_rosmaster_gazebo/models/aws_robomaker_residential_PortraitA_01/materials/textures/aws_PortraitA_01.png
[0.618s] -- Up-to-date: /home/basmala/ros2_ws/install/yahboom_rosmaster_gazebo/share/yahboom_rosmaster_gazebo/models/aws_robomaker_residential_PortraitA_01/materials/textures/aws_PortraitA_02.png
[0.618s] -- Up-to-date: /home/basmala/ros2_ws/install/yahboom_rosmaster_gazebo/share/yahboom_rosmaster_gazebo/models/aws_robomaker_residential_PortraitA_01/meshes
[0.618s] -- Up-to-date: /home/basmala/ros2_ws/install/yahboom_rosmaster_gazebo/share/yahboom_rosmaster_gazebo/models/aws_robomaker_residential_PortraitA_01/meshes/aws_PortraitA_01_collision.DAE
[0.618s] -- Up-to-date: /home/basmala/ros2_ws/install/yahboom_rosmaster_gazebo/share/yahboom_rosmaster_gazebo/models/aws_robomaker_residential_PortraitA_01/meshes/aws_PortraitA_01_visual.DAE
[0.618s] -- Up-to-date: /home/basmala/ros2_ws/install/yahboom_rosmaster_gazebo/share/yahboom_rosmaster_gazebo/models/aws_robomaker_residential_PortraitA_01/model.sdf
[0.618s] -- Up-to-date: /home/basmala/ros2_ws/install/yahboom_rosmaster_gazebo/share/yahboom_rosmaster_gazebo/models/aws_robomaker_residential_PortraitA_01/model.config
[0.618s] -- Up-to-date: /home/basmala/ros2_ws/install/yahboom_rosmaster_gazebo/share/yahboom_rosmaster_gazebo/models/aws_robomaker_residential_KitchenUtensils_01
[0.619s] -- Up-to-date: /home/basmala/ros2_ws/install/yahboom_rosmaster_gazebo/share/yahboom_rosmaster_gazebo/models/aws_robomaker_residential_KitchenUtensils_01/materials
[0.619s] -- Up-to-date: /home/basmala/ros2_ws/install/yahboom_rosmaster_gazebo/share/yahboom_rosmaster_gazebo/models/aws_robomaker_residential_KitchenUtensils_01/materials/textures
[0.619s] -- Up-to-date: /home/basmala/ros2_ws/install/yahboom_rosmaster_gazebo/share/yahboom_rosmaster_gazebo/models/aws_robomaker_residential_KitchenUtensils_01/materials/textures/aws_KitchenUtensils_01.png
[0.619s] -- Up-to-date: /home/basmala/ros2_ws/install/yahboom_rosmaster_gazebo/share/yahboom_rosmaster_gazebo/models/aws_robomaker_residential_KitchenUtensils_01/meshes
[0.619s] -- Up-to-date: /home/basmala/ros2_ws/install/yahboom_rosmaster_gazebo/share/yahboom_rosmaster_gazebo/models/aws_robomaker_residential_KitchenUtensils_01/meshes/aws_KitchenUtensils_01_collision.DAE
[0.619s] -- Up-to-date: /home/basmala/ros2_ws/install/yahboom_rosmaster_gazebo/share/yahboom_rosmaster_gazebo/models/aws_robomaker_residential_KitchenUtensils_01/meshes/aws_KitchenUtensils_01_visual.DAE
[0.619s] -- Up-to-date: /home/basmala/ros2_ws/install/yahboom_rosmaster_gazebo/share/yahboom_rosmaster_gazebo/models/aws_robomaker_residential_KitchenUtensils_01/model.sdf
[0.619s] -- Up-to-date: /home/basmala/ros2_ws/install/yahboom_rosmaster_gazebo/share/yahboom_rosmaster_gazebo/models/aws_robomaker_residential_KitchenUtensils_01/model.config
[0.619s] -- Up-to-date: /home/basmala/ros2_ws/install/yahboom_rosmaster_gazebo/share/yahboom_rosmaster_gazebo/models/aws_robomaker_warehouse_ShelfE_01
[0.619s] -- Up-to-date: /home/basmala/ros2_ws/install/yahboom_rosmaster_gazebo/share/yahboom_rosmaster_gazebo/models/aws_robomaker_warehouse_ShelfE_01/.DS_Store
[0.619s] -- Up-to-date: /home/basmala/ros2_ws/install/yahboom_rosmaster_gazebo/share/yahboom_rosmaster_gazebo/models/aws_robomaker_warehouse_ShelfE_01/materials
[0.620s] -- Up-to-date: /home/basmala/ros2_ws/install/yahboom_rosmaster_gazebo/share/yahboom_rosmaster_gazebo/models/aws_robomaker_warehouse_ShelfE_01/materials/.DS_Store
[0.620s] -- Up-to-date: /home/basmala/ros2_ws/install/yahboom_rosmaster_gazebo/share/yahboom_rosmaster_gazebo/models/aws_robomaker_warehouse_ShelfE_01/materials/textures
[0.620s] -- Up-to-date: /home/basmala/ros2_ws/install/yahboom_rosmaster_gazebo/share/yahboom_rosmaster_gazebo/models/aws_robomaker_warehouse_ShelfE_01/materials/textures/aws_robomaker_warehouse_ShelfE_03.png
[0.620s] -- Up-to-date: /home/basmala/ros2_ws/install/yahboom_rosmaster_gazebo/share/yahboom_rosmaster_gazebo/models/aws_robomaker_warehouse_ShelfE_01/materials/textures/aws_robomaker_warehouse_ShelfE_04.png
[0.620s] -- Up-to-date: /home/basmala/ros2_ws/install/yahboom_rosmaster_gazebo/share/yahboom_rosmaster_gazebo/models/aws_robomaker_warehouse_ShelfE_01/materials/textures/aws_robomaker_warehouse_ShelfE_02.png
[0.620s] -- Up-to-date: /home/basmala/ros2_ws/install/yahboom_rosmaster_gazebo/share/yahboom_rosmaster_gazebo/models/aws_robomaker_warehouse_ShelfE_01/materials/textures/aws_robomaker_warehouse_ShelfE_01.png
[0.620s] -- Up-to-date: /home/basmala/ros2_ws/install/yahboom_rosmaster_gazebo/share/yahboom_rosmaster_gazebo/models/aws_robomaker_warehouse_ShelfE_01/meshes
[0.620s] -- Up-to-date: /home/basmala/ros2_ws/install/yahboom_rosmaster_gazebo/share/yahboom_rosmaster_gazebo/models/aws_robomaker_warehouse_ShelfE_01/meshes/aws_robomaker_warehouse_ShelfE_01_collision.DAE
[0.620s] -- Up-to-date: /home/basmala/ros2_ws/install/yahboom_rosmaster_gazebo/share/yahboom_rosmaster_gazebo/models/aws_robomaker_warehouse_ShelfE_01/meshes/aws_robomaker_warehouse_ShelfE_01_visual.DAE
[0.620s] -- Up-to-date: /home/basmala/ros2_ws/install/yahboom_rosmaster_gazebo/share/yahboom_rosmaster_gazebo/models/aws_robomaker_warehouse_ShelfE_01/model.sdf
[0.620s] -- Up-to-date: /home/basmala/ros2_ws/install/yahboom_rosmaster_gazebo/share/yahboom_rosmaster_gazebo/models/aws_robomaker_warehouse_ShelfE_01/model.config
[0.620s] -- Up-to-date: /home/basmala/ros2_ws/install/yahboom_rosmaster_gazebo/share/yahboom_rosmaster_gazebo/models/aws_robomaker_residential_Trash_01
[0.620s] -- Up-to-date: /home/basmala/ros2_ws/install/yahboom_rosmaster_gazebo/share/yahboom_rosmaster_gazebo/models/aws_robomaker_residential_Trash_01/materials
[0.620s] -- Up-to-date: /home/basmala/ros2_ws/install/yahboom_rosmaster_gazebo/share/yahboom_rosmaster_gazebo/models/aws_robomaker_residential_Trash_01/materials/textures
[0.621s] -- Up-to-date: /home/basmala/ros2_ws/install/yahboom_rosmaster_gazebo/share/yahboom_rosmaster_gazebo/models/aws_robomaker_residential_Trash_01/materials/textures/aws_Trash_01.png
[0.621s] -- Up-to-date: /home/basmala/ros2_ws/install/yahboom_rosmaster_gazebo/share/yahboom_rosmaster_gazebo/models/aws_robomaker_residential_Trash_01/meshes
[0.621s] -- Up-to-date: /home/basmala/ros2_ws/install/yahboom_rosmaster_gazebo/share/yahboom_rosmaster_gazebo/models/aws_robomaker_residential_Trash_01/meshes/aws_Trash_01_visual.DAE
[0.621s] -- Up-to-date: /home/basmala/ros2_ws/install/yahboom_rosmaster_gazebo/share/yahboom_rosmaster_gazebo/models/aws_robomaker_residential_Trash_01/meshes/aws_Trash_01_collision.DAE
[0.621s] -- Up-to-date: /home/basmala/ros2_ws/install/yahboom_rosmaster_gazebo/share/yahboom_rosmaster_gazebo/models/aws_robomaker_residential_Trash_01/model.sdf
[0.621s] -- Up-to-date: /home/basmala/ros2_ws/install/yahboom_rosmaster_gazebo/share/yahboom_rosmaster_gazebo/models/aws_robomaker_residential_Trash_01/model.config
[0.621s] -- Up-to-date: /home/basmala/ros2_ws/install/yahboom_rosmaster_gazebo/share/yahboom_rosmaster_gazebo/models/aws_robomaker_residential_TV_02
[0.621s] -- Up-to-date: /home/basmala/ros2_ws/install/yahboom_rosmaster_gazebo/share/yahboom_rosmaster_gazebo/models/aws_robomaker_residential_TV_02/materials
[0.621s] -- Up-to-date: /home/basmala/ros2_ws/install/yahboom_rosmaster_gazebo/share/yahboom_rosmaster_gazebo/models/aws_robomaker_residential_TV_02/materials/textures
[0.621s] -- Up-to-date: /home/basmala/ros2_ws/install/yahboom_rosmaster_gazebo/share/yahboom_rosmaster_gazebo/models/aws_robomaker_residential_TV_02/materials/textures/aws_TV_01.png
[0.621s] -- Up-to-date: /home/basmala/ros2_ws/install/yahboom_rosmaster_gazebo/share/yahboom_rosmaster_gazebo/models/aws_robomaker_residential_TV_02/meshes
[0.621s] -- Up-to-date: /home/basmala/ros2_ws/install/yahboom_rosmaster_gazebo/share/yahboom_rosmaster_gazebo/models/aws_robomaker_residential_TV_02/meshes/aws_TV_01_collision.DAE
[0.621s] -- Up-to-date: /home/basmala/ros2_ws/install/yahboom_rosmaster_gazebo/share/yahboom_rosmaster_gazebo/models/aws_robomaker_residential_TV_02/meshes/aws_TV_01_visual.DAE
[0.621s] -- Up-to-date: /home/basmala/ros2_ws/install/yahboom_rosmaster_gazebo/share/yahboom_rosmaster_gazebo/models/aws_robomaker_residential_TV_02/model.sdf
[0.621s] -- Up-to-date: /home/basmala/ros2_ws/install/yahboom_rosmaster_gazebo/share/yahboom_rosmaster_gazebo/models/aws_robomaker_residential_TV_02/model.config
[0.621s] -- Up-to-date: /home/basmala/ros2_ws/install/yahboom_rosmaster_gazebo/share/yahboom_rosmaster_gazebo/models/cafe
[0.621s] -- Up-to-date: /home/basmala/ros2_ws/install/yahboom_rosmaster_gazebo/share/yahboom_rosmaster_gazebo/models/cafe/materials
[0.622s] -- Up-to-date: /home/basmala/ros2_ws/install/yahboom_rosmaster_gazebo/share/yahboom_rosmaster_gazebo/models/cafe/materials/textures
[0.622s] -- Up-to-date: /home/basmala/ros2_ws/install/yahboom_rosmaster_gazebo/share/yahboom_rosmaster_gazebo/models/cafe/materials/textures/__auto_30.jpg
[0.622s] -- Up-to-date: /home/basmala/ros2_ws/install/yahboom_rosmaster_gazebo/share/yahboom_rosmaster_gazebo/models/cafe/materials/textures/__auto_31.jpg
[0.622s] -- Up-to-date: /home/basmala/ros2_ws/install/yahboom_rosmaster_gazebo/share/yahboom_rosmaster_gazebo/models/cafe/materials/textures/__auto_34.jpg
[0.622s] -- Up-to-date: /home/basmala/ros2_ws/install/yahboom_rosmaster_gazebo/share/yahboom_rosmaster_gazebo/models/cafe/materials/textures/__auto_23.jpg
[0.622s] -- Up-to-date: /home/basmala/ros2_ws/install/yahboom_rosmaster_gazebo/share/yahboom_rosmaster_gazebo/models/cafe/materials/textures/__auto_2.jpg
[0.622s] -- Up-to-date: /home/basmala/ros2_ws/install/yahboom_rosmaster_gazebo/share/yahboom_rosmaster_gazebo/models/cafe/materials/textures/__auto_35.jpg
[0.622s] -- Up-to-date: /home/basmala/ros2_ws/install/yahboom_rosmaster_gazebo/share/yahboom_rosmaster_gazebo/models/cafe/materials/textures/__auto_29.jpg
[0.622s] -- Up-to-date: /home/basmala/ros2_ws/install/yahboom_rosmaster_gazebo/share/yahboom_rosmaster_gazebo/models/cafe/materials/textures/__auto_10.jpg
[0.622s] -- Up-to-date: /home/basmala/ros2_ws/install/yahboom_rosmaster_gazebo/share/yahboom_rosmaster_gazebo/models/cafe/materials/textures/__auto_25.jpg
[0.622s] -- Up-to-date: /home/basmala/ros2_ws/install/yahboom_rosmaster_gazebo/share/yahboom_rosmaster_gazebo/models/cafe/materials/textures/__auto_22.jpg
[0.622s] -- Up-to-date: /home/basmala/ros2_ws/install/yahboom_rosmaster_gazebo/share/yahboom_rosmaster_gazebo/models/cafe/materials/textures/__auto_24.jpg
[0.622s] -- Up-to-date: /home/basmala/ros2_ws/install/yahboom_rosmaster_gazebo/share/yahboom_rosmaster_gazebo/models/cafe/materials/textures/__auto_28.jpg
[0.622s] -- Up-to-date: /home/basmala/ros2_ws/install/yahboom_rosmaster_gazebo/share/yahboom_rosmaster_gazebo/models/cafe/materials/textures/__auto_21.jpg
[0.622s] -- Up-to-date: /home/basmala/ros2_ws/install/yahboom_rosmaster_gazebo/share/yahboom_rosmaster_gazebo/models/cafe/materials/textures/__auto_37.jpg
[0.622s] -- Up-to-date: /home/basmala/ros2_ws/install/yahboom_rosmaster_gazebo/share/yahboom_rosmaster_gazebo/models/cafe/materials/textures/__auto_26.jpg
[0.622s] -- Up-to-date: /home/basmala/ros2_ws/install/yahboom_rosmaster_gazebo/share/yahboom_rosmaster_gazebo/models/cafe/meshes
[0.623s] -- Up-to-date: /home/basmala/ros2_ws/install/yahboom_rosmaster_gazebo/share/yahboom_rosmaster_gazebo/models/cafe/meshes/cafe.dae
[0.623s] -- Up-to-date: /home/basmala/ros2_ws/install/yahboom_rosmaster_gazebo/share/yahboom_rosmaster_gazebo/models/cafe/model.sdf
[0.623s] -- Up-to-date: /home/basmala/ros2_ws/install/yahboom_rosmaster_gazebo/share/yahboom_rosmaster_gazebo/models/cafe/model.config
[0.623s] -- Up-to-date: /home/basmala/ros2_ws/install/yahboom_rosmaster_gazebo/share/yahboom_rosmaster_gazebo/models/aws_robomaker_warehouse_TrashCanC_01
[0.623s] -- Up-to-date: /home/basmala/ros2_ws/install/yahboom_rosmaster_gazebo/share/yahboom_rosmaster_gazebo/models/aws_robomaker_warehouse_TrashCanC_01/materials
[0.623s] -- Up-to-date: /home/basmala/ros2_ws/install/yahboom_rosmaster_gazebo/share/yahboom_rosmaster_gazebo/models/aws_robomaker_warehouse_TrashCanC_01/materials/textures
[0.623s] -- Up-to-date: /home/basmala/ros2_ws/install/yahboom_rosmaster_gazebo/share/yahboom_rosmaster_gazebo/models/aws_robomaker_warehouse_TrashCanC_01/materials/textures/aws_robomaker_warehouse_TrashCanC_01.png
[0.623s] -- Up-to-date: /home/basmala/ros2_ws/install/yahboom_rosmaster_gazebo/share/yahboom_rosmaster_gazebo/models/aws_robomaker_warehouse_TrashCanC_01/meshes
[0.623s] -- Up-to-date: /home/basmala/ros2_ws/install/yahboom_rosmaster_gazebo/share/yahboom_rosmaster_gazebo/models/aws_robomaker_warehouse_TrashCanC_01/meshes/aws_robomaker_warehouse_TrashCanC_01_collision.DAE
[0.623s] -- Up-to-date: /home/basmala/ros2_ws/install/yahboom_rosmaster_gazebo/share/yahboom_rosmaster_gazebo/models/aws_robomaker_warehouse_TrashCanC_01/meshes/aws_robomaker_warehouse_TrashCanC_01_visual.DAE
[0.623s] -- Up-to-date: /home/basmala/ros2_ws/install/yahboom_rosmaster_gazebo/share/yahboom_rosmaster_gazebo/models/aws_robomaker_warehouse_TrashCanC_01/model.sdf
[0.623s] -- Up-to-date: /home/basmala/ros2_ws/install/yahboom_rosmaster_gazebo/share/yahboom_rosmaster_gazebo/models/aws_robomaker_warehouse_TrashCanC_01/model.config
[0.623s] -- Up-to-date: /home/basmala/ros2_ws/install/yahboom_rosmaster_gazebo/share/yahboom_rosmaster_gazebo/models/aws_robomaker_residential_Tablet_01
[0.623s] -- Up-to-date: /home/basmala/ros2_ws/install/yahboom_rosmaster_gazebo/share/yahboom_rosmaster_gazebo/models/aws_robomaker_residential_Tablet_01/.DS_Store
[0.623s] -- Up-to-date: /home/basmala/ros2_ws/install/yahboom_rosmaster_gazebo/share/yahboom_rosmaster_gazebo/models/aws_robomaker_residential_Tablet_01/materials
[0.624s] -- Up-to-date: /home/basmala/ros2_ws/install/yahboom_rosmaster_gazebo/share/yahboom_rosmaster_gazebo/models/aws_robomaker_residential_Tablet_01/materials/.DS_Store
[0.624s] -- Up-to-date: /home/basmala/ros2_ws/install/yahboom_rosmaster_gazebo/share/yahboom_rosmaster_gazebo/models/aws_robomaker_residential_Tablet_01/materials/textures
[0.624s] -- Up-to-date: /home/basmala/ros2_ws/install/yahboom_rosmaster_gazebo/share/yahboom_rosmaster_gazebo/models/aws_robomaker_residential_Tablet_01/materials/textures/aws_Tablet_01_nologo.png
[0.624s] -- Up-to-date: /home/basmala/ros2_ws/install/yahboom_rosmaster_gazebo/share/yahboom_rosmaster_gazebo/models/aws_robomaker_residential_Tablet_01/meshes
[0.624s] -- Up-to-date: /home/basmala/ros2_ws/install/yahboom_rosmaster_gazebo/share/yahboom_rosmaster_gazebo/models/aws_robomaker_residential_Tablet_01/meshes/aws_Tablet_01_collision.DAE
[0.624s] -- Up-to-date: /home/basmala/ros2_ws/install/yahboom_rosmaster_gazebo/share/yahboom_rosmaster_gazebo/models/aws_robomaker_residential_Tablet_01/meshes/aws_Tablet_01_visual.DAE
[0.624s] -- Up-to-date: /home/basmala/ros2_ws/install/yahboom_rosmaster_gazebo/share/yahboom_rosmaster_gazebo/models/aws_robomaker_residential_Tablet_01/model.sdf
[0.624s] -- Up-to-date: /home/basmala/ros2_ws/install/yahboom_rosmaster_gazebo/share/yahboom_rosmaster_gazebo/models/aws_robomaker_residential_Tablet_01/model.config
[0.624s] -- Up-to-date: /home/basmala/ros2_ws/install/yahboom_rosmaster_gazebo/share/yahboom_rosmaster_gazebo/models/cafe_counter
[0.624s] -- Up-to-date: /home/basmala/ros2_ws/install/yahboom_rosmaster_gazebo/share/yahboom_rosmaster_gazebo/models/cafe_counter/materials
[0.624s] -- Up-to-date: /home/basmala/ros2_ws/install/yahboom_rosmaster_gazebo/share/yahboom_rosmaster_gazebo/models/cafe_counter/materials/textures
[0.624s] -- Up-to-date: /home/basmala/ros2_ws/install/yahboom_rosmaster_gazebo/share/yahboom_rosmaster_gazebo/models/cafe_counter/materials/textures/cafe_counter.png
[0.624s] -- Up-to-date: /home/basmala/ros2_ws/install/yahboom_rosmaster_gazebo/share/yahboom_rosmaster_gazebo/models/cafe_counter/meshes
[0.624s] -- Up-to-date: /home/basmala/ros2_ws/install/yahboom_rosmaster_gazebo/share/yahboom_rosmaster_gazebo/models/cafe_counter/meshes/counter_sink.obj
[0.624s] -- Up-to-date: /home/basmala/ros2_ws/install/yahboom_rosmaster_gazebo/share/yahboom_rosmaster_gazebo/models/cafe_counter/meshes/counter_no_sink.obj
[0.624s] -- Up-to-date: /home/basmala/ros2_ws/install/yahboom_rosmaster_gazebo/share/yahboom_rosmaster_gazebo/models/cafe_counter/meshes/cafe_counter.mtl
[0.624s] -- Up-to-date: /home/basmala/ros2_ws/install/yahboom_rosmaster_gazebo/share/yahboom_rosmaster_gazebo/models/cafe_counter/meshes/cafe_counter.obj
[0.625s] -- Up-to-date: /home/basmala/ros2_ws/install/yahboom_rosmaster_gazebo/share/yahboom_rosmaster_gazebo/models/cafe_counter/model.sdf
[0.625s] -- Up-to-date: /home/basmala/ros2_ws/install/yahboom_rosmaster_gazebo/share/yahboom_rosmaster_gazebo/models/cafe_counter/model.config
[0.625s] -- Up-to-date: /home/basmala/ros2_ws/install/yahboom_rosmaster_gazebo/share/yahboom_rosmaster_gazebo/models/cardboard_box
[0.625s] -- Up-to-date: /home/basmala/ros2_ws/install/yahboom_rosmaster_gazebo/share/yahboom_rosmaster_gazebo/models/cardboard_box/materials
[0.625s] -- Up-to-date: /home/basmala/ros2_ws/install/yahboom_rosmaster_gazebo/share/yahboom_rosmaster_gazebo/models/cardboard_box/materials/textures
[0.625s] -- Up-to-date: /home/basmala/ros2_ws/install/yahboom_rosmaster_gazebo/share/yahboom_rosmaster_gazebo/models/cardboard_box/materials/textures/cardboard_box.png
[0.626s] -- Up-to-date: /home/basmala/ros2_ws/install/yahboom_rosmaster_gazebo/share/yahboom_rosmaster_gazebo/models/cardboard_box/meshes
[0.626s] -- Up-to-date: /home/basmala/ros2_ws/install/yahboom_rosmaster_gazebo/share/yahboom_rosmaster_gazebo/models/cardboard_box/meshes/cardboard_box.dae
[0.626s] -- Up-to-date: /home/basmala/ros2_ws/install/yahboom_rosmaster_gazebo/share/yahboom_rosmaster_gazebo/models/cardboard_box/meshes/cardboard_box.png
[0.626s] -- Up-to-date: /home/basmala/ros2_ws/install/yahboom_rosmaster_gazebo/share/yahboom_rosmaster_gazebo/models/cardboard_box/model.sdf
[0.626s] -- Up-to-date: /home/basmala/ros2_ws/install/yahboom_rosmaster_gazebo/share/yahboom_rosmaster_gazebo/models/cardboard_box/model.config
[0.626s] -- Up-to-date: /home/basmala/ros2_ws/install/yahboom_rosmaster_gazebo/share/yahboom_rosmaster_gazebo/models/aws_robomaker_residential_ShoeRack_01
[0.626s] -- Up-to-date: /home/basmala/ros2_ws/install/yahboom_rosmaster_gazebo/share/yahboom_rosmaster_gazebo/models/aws_robomaker_residential_ShoeRack_01/materials
[0.626s] -- Up-to-date: /home/basmala/ros2_ws/install/yahboom_rosmaster_gazebo/share/yahboom_rosmaster_gazebo/models/aws_robomaker_residential_ShoeRack_01/materials/textures
[0.626s] -- Up-to-date: /home/basmala/ros2_ws/install/yahboom_rosmaster_gazebo/share/yahboom_rosmaster_gazebo/models/aws_robomaker_residential_ShoeRack_01/materials/textures/aws_ShoeRack_01.png
[0.626s] -- Up-to-date: /home/basmala/ros2_ws/install/yahboom_rosmaster_gazebo/share/yahboom_rosmaster_gazebo/models/aws_robomaker_residential_ShoeRack_01/meshes
[0.626s] -- Up-to-date: /home/basmala/ros2_ws/install/yahboom_rosmaster_gazebo/share/yahboom_rosmaster_gazebo/models/aws_robomaker_residential_ShoeRack_01/meshes/aws_ShoeRack_01_collision.DAE
[0.626s] -- Up-to-date: /home/basmala/ros2_ws/install/yahboom_rosmaster_gazebo/share/yahboom_rosmaster_gazebo/models/aws_robomaker_residential_ShoeRack_01/meshes/aws_ShoeRack_01_visual.DAE
[0.626s] -- Up-to-date: /home/basmala/ros2_ws/install/yahboom_rosmaster_gazebo/share/yahboom_rosmaster_gazebo/models/aws_robomaker_residential_ShoeRack_01/model.sdf
[0.626s] -- Up-to-date: /home/basmala/ros2_ws/install/yahboom_rosmaster_gazebo/share/yahboom_rosmaster_gazebo/models/aws_robomaker_residential_ShoeRack_01/model.config
[0.626s] -- Up-to-date: /home/basmala/ros2_ws/install/yahboom_rosmaster_gazebo/share/yahboom_rosmaster_gazebo/models/aws_robomaker_residential_Quilt_01
[0.627s] -- Up-to-date: /home/basmala/ros2_ws/install/yahboom_rosmaster_gazebo/share/yahboom_rosmaster_gazebo/models/aws_robomaker_residential_Quilt_01/materials
[0.627s] -- Up-to-date: /home/basmala/ros2_ws/install/yahboom_rosmaster_gazebo/share/yahboom_rosmaster_gazebo/models/aws_robomaker_residential_Quilt_01/materials/textures
[0.627s] -- Up-to-date: /home/basmala/ros2_ws/install/yahboom_rosmaster_gazebo/share/yahboom_rosmaster_gazebo/models/aws_robomaker_residential_Quilt_01/materials/textures/aws_Quilt_01.png
[0.627s] -- Up-to-date: /home/basmala/ros2_ws/install/yahboom_rosmaster_gazebo/share/yahboom_rosmaster_gazebo/models/aws_robomaker_residential_Quilt_01/meshes
[0.627s] -- Up-to-date: /home/basmala/ros2_ws/install/yahboom_rosmaster_gazebo/share/yahboom_rosmaster_gazebo/models/aws_robomaker_residential_Quilt_01/meshes/aws_Quilt_01_visual.DAE
[0.627s] -- Up-to-date: /home/basmala/ros2_ws/install/yahboom_rosmaster_gazebo/share/yahboom_rosmaster_gazebo/models/aws_robomaker_residential_Quilt_01/meshes/aws_Quilt_01_collision.DAE
[0.627s] -- Up-to-date: /home/basmala/ros2_ws/install/yahboom_rosmaster_gazebo/share/yahboom_rosmaster_gazebo/models/aws_robomaker_residential_Quilt_01/model.sdf
[0.627s] -- Up-to-date: /home/basmala/ros2_ws/install/yahboom_rosmaster_gazebo/share/yahboom_rosmaster_gazebo/models/aws_robomaker_residential_Quilt_01/model.config
[0.627s] -- Up-to-date: /home/basmala/ros2_ws/install/yahboom_rosmaster_gazebo/share/yahboom_rosmaster_gazebo/models/aws_robomaker_warehouse_Bucket_01
[0.627s] -- Up-to-date: /home/basmala/ros2_ws/install/yahboom_rosmaster_gazebo/share/yahboom_rosmaster_gazebo/models/aws_robomaker_warehouse_Bucket_01/.DS_Store
[0.627s] -- Up-to-date: /home/basmala/ros2_ws/install/yahboom_rosmaster_gazebo/share/yahboom_rosmaster_gazebo/models/aws_robomaker_warehouse_Bucket_01/materials
[0.627s] -- Up-to-date: /home/basmala/ros2_ws/install/yahboom_rosmaster_gazebo/share/yahboom_rosmaster_gazebo/models/aws_robomaker_warehouse_Bucket_01/materials/.DS_Store
[0.627s] -- Up-to-date: /home/basmala/ros2_ws/install/yahboom_rosmaster_gazebo/share/yahboom_rosmaster_gazebo/models/aws_robomaker_warehouse_Bucket_01/materials/textures
[0.627s] -- Up-to-date: /home/basmala/ros2_ws/install/yahboom_rosmaster_gazebo/share/yahboom_rosmaster_gazebo/models/aws_robomaker_warehouse_Bucket_01/materials/textures/aws_robomaker_warehouse_Bucket_01.png
[0.627s] -- Up-to-date: /home/basmala/ros2_ws/install/yahboom_rosmaster_gazebo/share/yahboom_rosmaster_gazebo/models/aws_robomaker_warehouse_Bucket_01/meshes
[0.627s] -- Up-to-date: /home/basmala/ros2_ws/install/yahboom_rosmaster_gazebo/share/yahboom_rosmaster_gazebo/models/aws_robomaker_warehouse_Bucket_01/meshes/aws_robomaker_warehouse_Bucket_01_collision.DAE
[0.627s] -- Up-to-date: /home/basmala/ros2_ws/install/yahboom_rosmaster_gazebo/share/yahboom_rosmaster_gazebo/models/aws_robomaker_warehouse_Bucket_01/meshes/aws_robomaker_warehouse_Bucket_01_visual.DAE
[0.628s] -- Up-to-date: /home/basmala/ros2_ws/install/yahboom_rosmaster_gazebo/share/yahboom_rosmaster_gazebo/models/aws_robomaker_warehouse_Bucket_01/model.sdf
[0.628s] -- Up-to-date: /home/basmala/ros2_ws/install/yahboom_rosmaster_gazebo/share/yahboom_rosmaster_gazebo/models/aws_robomaker_warehouse_Bucket_01/model.config
[0.628s] -- Up-to-date: /home/basmala/ros2_ws/install/yahboom_rosmaster_gazebo/share/yahboom_rosmaster_gazebo/rviz
[0.628s] -- Up-to-date: /home/basmala/ros2_ws/install/yahboom_rosmaster_gazebo/share/yahboom_rosmaster_gazebo/rviz/yahboom_rosmaster_gazebo_sim.rviz
[0.628s] -- Up-to-date: /home/basmala/ros2_ws/install/yahboom_rosmaster_gazebo/share/yahboom_rosmaster_gazebo/worlds
[0.628s] -- Up-to-date: /home/basmala/ros2_ws/install/yahboom_rosmaster_gazebo/share/yahboom_rosmaster_gazebo/worlds/pick_and_place_demo.world
[0.628s] -- Up-to-date: /home/basmala/ros2_ws/install/yahboom_rosmaster_gazebo/share/yahboom_rosmaster_gazebo/worlds/cafe.world
[0.628s] -- Up-to-date: /home/basmala/ros2_ws/install/yahboom_rosmaster_gazebo/share/yahboom_rosmaster_gazebo/worlds/house.world
[0.628s] -- Up-to-date: /home/basmala/ros2_ws/install/yahboom_rosmaster_gazebo/share/yahboom_rosmaster_gazebo/worlds/empty.world
[0.628s] -- Up-to-date: /home/basmala/ros2_ws/install/yahboom_rosmaster_gazebo/share/ament_index/resource_index/package_run_dependencies/yahboom_rosmaster_gazebo
[0.628s] -- Up-to-date: /home/basmala/ros2_ws/install/yahboom_rosmaster_gazebo/share/ament_index/resource_index/parent_prefix_path/yahboom_rosmaster_gazebo
[0.628s] -- Up-to-date: /home/basmala/ros2_ws/install/yahboom_rosmaster_gazebo/share/yahboom_rosmaster_gazebo/environment/ament_prefix_path.sh
[0.628s] -- Up-to-date: /home/basmala/ros2_ws/install/yahboom_rosmaster_gazebo/share/yahboom_rosmaster_gazebo/environment/ament_prefix_path.dsv
[0.628s] -- Up-to-date: /home/basmala/ros2_ws/install/yahboom_rosmaster_gazebo/share/yahboom_rosmaster_gazebo/environment/path.sh
[0.628s] -- Up-to-date: /home/basmala/ros2_ws/install/yahboom_rosmaster_gazebo/share/yahboom_rosmaster_gazebo/environment/path.dsv
[0.628s] -- Up-to-date: /home/basmala/ros2_ws/install/yahboom_rosmaster_gazebo/share/yahboom_rosmaster_gazebo/local_setup.bash
[0.628s] -- Up-to-date: /home/basmala/ros2_ws/install/yahboom_rosmaster_gazebo/share/yahboom_rosmaster_gazebo/local_setup.sh
[0.629s] -- Up-to-date: /home/basmala/ros2_ws/install/yahboom_rosmaster_gazebo/share/yahboom_rosmaster_gazebo/local_setup.zsh
[0.629s] -- Up-to-date: /home/basmala/ros2_ws/install/yahboom_rosmaster_gazebo/share/yahboom_rosmaster_gazebo/local_setup.dsv
[0.629s] -- Installing: /home/basmala/ros2_ws/install/yahboom_rosmaster_gazebo/share/yahboom_rosmaster_gazebo/package.dsv
[0.629s] -- Up-to-date: /home/basmala/ros2_ws/install/yahboom_rosmaster_gazebo/share/ament_index/resource_index/packages/yahboom_rosmaster_gazebo
[0.629s] -- Up-to-date: /home/basmala/ros2_ws/install/yahboom_rosmaster_gazebo/share/yahboom_rosmaster_gazebo/cmake/yahboom_rosmaster_gazeboConfig.cmake
[0.629s] -- Up-to-date: /home/basmala/ros2_ws/install/yahboom_rosmaster_gazebo/share/yahboom_rosmaster_gazebo/cmake/yahboom_rosmaster_gazeboConfig-version.cmake
[0.629s] -- Up-to-date: /home/basmala/ros2_ws/install/yahboom_rosmaster_gazebo/share/yahboom_rosmaster_gazebo/package.xml
[0.714s] Invoked command in '/home/basmala/ros2_ws/build/yahboom_rosmaster_gazebo' returned '0': CMAKE_PREFIX_PATH=${CMAKE_PREFIX_PATH}:/home/basmala/ros2_ws/install/first_package_python:/opt/ros/jazzy DEBUGINFOD_URLS=https://debuginfod.ubuntu.com /usr/bin/cmake --install /home/basmala/ros2_ws/build/yahboom_rosmaster_gazebo
