[0.000000] (-) TimerEvent: {}
[0.001038] (-) JobUnselected: {'identifier': 'assignment1_rt'}
[0.001544] (-) JobUnselected: {'identifier': 'assignment2_custom_msgs_srvs'}
[0.001736] (-) JobUnselected: {'identifier': 'bme_gazebo_sensors'}
[0.001782] (-) JobUnselected: {'identifier': 'first_package_cpp'}
[0.001849] (-) JobUnselected: {'identifier': 'first_package_python'}
[0.002357] (-) JobUnselected: {'identifier': 'mecanum_drive_controller'}
[0.002448] (-) JobUnselected: {'identifier': 'turtlesim_controller'}
[0.002741] (-) JobUnselected: {'identifier': 'yahboom_rosmaster'}
[0.002791] (-) JobUnselected: {'identifier': 'yahboom_rosmaster_bringup'}
[0.002826] (-) JobUnselected: {'identifier': 'yahboom_rosmaster_description'}
[0.003167] (-) JobUnselected: {'identifier': 'yahboom_rosmaster_gazebo'}
[0.003212] (-) JobUnselected: {'identifier': 'yahboom_rosmaster_system_tests'}
[0.003293] (turtlesim_custom_msgs) JobQueued: {'identifier': 'turtlesim_custom_msgs', 'dependencies': OrderedDict()}
[0.003358] (assignment2_rt) JobQueued: {'identifier': 'assignment2_rt', 'dependencies': OrderedDict({'assignment2_custom_msgs_srvs': '/home/basmala/ros2_ws/install/assignment2_custom_msgs_srvs'})}
[0.003480] (turtlesim_custom_msgs) JobStarted: {'identifier': 'turtlesim_custom_msgs'}
[0.015933] (assignment2_rt) JobStarted: {'identifier': 'assignment2_rt'}
[0.024698] (turtlesim_custom_msgs) JobProgress: {'identifier': 'turtlesim_custom_msgs', 'progress': 'cmake'}
[0.026107] (turtlesim_custom_msgs) Command: {'cmd': ['/usr/bin/cmake', '/home/basmala/ros2_ws/turtlesim_custom_msgs', '-DCMAKE_INSTALL_PREFIX=/home/basmala/ros2_ws/install/turtlesim_custom_msgs'], 'cwd': '/home/basmala/ros2_ws/build/turtlesim_custom_msgs', 'env': OrderedDict({'GJS_DEBUG_TOPICS': 'JS ERROR;JS LOG', 'PYTHON_BASIC_REPL': '1', 'LESSOPEN': '| /usr/bin/lesspipe %s', 'GZ_SIM_RESOURCE_PATH': '/opt/ros/jazzy/share', 'USER': 'basmala', 'LC_TIME': 'ar_EG.UTF-8', 'GZ_CONFIG_PATH': '/opt/ros/jazzy/opt/gz_sim_vendor/share/gz:/opt/ros/jazzy/opt/sdformat_vendor/share/gz:/opt/ros/jazzy/opt/gz_gui_vendor/share/gz:/opt/ros/jazzy/opt/gz_transport_vendor/share/gz:/opt/ros/jazzy/opt/gz_rendering_vendor/share/gz:/opt/ros/jazzy/opt/gz_plugin_vendor/share/gz:/opt/ros/jazzy/opt/gz_fuel_tools_vendor/share/gz:/opt/ros/jazzy/opt/gz_msgs_vendor/share/gz:/opt/ros/jazzy/opt/gz_common_vendor/share/gz', 'XDG_SESSION_TYPE': 'wayland', 'GIT_ASKPASS': '/usr/share/antigravity/resources/app/extensions/git/dist/askpass.sh', 'CLUTTER_DISABLE_MIPMAPPED_TEXT': '1', 'SHLVL': '1', 'LD_LIBRARY_PATH': '/home/basmala/ros2_ws/install/turtlesim_custom_msgs/lib:/home/basmala/ros2_ws/install/mecanum_drive_controller/lib:/home/basmala/ros2_ws/install/assignment2_custom_msgs_srvs/lib:/opt/ros/jazzy/opt/gz_sim_vendor/lib:/opt/ros/jazzy/opt/gz_sensors_vendor/lib:/opt/ros/jazzy/opt/gz_physics_vendor/lib:/opt/ros/jazzy/opt/sdformat_vendor/lib:/opt/ros/jazzy/opt/rviz_ogre_vendor/lib:/opt/ros/jazzy/lib/x86_64-linux-gnu:/opt/ros/jazzy/opt/gz_gui_vendor/lib:/opt/ros/jazzy/opt/gz_transport_vendor/lib:/opt/ros/jazzy/opt/gz_rendering_vendor/lib:/opt/ros/jazzy/opt/gz_plugin_vendor/lib:/opt/ros/jazzy/opt/gz_fuel_tools_vendor/lib:/opt/ros/jazzy/opt/gz_msgs_vendor/lib:/opt/ros/jazzy/opt/gz_common_vendor/lib:/opt/ros/jazzy/opt/gz_math_vendor/lib:/opt/ros/jazzy/opt/gz_utils_vendor/lib:/opt/ros/jazzy/opt/gz_tools_vendor/lib:/opt/ros/jazzy/opt/gz_ogre_next_vendor/lib:/opt/ros/jazzy/opt/gz_dartsim_vendor/lib:/opt/ros/jazzy/opt/gz_cmake_vendor/lib:/opt/ros/jazzy/lib', 'ANTIGRAVITY_CLI_ALIAS': 'agy', 'HOME': '/home/basmala', 'CHROME_DESKTOP': 'antigravity.desktop', 'OLDPWD': '/home/basmala/ros2_ws/src', 'TERM_PROGRAM_VERSION': '1.104.0', 'DESKTOP_SESSION': 'ubuntu', 'GIO_LAUNCHED_DESKTOP_FILE': '/usr/share/applications/antigravity.desktop', 'ROS_PYTHON_VERSION': '3', 'GNOME_SHELL_SESSION_MODE': 'ubuntu', 'GTK_MODULES': 'gail:atk-bridge', 'PAGER': 'cat', 'VSCODE_GIT_ASKPASS_MAIN': '/usr/share/antigravity/resources/app/extensions/git/dist/askpass-main.js', 'LC_MONETARY': 'ar_EG.UTF-8', 'VSCODE_GIT_ASKPASS_NODE': '/usr/share/antigravity/antigravity', 'MANAGERPID': '3085', 'PYDEVD_DISABLE_FILE_VALIDATION': '1', 'SYSTEMD_EXEC_PID': '3363', 'BUNDLED_DEBUGPY_PATH': '/home/basmala/.antigravity/extensions/ms-python.debugpy-2025.18.0-linux-x64/bundled/libs/debugpy', 'IM_CONFIG_CHECK_ENV': '1', 'VSCODE_PYTHON_AUTOACTIVATE_GUARD': '1', 'GSM_SKIP_SSH_AGENT_WORKAROUND': 'true', 'DBUS_SESSION_BUS_ADDRESS': 'unix:path=/run/user/1000/bus', 'COLORTERM': 'truecolor', 'ANTIGRAVITY_AGENT': '1', 'GIO_LAUNCHED_DESKTOP_FILE_PID': '71622', 'DEBUGINFOD_URLS': 'https://debuginfod.ubuntu.com', 'IM_CONFIG_PHASE': '1', 'WAYLAND_DISPLAY': 'wayland-0', 'COLCON_PREFIX_PATH': '/home/basmala/ros2_ws/install:/home/basmala/ros2_ws/src/install', 'ROS_DISTRO': 'jazzy', 'LOGNAME': 'basmala', 'JOURNAL_STREAM': '8:29348', '_': '/usr/bin/colcon', 'ROS_VERSION': '2', 'MEMORY_PRESSURE_WATCH': '/sys/fs/cgroup/user.slice/user-1000.slice/user@1000.service/session.slice/org.gnome.Shell@wayland.service/memory.pressure', 'XDG_SESSION_CLASS': 'user', 'USERNAME': 'basmala', 'TERM': 'xterm-256color', 'GNOME_DESKTOP_SESSION_ID': 'this-is-deprecated', 'PATH': '/home/basmala/.local/bin:/opt/ros/jazzy/opt/gz_msgs_vendor/bin:/opt/ros/jazzy/opt/gz_tools_vendor/bin:/opt/ros/jazzy/opt/gz_ogre_next_vendor/bin:/opt/ros/jazzy/bin:/home/basmala/.local/bin:/usr/local/sbin:/usr/local/bin:/usr/sbin:/usr/bin:/sbin:/bin:/usr/games:/usr/local/games:/snap/bin:/snap/bin:/home/basmala/.antigravity/extensions/ms-python.debugpy-2025.18.0-linux-x64/bundled/scripts/noConfigScripts', 'SESSION_MANAGER': 'local/basmala-Victus-by-HP-Laptop-16-d1xxx:@/tmp/.ICE-unix/3320,unix/basmala-Victus-by-HP-Laptop-16-d1xxx:/tmp/.ICE-unix/3320', 'INVOCATION_ID': '694191e11eb94a809305834f622f84d0', 'XDG_MENU_PREFIX': 'gnome-', 'LC_ADDRESS': 'ar_EG.UTF-8', 'GNOME_SETUP_DISPLAY': ':1', 'XDG_RUNTIME_DIR': '/run/user/1000', 'GDK_BACKEND': 'x11', 'DISPLAY': ':0', 'VSCODE_DEBUGPY_ADAPTER_ENDPOINTS': '/home/basmala/.antigravity/extensions/ms-python.debugpy-2025.18.0-linux-x64/.noConfigDebugAdapterEndpoints/endpoint-af7fd2ea1280fc9a.txt', 'LANG': 'en_US.UTF-8', 'XDG_CURRENT_DESKTOP': 'Unity', 'PYTHONSTARTUP': '/home/basmala/.config/Antigravity/User/workspaceStorage/252af9e7590a177e2820818b062d5291/ms-python.python/pythonrc.py', 'LC_TELEPHONE': 'ar_EG.UTF-8', 'XMODIFIERS': '@im=ibus', 'XDG_SESSION_DESKTOP': 'ubuntu', 'XAUTHORITY': '/run/user/1000/.mutter-Xwaylandauth.RDTNJ3', 'LS_COLORS': 'rs=0:di=01;34:ln=01;36:mh=00:pi=40;33:so=01;35:do=01;35:bd=40;33;01:cd=40;33;01:or=40;31;01:mi=00:su=37;41:sg=30;43:ca=00:tw=30;42:ow=34;42:st=37;44:ex=01;32:*.tar=01;31:*.tgz=01;31:*.arc=01;31:*.arj=01;31:*.taz=01;31:*.lha=01;31:*.lz4=01;31:*.lzh=01;31:*.lzma=01;31:*.tlz=01;31:*.txz=01;31:*.tzo=01;31:*.t7z=01;31:*.zip=01;31:*.z=01;31:*.dz=01;31:*.gz=01;31:*.lrz=01;31:*.lz=01;31:*.lzo=01;31:*.xz=01;31:*.zst=01;31:*.tzst=01;31:*.bz2=01;31:*.bz=01;31:*.tbz=01;31:*.tbz2=01;31:*.tz=01;31:*.deb=01;31:*.rpm=01;31:*.jar=01;31:*.war=01;31:*.ear=01;31:*.sar=01;31:*.rar=01;31:*.alz=01;31:*.ace=01;31:*.zoo=01;31:*.cpio=01;31:*.7z=01;31:*.rz=01;31:*.cab=01;31:*.wim=01;31:*.swm=01;31:*.dwm=01;31:*.esd=01;31:*.avif=01;35:*.jpg=01;35:*.jpeg=01;35:*.mjpg=01;35:*.mjpeg=01;35:*.gif=01;35:*.bmp=01;35:*.pbm=01;35:*.pgm=01;35:*.ppm=01;35:*.tga=01;35:*.xbm=01;35:*.xpm=01;35:*.tif=01;35:*.tiff=01;35:*.png=01;35:*.svg=01;35:*.svgz=01;35:*.mng=01;35:*.pcx=01;35:*.mov=01;35:*.mpg=01;35:*.mpeg=01;35:*.m2v=01;35:*.mkv=01;35:*.webm=01;35:*.webp=01;35:*.ogm=01;35:*.mp4=01;35:*.m4v=01;35:*.mp4v=01;35:*.vob=01;35:*.qt=01;35:*.nuv=01;35:*.wmv=01;35:*.asf=01;35:*.rm=01;35:*.rmvb=01;35:*.flc=01;35:*.avi=01;35:*.fli=01;35:*.flv=01;35:*.gl=01;35:*.dl=01;35:*.xcf=01;35:*.xwd=01;35:*.yuv=01;35:*.cgm=01;35:*.emf=01;35:*.ogv=01;35:*.ogx=01;35:*.aac=00;36:*.au=00;36:*.flac=00;36:*.m4a=00;36:*.mid=00;36:*.midi=00;36:*.mka=00;36:*.mp3=00;36:*.mpc=00;36:*.ogg=00;36:*.ra=00;36:*.wav=00;36:*.oga=00;36:*.opus=00;36:*.spx=00;36:*.xspf=00;36:*~=00;90:*#=00;90:*.bak=00;90:*.crdownload=00;90:*.dpkg-dist=00;90:*.dpkg-new=00;90:*.dpkg-old=00;90:*.dpkg-tmp=00;90:*.old=00;90:*.orig=00;90:*.part=00;90:*.rej=00;90:*.rpmnew=00;90:*.rpmorig=00;90:*.rpmsave=00;90:*.swp=00;90:*.tmp=00;90:*.ucf-dist=00;90:*.ucf-new=00;90:*.ucf-old=00;90:', 'SBX_CHROME_API_RQ': '1', 'VSCODE_GIT_IPC_HANDLE': '/run/user/1000/vscode-git-a6e8c44245.sock', 'TERM_PROGRAM': 'vscode', 'SSH_AUTH_SOCK': '/run/user/1000/keyring/ssh', 'AMENT_PREFIX_PATH': '/home/basmala/ros2_ws/install/yahboom_rosmaster:/home/basmala/ros2_ws/install/yahboom_rosmaster_system_tests:/home/basmala/ros2_ws/install/yahboom_rosmaster_gazebo:/home/basmala/ros2_ws/install/yahboom_rosmaster_description:/home/basmala/ros2_ws/install/yahboom_rosmaster_bringup:/home/basmala/ros2_ws/install/turtlesim_controller:/home/basmala/ros2_ws/install/turtlesim_custom_msgs:/home/basmala/ros2_ws/install/mecanum_drive_controller:/home/basmala/ros2_ws/install/first_package_python:/home/basmala/ros2_ws/install/first_package_cpp:/home/basmala/ros2_ws/install/bme_gazebo_sensors:/home/basmala/ros2_ws/install/assignment2_rt:/home/basmala/ros2_ws/install/assignment2_custom_msgs_srvs:/home/basmala/ros2_ws/install/assignment1_rt:/opt/ros/jazzy', 'ORIGINAL_XDG_CURRENT_DESKTOP': 'ubuntu:GNOME', 'SHELL': '/bin/bash', 'LC_NAME': 'ar_EG.UTF-8', 'QT_ACCESSIBILITY': '1', 'GDMSESSION': 'ubuntu', 'LESSCLOSE': '/usr/bin/lesspipe %s %s', 'LC_MEASUREMENT': 'ar_EG.UTF-8', 'GJS_DEBUG_OUTPUT': 'stderr', 'LC_IDENTIFICATION': 'ar_EG.UTF-8', 'ROS_AUTOMATIC_DISCOVERY_RANGE': 'SUBNET', 'VSCODE_GIT_ASKPASS_EXTRA_ARGS': '', 'QT_IM_MODULE': 'ibus', 'PWD': '/home/basmala/ros2_ws/build/turtlesim_custom_msgs', 'XDG_CONFIG_DIRS': '/etc/xdg/xdg-ubuntu:/etc/xdg', 'XDG_DATA_DIRS': '/usr/share/ubuntu:/usr/share/gnome:/usr/local/share/:/usr/share/:/var/lib/snapd/desktop', 'PYTHONPATH': '/home/basmala/ros2_ws/install/turtlesim_custom_msgs/lib/python3.12/site-packages:/home/basmala/ros2_ws/install/first_package_python/lib/python3.12/site-packages:/home/basmala/ros2_ws/install/assignment2_custom_msgs_srvs/lib/python3.12/site-packages:/opt/ros/jazzy/lib/python3.12/site-packages', 'LC_NUMERIC': 'ar_EG.UTF-8', 'LC_PAPER': 'ar_EG.UTF-8', 'COLCON': '1', 'MEMORY_PRESSURE_WRITE': 'c29tZSAyMDAwMDAgMjAwMDAwMAA=', 'CMAKE_PREFIX_PATH': '/home/basmala/ros2_ws/install/yahboom_rosmaster:/home/basmala/ros2_ws/install/yahboom_rosmaster_system_tests:/home/basmala/ros2_ws/install/yahboom_rosmaster_gazebo:/home/basmala/ros2_ws/install/yahboom_rosmaster_description:/home/basmala/ros2_ws/install/yahboom_rosmaster_bringup:/home/basmala/ros2_ws/install/turtlesim_controller:/home/basmala/ros2_ws/install/turtlesim_custom_msgs:/home/basmala/ros2_ws/install/mecanum_drive_controller:/home/basmala/ros2_ws/install/first_package_cpp:/home/basmala/ros2_ws/install/bme_gazebo_sensors:/home/basmala/ros2_ws/install/assignment2_rt:/home/basmala/ros2_ws/install/assignment2_custom_msgs_srvs:/home/basmala/ros2_ws/install/assignment1_rt:/opt/ros/jazzy/opt/gz_sim_vendor:/opt/ros/jazzy/opt/gz_sensors_vendor:/opt/ros/jazzy/opt/gz_physics_vendor:/opt/ros/jazzy/opt/sdformat_vendor:/opt/ros/jazzy/opt/gz_gui_vendor:/opt/ros/jazzy/opt/gz_transport_vendor:/opt/ros/jazzy/opt/gz_rendering_vendor:/opt/ros/jazzy/opt/gz_plugin_vendor:/opt/ros/jazzy/opt/gz_fuel_tools_vendor:/opt/ros/jazzy/opt/gz_msgs_vendor:/opt/ros/jazzy/opt/gz_common_vendor:/opt/ros/jazzy/opt/gz_math_vendor:/opt/ros/jazzy/opt/gz_utils_vendor:/opt/ros/jazzy/opt/gz_tools_vendor:/opt/ros/jazzy/opt/gz_ogre_next_vendor:/opt/ros/jazzy/opt/gz_dartsim_vendor:/opt/ros/jazzy/opt/gz_cmake_vendor:/home/basmala/ros2_ws/install/first_package_python:/opt/ros/jazzy'}), 'shell': False}
[0.035857] (assignment2_rt) JobProgress: {'identifier': 'assignment2_rt', 'progress': 'cmake'}
[0.037466] (assignment2_rt) JobProgress: {'identifier': 'assignment2_rt', 'progress': 'build'}
[0.038658] (assignment2_rt) Command: {'cmd': ['/usr/bin/cmake', '--build', '/home/basmala/ros2_ws/build/assignment2_rt', '--', '-j20', '-l20'], 'cwd': '/home/basmala/ros2_ws/build/assignment2_rt', 'env': OrderedDict({'GJS_DEBUG_TOPICS': 'JS ERROR;JS LOG', 'PYTHON_BASIC_REPL': '1', 'LESSOPEN': '| /usr/bin/lesspipe %s', 'GZ_SIM_RESOURCE_PATH': '/opt/ros/jazzy/share', 'USER': 'basmala', 'LC_TIME': 'ar_EG.UTF-8', 'GZ_CONFIG_PATH': '/opt/ros/jazzy/opt/gz_sim_vendor/share/gz:/opt/ros/jazzy/opt/sdformat_vendor/share/gz:/opt/ros/jazzy/opt/gz_gui_vendor/share/gz:/opt/ros/jazzy/opt/gz_transport_vendor/share/gz:/opt/ros/jazzy/opt/gz_rendering_vendor/share/gz:/opt/ros/jazzy/opt/gz_plugin_vendor/share/gz:/opt/ros/jazzy/opt/gz_fuel_tools_vendor/share/gz:/opt/ros/jazzy/opt/gz_msgs_vendor/share/gz:/opt/ros/jazzy/opt/gz_common_vendor/share/gz', 'XDG_SESSION_TYPE': 'wayland', 'GIT_ASKPASS': '/usr/share/antigravity/resources/app/extensions/git/dist/askpass.sh', 'CLUTTER_DISABLE_MIPMAPPED_TEXT': '1', 'SHLVL': '1', 'LD_LIBRARY_PATH': '/home/basmala/ros2_ws/install/assignment2_custom_msgs_srvs/lib:/home/basmala/ros2_ws/install/turtlesim_custom_msgs/lib:/home/basmala/ros2_ws/install/mecanum_drive_controller/lib:/opt/ros/jazzy/opt/gz_sim_vendor/lib:/opt/ros/jazzy/opt/gz_sensors_vendor/lib:/opt/ros/jazzy/opt/gz_physics_vendor/lib:/opt/ros/jazzy/opt/sdformat_vendor/lib:/opt/ros/jazzy/opt/rviz_ogre_vendor/lib:/opt/ros/jazzy/lib/x86_64-linux-gnu:/opt/ros/jazzy/opt/gz_gui_vendor/lib:/opt/ros/jazzy/opt/gz_transport_vendor/lib:/opt/ros/jazzy/opt/gz_rendering_vendor/lib:/opt/ros/jazzy/opt/gz_plugin_vendor/lib:/opt/ros/jazzy/opt/gz_fuel_tools_vendor/lib:/opt/ros/jazzy/opt/gz_msgs_vendor/lib:/opt/ros/jazzy/opt/gz_common_vendor/lib:/opt/ros/jazzy/opt/gz_math_vendor/lib:/opt/ros/jazzy/opt/gz_utils_vendor/lib:/opt/ros/jazzy/opt/gz_tools_vendor/lib:/opt/ros/jazzy/opt/gz_ogre_next_vendor/lib:/opt/ros/jazzy/opt/gz_dartsim_vendor/lib:/opt/ros/jazzy/opt/gz_cmake_vendor/lib:/opt/ros/jazzy/lib', 'ANTIGRAVITY_CLI_ALIAS': 'agy', 'HOME': '/home/basmala', 'CHROME_DESKTOP': 'antigravity.desktop', 'OLDPWD': '/home/basmala/ros2_ws/src', 'TERM_PROGRAM_VERSION': '1.104.0', 'DESKTOP_SESSION': 'ubuntu', 'GIO_LAUNCHED_DESKTOP_FILE': '/usr/share/applications/antigravity.desktop', 'ROS_PYTHON_VERSION': '3', 'GNOME_SHELL_SESSION_MODE': 'ubuntu', 'GTK_MODULES': 'gail:atk-bridge', 'PAGER': 'cat', 'VSCODE_GIT_ASKPASS_MAIN': '/usr/share/antigravity/resources/app/extensions/git/dist/askpass-main.js', 'LC_MONETARY': 'ar_EG.UTF-8', 'VSCODE_GIT_ASKPASS_NODE': '/usr/share/antigravity/antigravity', 'MANAGERPID': '3085', 'PYDEVD_DISABLE_FILE_VALIDATION': '1', 'SYSTEMD_EXEC_PID': '3363', 'BUNDLED_DEBUGPY_PATH': '/home/basmala/.antigravity/extensions/ms-python.debugpy-2025.18.0-linux-x64/bundled/libs/debugpy', 'IM_CONFIG_CHECK_ENV': '1', 'VSCODE_PYTHON_AUTOACTIVATE_GUARD': '1', 'GSM_SKIP_SSH_AGENT_WORKAROUND': 'true', 'DBUS_SESSION_BUS_ADDRESS': 'unix:path=/run/user/1000/bus', 'COLORTERM': 'truecolor', 'ANTIGRAVITY_AGENT': '1', 'GIO_LAUNCHED_DESKTOP_FILE_PID': '71622', 'DEBUGINFOD_URLS': 'https://debuginfod.ubuntu.com', 'IM_CONFIG_PHASE': '1', 'WAYLAND_DISPLAY': 'wayland-0', 'COLCON_PREFIX_PATH': '/home/basmala/ros2_ws/install:/home/basmala/ros2_ws/src/install', 'ROS_DISTRO': 'jazzy', 'LOGNAME': 'basmala', 'JOURNAL_STREAM': '8:29348', '_': '/usr/bin/colcon', 'ROS_VERSION': '2', 'MEMORY_PRESSURE_WATCH': '/sys/fs/cgroup/user.slice/user-1000.slice/user@1000.service/session.slice/org.gnome.Shell@wayland.service/memory.pressure', 'XDG_SESSION_CLASS': 'user', 'USERNAME': 'basmala', 'TERM': 'xterm-256color', 'GNOME_DESKTOP_SESSION_ID': 'this-is-deprecated', 'PATH': '/home/basmala/.local/bin:/opt/ros/jazzy/opt/gz_msgs_vendor/bin:/opt/ros/jazzy/opt/gz_tools_vendor/bin:/opt/ros/jazzy/opt/gz_ogre_next_vendor/bin:/opt/ros/jazzy/bin:/home/basmala/.local/bin:/usr/local/sbin:/usr/local/bin:/usr/sbin:/usr/bin:/sbin:/bin:/usr/games:/usr/local/games:/snap/bin:/snap/bin:/home/basmala/.antigravity/extensions/ms-python.debugpy-2025.18.0-linux-x64/bundled/scripts/noConfigScripts', 'SESSION_MANAGER': 'local/basmala-Victus-by-HP-Laptop-16-d1xxx:@/tmp/.ICE-unix/3320,unix/basmala-Victus-by-HP-Laptop-16-d1xxx:/tmp/.ICE-unix/3320', 'INVOCATION_ID': '694191e11eb94a809305834f622f84d0', 'XDG_MENU_PREFIX': 'gnome-', 'LC_ADDRESS': 'ar_EG.UTF-8', 'GNOME_SETUP_DISPLAY': ':1', 'XDG_RUNTIME_DIR': '/run/user/1000', 'GDK_BACKEND': 'x11', 'DISPLAY': ':0', 'VSCODE_DEBUGPY_ADAPTER_ENDPOINTS': '/home/basmala/.antigravity/extensions/ms-python.debugpy-2025.18.0-linux-x64/.noConfigDebugAdapterEndpoints/endpoint-af7fd2ea1280fc9a.txt', 'LANG': 'en_US.UTF-8', 'XDG_CURRENT_DESKTOP': 'Unity', 'PYTHONSTARTUP': '/home/basmala/.config/Antigravity/User/workspaceStorage/252af9e7590a177e2820818b062d5291/ms-python.python/pythonrc.py', 'LC_TELEPHONE': 'ar_EG.UTF-8', 'XMODIFIERS': '@im=ibus', 'XDG_SESSION_DESKTOP': 'ubuntu', 'XAUTHORITY': '/run/user/1000/.mutter-Xwaylandauth.RDTNJ3', 'LS_COLORS': 'rs=0:di=01;34:ln=01;36:mh=00:pi=40;33:so=01;35:do=01;35:bd=40;33;01:cd=40;33;01:or=40;31;01:mi=00:su=37;41:sg=30;43:ca=00:tw=30;42:ow=34;42:st=37;44:ex=01;32:*.tar=01;31:*.tgz=01;31:*.arc=01;31:*.arj=01;31:*.taz=01;31:*.lha=01;31:*.lz4=01;31:*.lzh=01;31:*.lzma=01;31:*.tlz=01;31:*.txz=01;31:*.tzo=01;31:*.t7z=01;31:*.zip=01;31:*.z=01;31:*.dz=01;31:*.gz=01;31:*.lrz=01;31:*.lz=01;31:*.lzo=01;31:*.xz=01;31:*.zst=01;31:*.tzst=01;31:*.bz2=01;31:*.bz=01;31:*.tbz=01;31:*.tbz2=01;31:*.tz=01;31:*.deb=01;31:*.rpm=01;31:*.jar=01;31:*.war=01;31:*.ear=01;31:*.sar=01;31:*.rar=01;31:*.alz=01;31:*.ace=01;31:*.zoo=01;31:*.cpio=01;31:*.7z=01;31:*.rz=01;31:*.cab=01;31:*.wim=01;31:*.swm=01;31:*.dwm=01;31:*.esd=01;31:*.avif=01;35:*.jpg=01;35:*.jpeg=01;35:*.mjpg=01;35:*.mjpeg=01;35:*.gif=01;35:*.bmp=01;35:*.pbm=01;35:*.pgm=01;35:*.ppm=01;35:*.tga=01;35:*.xbm=01;35:*.xpm=01;35:*.tif=01;35:*.tiff=01;35:*.png=01;35:*.svg=01;35:*.svgz=01;35:*.mng=01;35:*.pcx=01;35:*.mov=01;35:*.mpg=01;35:*.mpeg=01;35:*.m2v=01;35:*.mkv=01;35:*.webm=01;35:*.webp=01;35:*.ogm=01;35:*.mp4=01;35:*.m4v=01;35:*.mp4v=01;35:*.vob=01;35:*.qt=01;35:*.nuv=01;35:*.wmv=01;35:*.asf=01;35:*.rm=01;35:*.rmvb=01;35:*.flc=01;35:*.avi=01;35:*.fli=01;35:*.flv=01;35:*.gl=01;35:*.dl=01;35:*.xcf=01;35:*.xwd=01;35:*.yuv=01;35:*.cgm=01;35:*.emf=01;35:*.ogv=01;35:*.ogx=01;35:*.aac=00;36:*.au=00;36:*.flac=00;36:*.m4a=00;36:*.mid=00;36:*.midi=00;36:*.mka=00;36:*.mp3=00;36:*.mpc=00;36:*.ogg=00;36:*.ra=00;36:*.wav=00;36:*.oga=00;36:*.opus=00;36:*.spx=00;36:*.xspf=00;36:*~=00;90:*#=00;90:*.bak=00;90:*.crdownload=00;90:*.dpkg-dist=00;90:*.dpkg-new=00;90:*.dpkg-old=00;90:*.dpkg-tmp=00;90:*.old=00;90:*.orig=00;90:*.part=00;90:*.rej=00;90:*.rpmnew=00;90:*.rpmorig=00;90:*.rpmsave=00;90:*.swp=00;90:*.tmp=00;90:*.ucf-dist=00;90:*.ucf-new=00;90:*.ucf-old=00;90:', 'SBX_CHROME_API_RQ': '1', 'VSCODE_GIT_IPC_HANDLE': '/run/user/1000/vscode-git-a6e8c44245.sock', 'TERM_PROGRAM': 'vscode', 'SSH_AUTH_SOCK': '/run/user/1000/keyring/ssh', 'AMENT_PREFIX_PATH': '/home/basmala/ros2_ws/install/yahboom_rosmaster:/home/basmala/ros2_ws/install/yahboom_rosmaster_system_tests:/home/basmala/ros2_ws/install/yahboom_rosmaster_gazebo:/home/basmala/ros2_ws/install/yahboom_rosmaster_description:/home/basmala/ros2_ws/install/yahboom_rosmaster_bringup:/home/basmala/ros2_ws/install/turtlesim_controller:/home/basmala/ros2_ws/install/turtlesim_custom_msgs:/home/basmala/ros2_ws/install/mecanum_drive_controller:/home/basmala/ros2_ws/install/first_package_python:/home/basmala/ros2_ws/install/first_package_cpp:/home/basmala/ros2_ws/install/bme_gazebo_sensors:/home/basmala/ros2_ws/install/assignment2_rt:/home/basmala/ros2_ws/install/assignment2_custom_msgs_srvs:/home/basmala/ros2_ws/install/assignment1_rt:/opt/ros/jazzy', 'ORIGINAL_XDG_CURRENT_DESKTOP': 'ubuntu:GNOME', 'SHELL': '/bin/bash', 'LC_NAME': 'ar_EG.UTF-8', 'QT_ACCESSIBILITY': '1', 'GDMSESSION': 'ubuntu', 'LESSCLOSE': '/usr/bin/lesspipe %s %s', 'LC_MEASUREMENT': 'ar_EG.UTF-8', 'GJS_DEBUG_OUTPUT': 'stderr', 'LC_IDENTIFICATION': 'ar_EG.UTF-8', 'ROS_AUTOMATIC_DISCOVERY_RANGE': 'SUBNET', 'VSCODE_GIT_ASKPASS_EXTRA_ARGS': '', 'QT_IM_MODULE': 'ibus', 'PWD': '/home/basmala/ros2_ws/build/assignment2_rt', 'XDG_CONFIG_DIRS': '/etc/xdg/xdg-ubuntu:/etc/xdg', 'XDG_DATA_DIRS': '/usr/share/ubuntu:/usr/share/gnome:/usr/local/share/:/usr/share/:/var/lib/snapd/desktop', 'PYTHONPATH': '/home/basmala/ros2_ws/install/assignment2_custom_msgs_srvs/lib/python3.12/site-packages:/home/basmala/ros2_ws/install/turtlesim_custom_msgs/lib/python3.12/site-packages:/home/basmala/ros2_ws/install/first_package_python/lib/python3.12/site-packages:/opt/ros/jazzy/lib/python3.12/site-packages', 'LC_NUMERIC': 'ar_EG.UTF-8', 'LC_PAPER': 'ar_EG.UTF-8', 'COLCON': '1', 'MEMORY_PRESSURE_WRITE': 'c29tZSAyMDAwMDAgMjAwMDAwMAA=', 'CMAKE_PREFIX_PATH': '/home/basmala/ros2_ws/install/assignment2_custom_msgs_srvs:/home/basmala/ros2_ws/install/yahboom_rosmaster:/home/basmala/ros2_ws/install/yahboom_rosmaster_system_tests:/home/basmala/ros2_ws/install/yahboom_rosmaster_gazebo:/home/basmala/ros2_ws/install/yahboom_rosmaster_description:/home/basmala/ros2_ws/install/yahboom_rosmaster_bringup:/home/basmala/ros2_ws/install/turtlesim_controller:/home/basmala/ros2_ws/install/turtlesim_custom_msgs:/home/basmala/ros2_ws/install/mecanum_drive_controller:/home/basmala/ros2_ws/install/first_package_cpp:/home/basmala/ros2_ws/install/bme_gazebo_sensors:/home/basmala/ros2_ws/install/assignment2_rt:/home/basmala/ros2_ws/install/assignment1_rt:/opt/ros/jazzy/opt/gz_sim_vendor:/opt/ros/jazzy/opt/gz_sensors_vendor:/opt/ros/jazzy/opt/gz_physics_vendor:/opt/ros/jazzy/opt/sdformat_vendor:/opt/ros/jazzy/opt/gz_gui_vendor:/opt/ros/jazzy/opt/gz_transport_vendor:/opt/ros/jazzy/opt/gz_rendering_vendor:/opt/ros/jazzy/opt/gz_plugin_vendor:/opt/ros/jazzy/opt/gz_fuel_tools_vendor:/opt/ros/jazzy/opt/gz_msgs_vendor:/opt/ros/jazzy/opt/gz_common_vendor:/opt/ros/jazzy/opt/gz_math_vendor:/opt/ros/jazzy/opt/gz_utils_vendor:/opt/ros/jazzy/opt/gz_tools_vendor:/opt/ros/jazzy/opt/gz_ogre_next_vendor:/opt/ros/jazzy/opt/gz_dartsim_vendor:/opt/ros/jazzy/opt/gz_cmake_vendor:/home/basmala/ros2_ws/install/first_package_python:/opt/ros/jazzy'}), 'shell': False}
[0.099414] (-) TimerEvent: {}
[0.155773] (turtlesim_custom_msgs) StdoutLine: {'line': b'-- The C compiler identification is GNU 13.3.0\n'}
[0.160708] (assignment2_rt) StdoutLine: {'line': b'[ 50%] Built target UI\n'}
[0.177516] (assignment2_rt) StdoutLine: {'line': b'[ 75%] \x1b[32mBuilding CXX object CMakeFiles/Robot_Control.dir/src/Robot_Control.cpp.o\x1b[0m\n'}
[0.199505] (-) TimerEvent: {}
[0.260473] (turtlesim_custom_msgs) StdoutLine: {'line': b'-- The CXX compiler identification is GNU 13.3.0\n'}
[0.293938] (turtlesim_custom_msgs) StdoutLine: {'line': b'-- Detecting C compiler ABI info\n'}
[0.299727] (-) TimerEvent: {}
[0.400309] (-) TimerEvent: {}
[0.482420] (turtlesim_custom_msgs) StdoutLine: {'line': b'-- Detecting C compiler ABI info - done\n'}
[0.500538] (-) TimerEvent: {}
[0.501159] (turtlesim_custom_msgs) StdoutLine: {'line': b'-- Check for working C compiler: /usr/bin/cc - skipped\n'}
[0.507264] (turtlesim_custom_msgs) StdoutLine: {'line': b'-- Detecting C compile features\n'}
[0.508401] (turtlesim_custom_msgs) StdoutLine: {'line': b'-- Detecting C compile features - done\n'}
[0.526151] (turtlesim_custom_msgs) StdoutLine: {'line': b'-- Detecting CXX compiler ABI info\n'}
[0.600658] (-) TimerEvent: {}
[0.701245] (-) TimerEvent: {}
[0.712033] (turtlesim_custom_msgs) StdoutLine: {'line': b'-- Detecting CXX compiler ABI info - done\n'}
[0.728124] (turtlesim_custom_msgs) StdoutLine: {'line': b'-- Check for working CXX compiler: /usr/bin/c++ - skipped\n'}
[0.728757] (turtlesim_custom_msgs) StdoutLine: {'line': b'-- Detecting CXX compile features\n'}
[0.729364] (turtlesim_custom_msgs) StdoutLine: {'line': b'-- Detecting CXX compile features - done\n'}
[0.736795] (turtlesim_custom_msgs) StdoutLine: {'line': b'-- Found ament_cmake: 2.5.4 (/opt/ros/jazzy/share/ament_cmake/cmake)\n'}
[0.801404] (-) TimerEvent: {}
[0.901887] (-) TimerEvent: {}
[1.002466] (-) TimerEvent: {}
[1.050979] (turtlesim_custom_msgs) StdoutLine: {'line': b'-- Found Python3: /usr/bin/python3 (found version "3.12.3") found components: Interpreter \n'}
[1.102579] (-) TimerEvent: {}
[1.203109] (-) TimerEvent: {}
[1.286971] (turtlesim_custom_msgs) StdoutLine: {'line': b'-- Found rosidl_default_generators: 1.6.0 (/opt/ros/jazzy/share/rosidl_default_generators/cmake)\n'}
[1.303323] (-) TimerEvent: {}
[1.307016] (turtlesim_custom_msgs) StdoutLine: {'line': b'-- Using all available rosidl_typesupport_c: rosidl_typesupport_fastrtps_c;rosidl_typesupport_introspection_c\n'}
[1.403662] (-) TimerEvent: {}
[1.429054] (turtlesim_custom_msgs) StdoutLine: {'line': b'-- Using all available rosidl_typesupport_cpp: rosidl_typesupport_fastrtps_cpp;rosidl_typesupport_introspection_cpp\n'}
[1.503771] (-) TimerEvent: {}
[1.525079] (turtlesim_custom_msgs) StdoutLine: {'line': b'-- Found rosidl_adapter: 4.6.6 (/opt/ros/jazzy/share/rosidl_adapter/cmake)\n'}
[1.603920] (-) TimerEvent: {}
[1.704616] (-) TimerEvent: {}
[1.805127] (-) TimerEvent: {}
[1.905632] (-) TimerEvent: {}
[2.006138] (-) TimerEvent: {}
[2.106706] (-) TimerEvent: {}
[2.207235] (-) TimerEvent: {}
[2.307969] (-) TimerEvent: {}
[2.408456] (-) TimerEvent: {}
[2.508845] (-) TimerEvent: {}
[2.580806] (turtlesim_custom_msgs) StdoutLine: {'line': b'-- Found ament_cmake_ros: 0.12.0 (/opt/ros/jazzy/share/ament_cmake_ros/cmake)\n'}
[2.609019] (-) TimerEvent: {}
[2.709488] (-) TimerEvent: {}
[2.810230] (-) TimerEvent: {}
[2.910743] (-) TimerEvent: {}
[3.011345] (-) TimerEvent: {}
[3.111775] (-) TimerEvent: {}
[3.212337] (-) TimerEvent: {}
[3.308656] (turtlesim_custom_msgs) StdoutLine: {'line': b'-- Using all available rosidl_typesupport_c: rosidl_typesupport_fastrtps_c;rosidl_typesupport_introspection_c\n'}
[3.312509] (-) TimerEvent: {}
[3.413013] (-) TimerEvent: {}
[3.513305] (-) TimerEvent: {}
[3.526754] (assignment2_rt) StderrLine: {'line': b'\x1b[01m\x1b[K/home/basmala/ros2_ws/assignment2_rt/src/Robot_Control.cpp:99:38:\x1b[m\x1b[K \x1b[01;31m\x1b[Kerror: \x1b[m\x1b[K\xe2\x80\x98\x1b[01m\x1b[KFloat32\x1b[m\x1b[K\xe2\x80\x99 is not a member of \xe2\x80\x98\x1b[01m\x1b[Kstd_msgs::msg\x1b[m\x1b[K\xe2\x80\x99\n'}
[3.527091] (assignment2_rt) StderrLine: {'line': b'   99 |     rclcpp::Publisher<std_msgs::msg::\x1b[01;31m\x1b[KFloat32\x1b[m\x1b[K>::SharedPtr fixed_point_distance_publisher_;\n'}
[3.527216] (assignment2_rt) StderrLine: {'line': b'      |                                      \x1b[01;31m\x1b[K^~~~~~~\x1b[m\x1b[K\n'}
[3.527327] (assignment2_rt) StderrLine: {'line': b'\x1b[01m\x1b[K/home/basmala/ros2_ws/assignment2_rt/src/Robot_Control.cpp:99:45:\x1b[m\x1b[K \x1b[01;31m\x1b[Kerror: \x1b[m\x1b[Ktemplate argument 1 is invalid\n'}
[3.527453] (assignment2_rt) StderrLine: {'line': b'   99 |     rclcpp::Publisher<std_msgs::msg::Float32\x1b[01;31m\x1b[K>\x1b[m\x1b[K::SharedPtr fixed_point_distance_publisher_;\n'}
[3.527555] (assignment2_rt) StderrLine: {'line': b'      |                                             \x1b[01;31m\x1b[K^\x1b[m\x1b[K\n'}
[3.527647] (assignment2_rt) StderrLine: {'line': b'\x1b[01m\x1b[K/home/basmala/ros2_ws/assignment2_rt/src/Robot_Control.cpp:99:48:\x1b[m\x1b[K \x1b[01;31m\x1b[Kerror: \x1b[m\x1b[Kexpected \xe2\x80\x98\x1b[01m\x1b[K;\x1b[m\x1b[K\xe2\x80\x99 at end of member declaration\n'}
[3.527743] (assignment2_rt) StderrLine: {'line': b'   99 |     rclcpp::Publisher<std_msgs::msg::Float32>::\x1b[01;31m\x1b[KSharedPtr\x1b[m\x1b[K fixed_point_distance_publisher_;\n'}
[3.527832] (assignment2_rt) StderrLine: {'line': b'      |                                                \x1b[01;31m\x1b[K^~~~~~~~~\x1b[m\x1b[K\n'}
[3.527932] (assignment2_rt) StderrLine: {'line': b'      |                                                         \x1b[32m\x1b[K;\x1b[m\x1b[K\n'}
[3.539461] (assignment2_rt) StderrLine: {'line': b'\x1b[01m\x1b[K/home/basmala/ros2_ws/assignment2_rt/src/Robot_Control.cpp:99:58:\x1b[m\x1b[K \x1b[01;31m\x1b[Kerror: \x1b[m\x1b[K\xe2\x80\x98\x1b[01m\x1b[Kfixed_point_distance_publisher_\x1b[m\x1b[K\xe2\x80\x99 does not name a type\n'}
[3.539749] (assignment2_rt) StderrLine: {'line': b'   99 |   rclcpp::Publisher<std_msgs::msg::Float32>::SharedPtr \x1b[01;31m\x1b[Kfixed_point_distance_publisher_\x1b[m\x1b[K;\n'}
[3.539871] (assignment2_rt) StderrLine: {'line': b'      |                                                        \x1b[01;31m\x1b[K^~~~~~~~~~~~~~~~~~~~~~~~~~~~~~~\x1b[m\x1b[K\n'}
[3.539977] (assignment2_rt) StderrLine: {'line': b'\n'}
[3.613731] (-) TimerEvent: {}
[3.703023] (assignment2_rt) StderrLine: {'line': b'\x1b[01m\x1b[K/home/basmala/ros2_ws/assignment2_rt/src/Robot_Control.cpp:\x1b[m\x1b[K In constructor \xe2\x80\x98\x1b[01m\x1b[KRobotControlNode::\x1b[01;32m\x1b[KRobotControlNode\x1b[m\x1b[K()\x1b[m\x1b[K\xe2\x80\x99:\n'}
[3.703364] (assignment2_rt) StderrLine: {'line': b'\x1b[01m\x1b[K/home/basmala/ros2_ws/assignment2_rt/src/Robot_Control.cpp:34:9:\x1b[m\x1b[K \x1b[01;31m\x1b[Kerror: \x1b[m\x1b[K\xe2\x80\x98\x1b[01m\x1b[Kfixed_point_distance_publisher_\x1b[m\x1b[K\xe2\x80\x99 was not declared in this scope\n'}
[3.703559] (assignment2_rt) StderrLine: {'line': b'   34 |         \x1b[01;31m\x1b[Kfixed_point_distance_publisher_\x1b[m\x1b[K = this->create_publisher<std_msgs::msg::Float32>(\n'}
[3.703693] (assignment2_rt) StderrLine: {'line': b'      |         \x1b[01;31m\x1b[K^~~~~~~~~~~~~~~~~~~~~~~~~~~~~~~\x1b[m\x1b[K\n'}
[3.704269] (assignment2_rt) StderrLine: {'line': b'\x1b[01m\x1b[K/home/basmala/ros2_ws/assignment2_rt/src/Robot_Control.cpp:34:81:\x1b[m\x1b[K \x1b[01;31m\x1b[Kerror: \x1b[m\x1b[K\xe2\x80\x98\x1b[01m\x1b[KFloat32\x1b[m\x1b[K\xe2\x80\x99 is not a member of \xe2\x80\x98\x1b[01m\x1b[Kstd_msgs::msg\x1b[m\x1b[K\xe2\x80\x99\n'}
[3.704509] (assignment2_rt) StderrLine: {'line': b'   34 | tance_publisher_ = this->create_publisher<std_msgs::msg::\x1b[01;31m\x1b[KFloat32\x1b[m\x1b[K>(\n'}
[3.704662] (assignment2_rt) StderrLine: {'line': b'      |                                                          \x1b[01;31m\x1b[K^~~~~~~\x1b[m\x1b[K\n'}
[3.704791] (assignment2_rt) StderrLine: {'line': b'\n'}
[3.704912] (assignment2_rt) StderrLine: {'line': b'\x1b[01m\x1b[K/home/basmala/ros2_ws/assignment2_rt/src/Robot_Control.cpp:34:89:\x1b[m\x1b[K \x1b[01;31m\x1b[Kerror: \x1b[m\x1b[Kno matching function for call to \xe2\x80\x98\x1b[01m\x1b[KRobotControlNode::create_publisher<<expression error> >(const char [21], int)\x1b[m\x1b[K\xe2\x80\x99\n'}
[3.705039] (assignment2_rt) StderrLine: {'line': b'   34 | tance_publisher_ = \x1b[01;31m\x1b[Kthis->create_publisher<std_msgs::msg::Float32>(\x1b[m\x1b[K\n'}
[3.705204] (assignment2_rt) StderrLine: {'line': b'      |                    \x1b[01;31m\x1b[K~~~~~~~~~~~~~~~~~~~~~~~~~~~~~~~~~~~~~~~~~~~~~~^\x1b[m\x1b[K\n'}
[3.705370] (assignment2_rt) StderrLine: {'line': b'\n'}
[3.705564] (assignment2_rt) StderrLine: {'line': b'   35 | \x1b[01;31m\x1b[Kt_distance", 10)\x1b[m\x1b[K;\n'}
[3.705753] (assignment2_rt) StderrLine: {'line': b'      | \x1b[01;31m\x1b[K~~~~~~~~~~~~~~~~\x1b[m\x1b[K                                                  \n'}
[3.705918] (assignment2_rt) StderrLine: {'line': b'\n'}
[3.706325] (assignment2_rt) StderrLine: {'line': b'In file included from \x1b[01m\x1b[K/opt/ros/jazzy/include/rclcpp/rclcpp/node.hpp:1663\x1b[m\x1b[K,\n'}
[3.706716] (assignment2_rt) StderrLine: {'line': b'                 from \x1b[01m\x1b[K/opt/ros/jazzy/include/rclcpp/rclcpp/executors/single_threaded_executor.hpp:28\x1b[m\x1b[K,\n'}
[3.706842] (assignment2_rt) StderrLine: {'line': b'                 from \x1b[01m\x1b[K/opt/ros/jazzy/include/rclcpp/rclcpp/executors.hpp:22\x1b[m\x1b[K,\n'}
[3.706957] (assignment2_rt) StderrLine: {'line': b'                 from \x1b[01m\x1b[K/opt/ros/jazzy/include/rclcpp/rclcpp/rclcpp.hpp:172\x1b[m\x1b[K,\n'}
[3.707080] (assignment2_rt) StderrLine: {'line': b'                 from \x1b[01m\x1b[K/home/basmala/ros2_ws/assignment2_rt/src/Robot_Control.cpp:8\x1b[m\x1b[K:\n'}
[3.707222] (assignment2_rt) StderrLine: {'line': b'\x1b[01m\x1b[K/opt/ros/jazzy/include/rclcpp/rclcpp/node_impl.hpp:73:1:\x1b[m\x1b[K \x1b[01;36m\x1b[Knote: \x1b[m\x1b[Kcandidate: \xe2\x80\x98\x1b[01m\x1b[Ktemplate<class MessageT, class AllocatorT, class PublisherT> std::shared_ptr<PublisherT> rclcpp::Node::\x1b[01;32m\x1b[Kcreate_publisher\x1b[m\x1b[K(const std::string&, const rclcpp::QoS&, const rclcpp::PublisherOptionsWithAllocator<AllocatorT>&)\x1b[m\x1b[K\xe2\x80\x99\n'}
[3.707411] (assignment2_rt) StderrLine: {'line': b'   73 | \x1b[01;36m\x1b[KNode\x1b[m\x1b[K::create_publisher(\n'}
[3.707602] (assignment2_rt) StderrLine: {'line': b'      | \x1b[01;36m\x1b[K^~~~\x1b[m\x1b[K\n'}
[3.707771] (assignment2_rt) StderrLine: {'line': b'\x1b[01m\x1b[K/opt/ros/jazzy/include/rclcpp/rclcpp/node_impl.hpp:73:1:\x1b[m\x1b[K \x1b[01;36m\x1b[Knote: \x1b[m\x1b[K  template argument deduction/substitution failed:\n'}
[3.708066] (assignment2_rt) StderrLine: {'line': b'\x1b[01m\x1b[K/home/basmala/ros2_ws/assignment2_rt/src/Robot_Control.cpp:34:89:\x1b[m\x1b[K \x1b[01;31m\x1b[Kerror: \x1b[m\x1b[Ktemplate argument 1 is invalid\n'}
[3.708259] (assignment2_rt) StderrLine: {'line': b'   34 | tance_publisher_ = \x1b[01;31m\x1b[Kthis->create_publisher<std_msgs::msg::Float32>(\x1b[m\x1b[K\n'}
[3.708462] (assignment2_rt) StderrLine: {'line': b'      |                    \x1b[01;31m\x1b[K~~~~~~~~~~~~~~~~~~~~~~~~~~~~~~~~~~~~~~~~~~~~~~^\x1b[m\x1b[K\n'}
[3.708642] (assignment2_rt) StderrLine: {'line': b'\n'}
[3.708785] (assignment2_rt) StderrLine: {'line': b'   35 | \x1b[01;31m\x1b[Kt_distance", 10)\x1b[m\x1b[K;\n'}
[3.708940] (assignment2_rt) StderrLine: {'line': b'      | \x1b[01;31m\x1b[K~~~~~~~~~~~~~~~~\x1b[m\x1b[K                                                  \n'}
[3.709082] (assignment2_rt) StderrLine: {'line': b'\n'}
[3.714033] (-) TimerEvent: {}
[3.763428] (assignment2_rt) StderrLine: {'line': b'\x1b[01m\x1b[K/home/basmala/ros2_ws/assignment2_rt/src/Robot_Control.cpp:\x1b[m\x1b[K In member function \xe2\x80\x98\x1b[01m\x1b[Kvoid RobotControlNode::\x1b[01;32m\x1b[KmodifyFixedPointCallback\x1b[m\x1b[K(std::shared_ptr<assignment2_custom_msgs_srvs::srv::ModifyFixedPoint_Request_<std::allocator<void> > >, std::shared_ptr<assignment2_custom_msgs_srvs::srv::ModifyFixedPoint_Response_<std::allocator<void> > >)\x1b[m\x1b[K\xe2\x80\x99:\n'}
[3.763897] (assignment2_rt) StderrLine: {'line': b'\x1b[01m\x1b[K/home/basmala/ros2_ws/assignment2_rt/src/Robot_Control.cpp:214:19:\x1b[m\x1b[K \x1b[01;31m\x1b[Kerror: \x1b[m\x1b[K\xe2\x80\x98\x1b[01m\x1b[Kusing std::__shared_ptr_access<assignment2_custom_msgs_srvs::srv::ModifyFixedPoint_Response_<std::allocator<void> >, __gnu_cxx::_S_atomic, false, false>::element_type = struct assignment2_custom_msgs_srvs::srv::ModifyFixedPoint_Response_<std::allocator<void> >\x1b[m\x1b[K\xe2\x80\x99 {aka \xe2\x80\x98\x1b[01m\x1b[Kstruct assignment2_custom_msgs_srvs::srv::ModifyFixedPoint_Response_<std::allocator<void> >\x1b[m\x1b[K\xe2\x80\x99} has no member named \xe2\x80\x98\x1b[01m\x1b[Ksuccess\x1b[m\x1b[K\xe2\x80\x99\n'}
[3.764235] (assignment2_rt) StderrLine: {'line': b'  214 |         response->\x1b[01;31m\x1b[Ksuccess\x1b[m\x1b[K = true;\n'}
[3.764553] (assignment2_rt) StderrLine: {'line': b'      |                   \x1b[01;31m\x1b[K^~~~~~~\x1b[m\x1b[K\n'}
[3.765089] (assignment2_rt) StderrLine: {'line': b'\x1b[01m\x1b[K/home/basmala/ros2_ws/assignment2_rt/src/Robot_Control.cpp:\x1b[m\x1b[K In member function \xe2\x80\x98\x1b[01m\x1b[Kvoid RobotControlNode::\x1b[01;32m\x1b[KcheckFixedPointDistance\x1b[m\x1b[K()\x1b[m\x1b[K\xe2\x80\x99:\n'}
[3.765585] (assignment2_rt) StderrLine: {'line': b'\x1b[01m\x1b[K/home/basmala/ros2_ws/assignment2_rt/src/Robot_Control.cpp:225:44:\x1b[m\x1b[K \x1b[01;31m\x1b[Kerror: \x1b[m\x1b[K\xe2\x80\x98\x1b[01m\x1b[KFloat32\x1b[m\x1b[K\xe2\x80\x99 is not a member of \xe2\x80\x98\x1b[01m\x1b[Kstd_msgs::msg\x1b[m\x1b[K\xe2\x80\x99\n'}
[3.765801] (assignment2_rt) StderrLine: {'line': b'  225 |         auto distance_msg = std_msgs::msg::\x1b[01;31m\x1b[KFloat32\x1b[m\x1b[K();\n'}
[3.765923] (assignment2_rt) StderrLine: {'line': b'      |                                            \x1b[01;31m\x1b[K^~~~~~~\x1b[m\x1b[K\n'}
[3.790350] (assignment2_rt) StderrLine: {'line': b'\x1b[01m\x1b[K/home/basmala/ros2_ws/assignment2_rt/src/Robot_Control.cpp:227:9:\x1b[m\x1b[K \x1b[01;31m\x1b[Kerror: \x1b[m\x1b[K\xe2\x80\x98\x1b[01m\x1b[Kfixed_point_distance_publisher_\x1b[m\x1b[K\xe2\x80\x99 was not declared in this scope\n'}
[3.790743] (assignment2_rt) StderrLine: {'line': b'  227 |         \x1b[01;31m\x1b[Kfixed_point_distance_publisher_\x1b[m\x1b[K->publish(distance_msg);\n'}
[3.790903] (assignment2_rt) StderrLine: {'line': b'      |         \x1b[01;31m\x1b[K^~~~~~~~~~~~~~~~~~~~~~~~~~~~~~~\x1b[m\x1b[K\n'}
[3.814217] (-) TimerEvent: {}
[3.915139] (-) TimerEvent: {}
[4.015540] (-) TimerEvent: {}
[4.116158] (-) TimerEvent: {}
[4.216525] (-) TimerEvent: {}
[4.234402] (turtlesim_custom_msgs) StdoutLine: {'line': b'-- Using all available rosidl_typesupport_cpp: rosidl_typesupport_fastrtps_cpp;rosidl_typesupport_introspection_cpp\n'}
[4.241297] (turtlesim_custom_msgs) StdoutLine: {'line': b'-- Found python_cmake_module: 0.11.1 (/opt/ros/jazzy/share/python_cmake_module/cmake)\n'}
[4.316649] (-) TimerEvent: {}
[4.417204] (-) TimerEvent: {}
[4.472674] (turtlesim_custom_msgs) StdoutLine: {'line': b'-- Found PythonExtra: /usr/bin/python3  \n'}
[4.517315] (-) TimerEvent: {}
[4.618023] (-) TimerEvent: {}
[4.718796] (-) TimerEvent: {}
[4.819290] (-) TimerEvent: {}
[4.920051] (-) TimerEvent: {}
[5.020670] (-) TimerEvent: {}
[5.121355] (-) TimerEvent: {}
[5.191428] (turtlesim_custom_msgs) StdoutLine: {'line': b'-- Found Python3: /usr/bin/python3 (found version "3.12.3") found components: Interpreter Development NumPy Development.Module Development.Embed \n'}
[5.221516] (-) TimerEvent: {}
[5.241852] (turtlesim_custom_msgs) StdoutLine: {'line': b'-- Found ament_lint_auto: 0.17.3 (/opt/ros/jazzy/share/ament_lint_auto/cmake)\n'}
[5.277316] (turtlesim_custom_msgs) StdoutLine: {'line': b"-- Added test 'lint_cmake' to check CMake code style\n"}
[5.279249] (turtlesim_custom_msgs) StdoutLine: {'line': b"-- Added test 'xmllint' to check XML markup files\n"}
[5.282431] (turtlesim_custom_msgs) StdoutLine: {'line': b'-- Configuring done (5.2s)\n'}
[5.321736] (-) TimerEvent: {}
[5.322154] (turtlesim_custom_msgs) StdoutLine: {'line': b'-- Generating done (0.0s)\n'}
[5.335102] (turtlesim_custom_msgs) StdoutLine: {'line': b'-- Build files have been written to: /home/basmala/ros2_ws/build/turtlesim_custom_msgs\n'}
[5.349361] (turtlesim_custom_msgs) CommandEnded: {'returncode': 0}
[5.350254] (turtlesim_custom_msgs) JobProgress: {'identifier': 'turtlesim_custom_msgs', 'progress': 'build'}
[5.350882] (turtlesim_custom_msgs) Command: {'cmd': ['/usr/bin/cmake', '--build', '/home/basmala/ros2_ws/build/turtlesim_custom_msgs', '--', '-j20', '-l20'], 'cwd': '/home/basmala/ros2_ws/build/turtlesim_custom_msgs', 'env': OrderedDict({'GJS_DEBUG_TOPICS': 'JS ERROR;JS LOG', 'PYTHON_BASIC_REPL': '1', 'LESSOPEN': '| /usr/bin/lesspipe %s', 'GZ_SIM_RESOURCE_PATH': '/opt/ros/jazzy/share', 'USER': 'basmala', 'LC_TIME': 'ar_EG.UTF-8', 'GZ_CONFIG_PATH': '/opt/ros/jazzy/opt/gz_sim_vendor/share/gz:/opt/ros/jazzy/opt/sdformat_vendor/share/gz:/opt/ros/jazzy/opt/gz_gui_vendor/share/gz:/opt/ros/jazzy/opt/gz_transport_vendor/share/gz:/opt/ros/jazzy/opt/gz_rendering_vendor/share/gz:/opt/ros/jazzy/opt/gz_plugin_vendor/share/gz:/opt/ros/jazzy/opt/gz_fuel_tools_vendor/share/gz:/opt/ros/jazzy/opt/gz_msgs_vendor/share/gz:/opt/ros/jazzy/opt/gz_common_vendor/share/gz', 'XDG_SESSION_TYPE': 'wayland', 'GIT_ASKPASS': '/usr/share/antigravity/resources/app/extensions/git/dist/askpass.sh', 'CLUTTER_DISABLE_MIPMAPPED_TEXT': '1', 'SHLVL': '1', 'LD_LIBRARY_PATH': '/home/basmala/ros2_ws/install/turtlesim_custom_msgs/lib:/home/basmala/ros2_ws/install/mecanum_drive_controller/lib:/home/basmala/ros2_ws/install/assignment2_custom_msgs_srvs/lib:/opt/ros/jazzy/opt/gz_sim_vendor/lib:/opt/ros/jazzy/opt/gz_sensors_vendor/lib:/opt/ros/jazzy/opt/gz_physics_vendor/lib:/opt/ros/jazzy/opt/sdformat_vendor/lib:/opt/ros/jazzy/opt/rviz_ogre_vendor/lib:/opt/ros/jazzy/lib/x86_64-linux-gnu:/opt/ros/jazzy/opt/gz_gui_vendor/lib:/opt/ros/jazzy/opt/gz_transport_vendor/lib:/opt/ros/jazzy/opt/gz_rendering_vendor/lib:/opt/ros/jazzy/opt/gz_plugin_vendor/lib:/opt/ros/jazzy/opt/gz_fuel_tools_vendor/lib:/opt/ros/jazzy/opt/gz_msgs_vendor/lib:/opt/ros/jazzy/opt/gz_common_vendor/lib:/opt/ros/jazzy/opt/gz_math_vendor/lib:/opt/ros/jazzy/opt/gz_utils_vendor/lib:/opt/ros/jazzy/opt/gz_tools_vendor/lib:/opt/ros/jazzy/opt/gz_ogre_next_vendor/lib:/opt/ros/jazzy/opt/gz_dartsim_vendor/lib:/opt/ros/jazzy/opt/gz_cmake_vendor/lib:/opt/ros/jazzy/lib', 'ANTIGRAVITY_CLI_ALIAS': 'agy', 'HOME': '/home/basmala', 'CHROME_DESKTOP': 'antigravity.desktop', 'OLDPWD': '/home/basmala/ros2_ws/src', 'TERM_PROGRAM_VERSION': '1.104.0', 'DESKTOP_SESSION': 'ubuntu', 'GIO_LAUNCHED_DESKTOP_FILE': '/usr/share/applications/antigravity.desktop', 'ROS_PYTHON_VERSION': '3', 'GNOME_SHELL_SESSION_MODE': 'ubuntu', 'GTK_MODULES': 'gail:atk-bridge', 'PAGER': 'cat', 'VSCODE_GIT_ASKPASS_MAIN': '/usr/share/antigravity/resources/app/extensions/git/dist/askpass-main.js', 'LC_MONETARY': 'ar_EG.UTF-8', 'VSCODE_GIT_ASKPASS_NODE': '/usr/share/antigravity/antigravity', 'MANAGERPID': '3085', 'PYDEVD_DISABLE_FILE_VALIDATION': '1', 'SYSTEMD_EXEC_PID': '3363', 'BUNDLED_DEBUGPY_PATH': '/home/basmala/.antigravity/extensions/ms-python.debugpy-2025.18.0-linux-x64/bundled/libs/debugpy', 'IM_CONFIG_CHECK_ENV': '1', 'VSCODE_PYTHON_AUTOACTIVATE_GUARD': '1', 'GSM_SKIP_SSH_AGENT_WORKAROUND': 'true', 'DBUS_SESSION_BUS_ADDRESS': 'unix:path=/run/user/1000/bus', 'COLORTERM': 'truecolor', 'ANTIGRAVITY_AGENT': '1', 'GIO_LAUNCHED_DESKTOP_FILE_PID': '71622', 'DEBUGINFOD_URLS': 'https://debuginfod.ubuntu.com', 'IM_CONFIG_PHASE': '1', 'WAYLAND_DISPLAY': 'wayland-0', 'COLCON_PREFIX_PATH': '/home/basmala/ros2_ws/install:/home/basmala/ros2_ws/src/install', 'ROS_DISTRO': 'jazzy', 'LOGNAME': 'basmala', 'JOURNAL_STREAM': '8:29348', '_': '/usr/bin/colcon', 'ROS_VERSION': '2', 'MEMORY_PRESSURE_WATCH': '/sys/fs/cgroup/user.slice/user-1000.slice/user@1000.service/session.slice/org.gnome.Shell@wayland.service/memory.pressure', 'XDG_SESSION_CLASS': 'user', 'USERNAME': 'basmala', 'TERM': 'xterm-256color', 'GNOME_DESKTOP_SESSION_ID': 'this-is-deprecated', 'PATH': '/home/basmala/.local/bin:/opt/ros/jazzy/opt/gz_msgs_vendor/bin:/opt/ros/jazzy/opt/gz_tools_vendor/bin:/opt/ros/jazzy/opt/gz_ogre_next_vendor/bin:/opt/ros/jazzy/bin:/home/basmala/.local/bin:/usr/local/sbin:/usr/local/bin:/usr/sbin:/usr/bin:/sbin:/bin:/usr/games:/usr/local/games:/snap/bin:/snap/bin:/home/basmala/.antigravity/extensions/ms-python.debugpy-2025.18.0-linux-x64/bundled/scripts/noConfigScripts', 'SESSION_MANAGER': 'local/basmala-Victus-by-HP-Laptop-16-d1xxx:@/tmp/.ICE-unix/3320,unix/basmala-Victus-by-HP-Laptop-16-d1xxx:/tmp/.ICE-unix/3320', 'INVOCATION_ID': '694191e11eb94a809305834f622f84d0', 'XDG_MENU_PREFIX': 'gnome-', 'LC_ADDRESS': 'ar_EG.UTF-8', 'GNOME_SETUP_DISPLAY': ':1', 'XDG_RUNTIME_DIR': '/run/user/1000', 'GDK_BACKEND': 'x11', 'DISPLAY': ':0', 'VSCODE_DEBUGPY_ADAPTER_ENDPOINTS': '/home/basmala/.antigravity/extensions/ms-python.debugpy-2025.18.0-linux-x64/.noConfigDebugAdapterEndpoints/endpoint-af7fd2ea1280fc9a.txt', 'LANG': 'en_US.UTF-8', 'XDG_CURRENT_DESKTOP': 'Unity', 'PYTHONSTARTUP': '/home/basmala/.config/Antigravity/User/workspaceStorage/252af9e7590a177e2820818b062d5291/ms-python.python/pythonrc.py', 'LC_TELEPHONE': 'ar_EG.UTF-8', 'XMODIFIERS': '@im=ibus', 'XDG_SESSION_DESKTOP': 'ubuntu', 'XAUTHORITY': '/run/user/1000/.mutter-Xwaylandauth.RDTNJ3', 'LS_COLORS': 'rs=0:di=01;34:ln=01;36:mh=00:pi=40;33:so=01;35:do=01;35:bd=40;33;01:cd=40;33;01:or=40;31;01:mi=00:su=37;41:sg=30;43:ca=00:tw=30;42:ow=34;42:st=37;44:ex=01;32:*.tar=01;31:*.tgz=01;31:*.arc=01;31:*.arj=01;31:*.taz=01;31:*.lha=01;31:*.lz4=01;31:*.lzh=01;31:*.lzma=01;31:*.tlz=01;31:*.txz=01;31:*.tzo=01;31:*.t7z=01;31:*.zip=01;31:*.z=01;31:*.dz=01;31:*.gz=01;31:*.lrz=01;31:*.lz=01;31:*.lzo=01;31:*.xz=01;31:*.zst=01;31:*.tzst=01;31:*.bz2=01;31:*.bz=01;31:*.tbz=01;31:*.tbz2=01;31:*.tz=01;31:*.deb=01;31:*.rpm=01;31:*.jar=01;31:*.war=01;31:*.ear=01;31:*.sar=01;31:*.rar=01;31:*.alz=01;31:*.ace=01;31:*.zoo=01;31:*.cpio=01;31:*.7z=01;31:*.rz=01;31:*.cab=01;31:*.wim=01;31:*.swm=01;31:*.dwm=01;31:*.esd=01;31:*.avif=01;35:*.jpg=01;35:*.jpeg=01;35:*.mjpg=01;35:*.mjpeg=01;35:*.gif=01;35:*.bmp=01;35:*.pbm=01;35:*.pgm=01;35:*.ppm=01;35:*.tga=01;35:*.xbm=01;35:*.xpm=01;35:*.tif=01;35:*.tiff=01;35:*.png=01;35:*.svg=01;35:*.svgz=01;35:*.mng=01;35:*.pcx=01;35:*.mov=01;35:*.mpg=01;35:*.mpeg=01;35:*.m2v=01;35:*.mkv=01;35:*.webm=01;35:*.webp=01;35:*.ogm=01;35:*.mp4=01;35:*.m4v=01;35:*.mp4v=01;35:*.vob=01;35:*.qt=01;35:*.nuv=01;35:*.wmv=01;35:*.asf=01;35:*.rm=01;35:*.rmvb=01;35:*.flc=01;35:*.avi=01;35:*.fli=01;35:*.flv=01;35:*.gl=01;35:*.dl=01;35:*.xcf=01;35:*.xwd=01;35:*.yuv=01;35:*.cgm=01;35:*.emf=01;35:*.ogv=01;35:*.ogx=01;35:*.aac=00;36:*.au=00;36:*.flac=00;36:*.m4a=00;36:*.mid=00;36:*.midi=00;36:*.mka=00;36:*.mp3=00;36:*.mpc=00;36:*.ogg=00;36:*.ra=00;36:*.wav=00;36:*.oga=00;36:*.opus=00;36:*.spx=00;36:*.xspf=00;36:*~=00;90:*#=00;90:*.bak=00;90:*.crdownload=00;90:*.dpkg-dist=00;90:*.dpkg-new=00;90:*.dpkg-old=00;90:*.dpkg-tmp=00;90:*.old=00;90:*.orig=00;90:*.part=00;90:*.rej=00;90:*.rpmnew=00;90:*.rpmorig=00;90:*.rpmsave=00;90:*.swp=00;90:*.tmp=00;90:*.ucf-dist=00;90:*.ucf-new=00;90:*.ucf-old=00;90:', 'SBX_CHROME_API_RQ': '1', 'VSCODE_GIT_IPC_HANDLE': '/run/user/1000/vscode-git-a6e8c44245.sock', 'TERM_PROGRAM': 'vscode', 'SSH_AUTH_SOCK': '/run/user/1000/keyring/ssh', 'AMENT_PREFIX_PATH': '/home/basmala/ros2_ws/install/yahboom_rosmaster:/home/basmala/ros2_ws/install/yahboom_rosmaster_system_tests:/home/basmala/ros2_ws/install/yahboom_rosmaster_gazebo:/home/basmala/ros2_ws/install/yahboom_rosmaster_description:/home/basmala/ros2_ws/install/yahboom_rosmaster_bringup:/home/basmala/ros2_ws/install/turtlesim_controller:/home/basmala/ros2_ws/install/turtlesim_custom_msgs:/home/basmala/ros2_ws/install/mecanum_drive_controller:/home/basmala/ros2_ws/install/first_package_python:/home/basmala/ros2_ws/install/first_package_cpp:/home/basmala/ros2_ws/install/bme_gazebo_sensors:/home/basmala/ros2_ws/install/assignment2_rt:/home/basmala/ros2_ws/install/assignment2_custom_msgs_srvs:/home/basmala/ros2_ws/install/assignment1_rt:/opt/ros/jazzy', 'ORIGINAL_XDG_CURRENT_DESKTOP': 'ubuntu:GNOME', 'SHELL': '/bin/bash', 'LC_NAME': 'ar_EG.UTF-8', 'QT_ACCESSIBILITY': '1', 'GDMSESSION': 'ubuntu', 'LESSCLOSE': '/usr/bin/lesspipe %s %s', 'LC_MEASUREMENT': 'ar_EG.UTF-8', 'GJS_DEBUG_OUTPUT': 'stderr', 'LC_IDENTIFICATION': 'ar_EG.UTF-8', 'ROS_AUTOMATIC_DISCOVERY_RANGE': 'SUBNET', 'VSCODE_GIT_ASKPASS_EXTRA_ARGS': '', 'QT_IM_MODULE': 'ibus', 'PWD': '/home/basmala/ros2_ws/build/turtlesim_custom_msgs', 'XDG_CONFIG_DIRS': '/etc/xdg/xdg-ubuntu:/etc/xdg', 'XDG_DATA_DIRS': '/usr/share/ubuntu:/usr/share/gnome:/usr/local/share/:/usr/share/:/var/lib/snapd/desktop', 'PYTHONPATH': '/home/basmala/ros2_ws/install/turtlesim_custom_msgs/lib/python3.12/site-packages:/home/basmala/ros2_ws/install/first_package_python/lib/python3.12/site-packages:/home/basmala/ros2_ws/install/assignment2_custom_msgs_srvs/lib/python3.12/site-packages:/opt/ros/jazzy/lib/python3.12/site-packages', 'LC_NUMERIC': 'ar_EG.UTF-8', 'LC_PAPER': 'ar_EG.UTF-8', 'COLCON': '1', 'MEMORY_PRESSURE_WRITE': 'c29tZSAyMDAwMDAgMjAwMDAwMAA=', 'CMAKE_PREFIX_PATH': '/home/basmala/ros2_ws/install/yahboom_rosmaster:/home/basmala/ros2_ws/install/yahboom_rosmaster_system_tests:/home/basmala/ros2_ws/install/yahboom_rosmaster_gazebo:/home/basmala/ros2_ws/install/yahboom_rosmaster_description:/home/basmala/ros2_ws/install/yahboom_rosmaster_bringup:/home/basmala/ros2_ws/install/turtlesim_controller:/home/basmala/ros2_ws/install/turtlesim_custom_msgs:/home/basmala/ros2_ws/install/mecanum_drive_controller:/home/basmala/ros2_ws/install/first_package_cpp:/home/basmala/ros2_ws/install/bme_gazebo_sensors:/home/basmala/ros2_ws/install/assignment2_rt:/home/basmala/ros2_ws/install/assignment2_custom_msgs_srvs:/home/basmala/ros2_ws/install/assignment1_rt:/opt/ros/jazzy/opt/gz_sim_vendor:/opt/ros/jazzy/opt/gz_sensors_vendor:/opt/ros/jazzy/opt/gz_physics_vendor:/opt/ros/jazzy/opt/sdformat_vendor:/opt/ros/jazzy/opt/gz_gui_vendor:/opt/ros/jazzy/opt/gz_transport_vendor:/opt/ros/jazzy/opt/gz_rendering_vendor:/opt/ros/jazzy/opt/gz_plugin_vendor:/opt/ros/jazzy/opt/gz_fuel_tools_vendor:/opt/ros/jazzy/opt/gz_msgs_vendor:/opt/ros/jazzy/opt/gz_common_vendor:/opt/ros/jazzy/opt/gz_math_vendor:/opt/ros/jazzy/opt/gz_utils_vendor:/opt/ros/jazzy/opt/gz_tools_vendor:/opt/ros/jazzy/opt/gz_ogre_next_vendor:/opt/ros/jazzy/opt/gz_dartsim_vendor:/opt/ros/jazzy/opt/gz_cmake_vendor:/home/basmala/ros2_ws/install/first_package_python:/opt/ros/jazzy'}), 'shell': False}
[5.414429] (turtlesim_custom_msgs) StdoutLine: {'line': b'[  2%] \x1b[34m\x1b[1mGenerating type hashes for ROS interfaces\x1b[0m\n'}
[5.421815] (-) TimerEvent: {}
[5.425511] (turtlesim_custom_msgs) StdoutLine: {'line': b'[  2%] Built target ament_cmake_python_copy_turtlesim_custom_msgs\n'}
[5.521985] (-) TimerEvent: {}
[5.622558] (-) TimerEvent: {}
[5.684956] (turtlesim_custom_msgs) StdoutLine: {'line': b'[  2%] Built target turtlesim_custom_msgs__rosidl_generator_type_description\n'}
[5.701329] (turtlesim_custom_msgs) StdoutLine: {'line': b'[  4%] \x1b[34m\x1b[1mGenerating C code for ROS interfaces\x1b[0m\n'}
[5.704851] (turtlesim_custom_msgs) StdoutLine: {'line': b'running egg_info\n'}
[5.706082] (turtlesim_custom_msgs) StdoutLine: {'line': b'creating turtlesim_custom_msgs.egg-info\n'}
[5.720754] (turtlesim_custom_msgs) StdoutLine: {'line': b'[  6%] \x1b[34m\x1b[1mGenerating C++ code for ROS interfaces\x1b[0m\n'}
[5.722683] (-) TimerEvent: {}
[5.729733] (turtlesim_custom_msgs) StdoutLine: {'line': b'writing turtlesim_custom_msgs.egg-info/PKG-INFO\n'}
[5.730324] (turtlesim_custom_msgs) StdoutLine: {'line': b'writing dependency_links to turtlesim_custom_msgs.egg-info/dependency_links.txt\n'}
[5.730552] (turtlesim_custom_msgs) StdoutLine: {'line': b'writing top-level names to turtlesim_custom_msgs.egg-info/top_level.txt\n'}
[5.730732] (turtlesim_custom_msgs) StdoutLine: {'line': b"writing manifest file 'turtlesim_custom_msgs.egg-info/SOURCES.txt'\n"}
[5.799060] (turtlesim_custom_msgs) StdoutLine: {'line': b"reading manifest file 'turtlesim_custom_msgs.egg-info/SOURCES.txt'\n"}
[5.799692] (turtlesim_custom_msgs) StdoutLine: {'line': b"writing manifest file 'turtlesim_custom_msgs.egg-info/SOURCES.txt'\n"}
[5.822892] (-) TimerEvent: {}
[5.838889] (turtlesim_custom_msgs) StdoutLine: {'line': b'[  6%] Built target ament_cmake_python_build_turtlesim_custom_msgs_egg\n'}
[5.923042] (-) TimerEvent: {}
[6.023453] (-) TimerEvent: {}
[6.104783] (turtlesim_custom_msgs) StdoutLine: {'line': b'[  6%] Built target turtlesim_custom_msgs__cpp\n'}
[6.123645] (-) TimerEvent: {}
[6.140056] (turtlesim_custom_msgs) StdoutLine: {'line': b'[ 13%] \x1b[32mBuilding C object CMakeFiles/turtlesim_custom_msgs__rosidl_generator_c.dir/rosidl_generator_c/turtlesim_custom_msgs/msg/detail/vel__functions.c.o\x1b[0m\n'}
[6.140589] (turtlesim_custom_msgs) StdoutLine: {'line': b'[ 13%] \x1b[32mBuilding C object CMakeFiles/turtlesim_custom_msgs__rosidl_generator_c.dir/rosidl_generator_c/turtlesim_custom_msgs/srv/detail/velocity__functions.c.o\x1b[0m\n'}
[6.140778] (turtlesim_custom_msgs) StdoutLine: {'line': b'[ 13%] \x1b[32mBuilding C object CMakeFiles/turtlesim_custom_msgs__rosidl_generator_c.dir/rosidl_generator_c/turtlesim_custom_msgs/msg/detail/vel__type_support.c.o\x1b[0m\n'}
[6.142948] (turtlesim_custom_msgs) StdoutLine: {'line': b'[ 15%] \x1b[32mBuilding C object CMakeFiles/turtlesim_custom_msgs__rosidl_generator_c.dir/rosidl_generator_c/turtlesim_custom_msgs/msg/detail/vel__description.c.o\x1b[0m\n'}
[6.146035] (turtlesim_custom_msgs) StdoutLine: {'line': b'[ 18%] \x1b[32mBuilding C object CMakeFiles/turtlesim_custom_msgs__rosidl_generator_c.dir/rosidl_generator_c/turtlesim_custom_msgs/srv/detail/velocity__description.c.o\x1b[0m\n'}
[6.147506] (turtlesim_custom_msgs) StdoutLine: {'line': b'[ 20%] \x1b[32mBuilding C object CMakeFiles/turtlesim_custom_msgs__rosidl_generator_c.dir/rosidl_generator_c/turtlesim_custom_msgs/srv/detail/velocity__type_support.c.o\x1b[0m\n'}
[6.223832] (-) TimerEvent: {}
[6.244634] (turtlesim_custom_msgs) StdoutLine: {'line': b'[ 22%] \x1b[32m\x1b[1mLinking C shared library libturtlesim_custom_msgs__rosidl_generator_c.so\x1b[0m\n'}
[6.295327] (turtlesim_custom_msgs) StdoutLine: {'line': b'[ 22%] Built target turtlesim_custom_msgs__rosidl_generator_c\n'}
[6.311148] (turtlesim_custom_msgs) StdoutLine: {'line': b'[ 27%] \x1b[34m\x1b[1mGenerating C++ type support for eProsima Fast-RTPS\x1b[0m\n'}
[6.311575] (turtlesim_custom_msgs) StdoutLine: {'line': b'[ 27%] \x1b[34m\x1b[1mGenerating C++ introspection for ROS interfaces\x1b[0m\n'}
[6.315559] (turtlesim_custom_msgs) StdoutLine: {'line': b'[ 29%] \x1b[34m\x1b[1mGenerating C type support for eProsima Fast-RTPS\x1b[0m\n'}
[6.316324] (turtlesim_custom_msgs) StdoutLine: {'line': b'[ 31%] \x1b[34m\x1b[1mGenerating C type support dispatch for ROS interfaces\x1b[0m\n'}
[6.316761] (turtlesim_custom_msgs) StdoutLine: {'line': b'[ 34%] \x1b[34m\x1b[1mGenerating C++ type support dispatch for ROS interfaces\x1b[0m\n'}
[6.317572] (turtlesim_custom_msgs) StdoutLine: {'line': b'[ 36%] \x1b[34m\x1b[1mGenerating C introspection for ROS interfaces\x1b[0m\n'}
[6.323945] (-) TimerEvent: {}
[6.424403] (-) TimerEvent: {}
[6.524870] (-) TimerEvent: {}
[6.625252] (-) TimerEvent: {}
[6.692917] (turtlesim_custom_msgs) StdoutLine: {'line': b'[ 38%] \x1b[32mBuilding CXX object CMakeFiles/turtlesim_custom_msgs__rosidl_typesupport_c.dir/rosidl_typesupport_c/turtlesim_custom_msgs/srv/velocity__type_support.cpp.o\x1b[0m\n'}
[6.696304] (turtlesim_custom_msgs) StdoutLine: {'line': b'[ 40%] \x1b[32mBuilding CXX object CMakeFiles/turtlesim_custom_msgs__rosidl_typesupport_c.dir/rosidl_typesupport_c/turtlesim_custom_msgs/msg/vel__type_support.cpp.o\x1b[0m\n'}
[6.718453] (turtlesim_custom_msgs) StdoutLine: {'line': b'[ 43%] \x1b[32mBuilding CXX object CMakeFiles/turtlesim_custom_msgs__rosidl_typesupport_cpp.dir/rosidl_typesupport_cpp/turtlesim_custom_msgs/msg/vel__type_support.cpp.o\x1b[0m\n'}
[6.724161] (turtlesim_custom_msgs) StdoutLine: {'line': b'[ 45%] \x1b[32mBuilding CXX object CMakeFiles/turtlesim_custom_msgs__rosidl_typesupport_cpp.dir/rosidl_typesupport_cpp/turtlesim_custom_msgs/srv/velocity__type_support.cpp.o\x1b[0m\n'}
[6.724615] (turtlesim_custom_msgs) StdoutLine: {'line': b'[ 50%] \x1b[32mBuilding CXX object CMakeFiles/turtlesim_custom_msgs__rosidl_typesupport_introspection_cpp.dir/rosidl_typesupport_introspection_cpp/turtlesim_custom_msgs/msg/detail/vel__type_support.cpp.o\x1b[0m\n'}
[6.724852] (turtlesim_custom_msgs) StdoutLine: {'line': b'[ 50%] \x1b[32mBuilding CXX object CMakeFiles/turtlesim_custom_msgs__rosidl_typesupport_introspection_cpp.dir/rosidl_typesupport_introspection_cpp/turtlesim_custom_msgs/srv/detail/velocity__type_support.cpp.o\x1b[0m\n'}
[6.725333] (-) TimerEvent: {}
[6.732964] (turtlesim_custom_msgs) StdoutLine: {'line': b'[ 52%] \x1b[32mBuilding C object CMakeFiles/turtlesim_custom_msgs__rosidl_typesupport_introspection_c.dir/rosidl_typesupport_introspection_c/turtlesim_custom_msgs/msg/detail/vel__type_support.c.o\x1b[0m\n'}
[6.736600] (turtlesim_custom_msgs) StdoutLine: {'line': b'[ 54%] \x1b[32mBuilding C object CMakeFiles/turtlesim_custom_msgs__rosidl_typesupport_introspection_c.dir/rosidl_typesupport_introspection_c/turtlesim_custom_msgs/srv/detail/velocity__type_support.c.o\x1b[0m\n'}
[6.782798] (turtlesim_custom_msgs) StdoutLine: {'line': b'[ 56%] \x1b[32m\x1b[1mLinking CXX shared library libturtlesim_custom_msgs__rosidl_typesupport_c.so\x1b[0m\n'}
[6.817249] (turtlesim_custom_msgs) StdoutLine: {'line': b'[ 59%] \x1b[32mBuilding CXX object CMakeFiles/turtlesim_custom_msgs__rosidl_typesupport_fastrtps_c.dir/rosidl_typesupport_fastrtps_c/turtlesim_custom_msgs/srv/detail/velocity__type_support_c.cpp.o\x1b[0m\n'}
[6.821047] (turtlesim_custom_msgs) StdoutLine: {'line': b'[ 61%] \x1b[32mBuilding CXX object CMakeFiles/turtlesim_custom_msgs__rosidl_typesupport_fastrtps_c.dir/rosidl_typesupport_fastrtps_c/turtlesim_custom_msgs/msg/detail/vel__type_support_c.cpp.o\x1b[0m\n'}
[6.825462] (-) TimerEvent: {}
[6.834408] (turtlesim_custom_msgs) StdoutLine: {'line': b'[ 63%] \x1b[32m\x1b[1mLinking C shared library libturtlesim_custom_msgs__rosidl_typesupport_introspection_c.so\x1b[0m\n'}
[6.859391] (turtlesim_custom_msgs) StdoutLine: {'line': b'[ 63%] Built target turtlesim_custom_msgs__rosidl_typesupport_c\n'}
[6.890932] (turtlesim_custom_msgs) StdoutLine: {'line': b'[ 63%] Built target turtlesim_custom_msgs__rosidl_typesupport_introspection_c\n'}
[6.925603] (-) TimerEvent: {}
[6.986663] (turtlesim_custom_msgs) StdoutLine: {'line': b'[ 68%] \x1b[32mBuilding CXX object CMakeFiles/turtlesim_custom_msgs__rosidl_typesupport_fastrtps_cpp.dir/rosidl_typesupport_fastrtps_cpp/turtlesim_custom_msgs/srv/detail/dds_fastrtps/velocity__type_support.cpp.o\x1b[0m\n'}
[6.986977] (turtlesim_custom_msgs) StdoutLine: {'line': b'[ 68%] \x1b[32mBuilding CXX object CMakeFiles/turtlesim_custom_msgs__rosidl_typesupport_fastrtps_cpp.dir/rosidl_typesupport_fastrtps_cpp/turtlesim_custom_msgs/msg/detail/dds_fastrtps/vel__type_support.cpp.o\x1b[0m\n'}
[7.025803] (-) TimerEvent: {}
[7.126226] (-) TimerEvent: {}
[7.226699] (-) TimerEvent: {}
[7.327199] (-) TimerEvent: {}
[7.416555] (turtlesim_custom_msgs) StdoutLine: {'line': b'[ 70%] \x1b[32m\x1b[1mLinking CXX shared library libturtlesim_custom_msgs__rosidl_typesupport_cpp.so\x1b[0m\n'}
[7.427323] (-) TimerEvent: {}
[7.527812] (-) TimerEvent: {}
[7.553244] (turtlesim_custom_msgs) StdoutLine: {'line': b'[ 70%] Built target turtlesim_custom_msgs__rosidl_typesupport_cpp\n'}
[7.573145] (turtlesim_custom_msgs) StdoutLine: {'line': b'[ 72%] \x1b[32m\x1b[1mLinking CXX shared library libturtlesim_custom_msgs__rosidl_typesupport_introspection_cpp.so\x1b[0m\n'}
[7.627752] (turtlesim_custom_msgs) StdoutLine: {'line': b'[ 75%] \x1b[32m\x1b[1mLinking CXX shared library libturtlesim_custom_msgs__rosidl_typesupport_fastrtps_c.so\x1b[0m\n'}
[7.628406] (-) TimerEvent: {}
[7.688923] (turtlesim_custom_msgs) StdoutLine: {'line': b'[ 75%] Built target turtlesim_custom_msgs__rosidl_typesupport_introspection_cpp\n'}
[7.728556] (-) TimerEvent: {}
[7.733154] (turtlesim_custom_msgs) StdoutLine: {'line': b'[ 75%] Built target turtlesim_custom_msgs__rosidl_typesupport_fastrtps_c\n'}
[7.821922] (turtlesim_custom_msgs) StdoutLine: {'line': b'[ 77%] \x1b[32m\x1b[1mLinking CXX shared library libturtlesim_custom_msgs__rosidl_typesupport_fastrtps_cpp.so\x1b[0m\n'}
[7.828650] (-) TimerEvent: {}
[7.928044] (turtlesim_custom_msgs) StdoutLine: {'line': b'[ 77%] Built target turtlesim_custom_msgs__rosidl_typesupport_fastrtps_cpp\n'}
[7.928765] (-) TimerEvent: {}
[7.963843] (turtlesim_custom_msgs) StdoutLine: {'line': b'[ 77%] Built target turtlesim_custom_msgs\n'}
[7.990563] (turtlesim_custom_msgs) StdoutLine: {'line': b'[ 79%] \x1b[34m\x1b[1mGenerating Python code for ROS interfaces\x1b[0m\n'}
[8.028862] (-) TimerEvent: {}
[8.129312] (-) TimerEvent: {}
[8.229778] (-) TimerEvent: {}
[8.330098] (-) TimerEvent: {}
[8.430564] (-) TimerEvent: {}
[8.434868] (turtlesim_custom_msgs) StdoutLine: {'line': b'[ 79%] Built target turtlesim_custom_msgs__py\n'}
[8.463470] (turtlesim_custom_msgs) StdoutLine: {'line': b'[ 84%] \x1b[32mBuilding C object CMakeFiles/turtlesim_custom_msgs__rosidl_generator_py.dir/rosidl_generator_py/turtlesim_custom_msgs/msg/_vel_s.c.o\x1b[0m\n'}
[8.463841] (turtlesim_custom_msgs) StdoutLine: {'line': b'[ 84%] \x1b[32mBuilding C object CMakeFiles/turtlesim_custom_msgs__rosidl_generator_py.dir/rosidl_generator_py/turtlesim_custom_msgs/srv/_velocity_s.c.o\x1b[0m\n'}
[8.530739] (-) TimerEvent: {}
[8.631134] (-) TimerEvent: {}
[8.634574] (turtlesim_custom_msgs) StdoutLine: {'line': b'[ 86%] \x1b[32m\x1b[1mLinking C shared library libturtlesim_custom_msgs__rosidl_generator_py.so\x1b[0m\n'}
[8.689479] (turtlesim_custom_msgs) StdoutLine: {'line': b'[ 86%] Built target turtlesim_custom_msgs__rosidl_generator_py\n'}
[8.717695] (turtlesim_custom_msgs) StdoutLine: {'line': b'[ 88%] \x1b[32mBuilding C object CMakeFiles/turtlesim_custom_msgs_s__rosidl_typesupport_c.dir/rosidl_generator_py/turtlesim_custom_msgs/_turtlesim_custom_msgs_s.ep.rosidl_typesupport_c.c.o\x1b[0m\n'}
[8.718108] (turtlesim_custom_msgs) StdoutLine: {'line': b'[ 90%] \x1b[32mBuilding C object CMakeFiles/turtlesim_custom_msgs_s__rosidl_typesupport_introspection_c.dir/rosidl_generator_py/turtlesim_custom_msgs/_turtlesim_custom_msgs_s.ep.rosidl_typesupport_introspection_c.c.o\x1b[0m\n'}
[8.718762] (turtlesim_custom_msgs) StdoutLine: {'line': b'[ 93%] \x1b[32mBuilding C object CMakeFiles/turtlesim_custom_msgs_s__rosidl_typesupport_fastrtps_c.dir/rosidl_generator_py/turtlesim_custom_msgs/_turtlesim_custom_msgs_s.ep.rosidl_typesupport_fastrtps_c.c.o\x1b[0m\n'}
[8.731398] (-) TimerEvent: {}
[8.831931] (-) TimerEvent: {}
[8.853156] (turtlesim_custom_msgs) StdoutLine: {'line': b'[ 95%] \x1b[32m\x1b[1mLinking C shared module rosidl_generator_py/turtlesim_custom_msgs/turtlesim_custom_msgs_s__rosidl_typesupport_c.so\x1b[0m\n'}
[8.854060] (turtlesim_custom_msgs) StdoutLine: {'line': b'[ 97%] \x1b[32m\x1b[1mLinking C shared module rosidl_generator_py/turtlesim_custom_msgs/turtlesim_custom_msgs_s__rosidl_typesupport_fastrtps_c.so\x1b[0m\n'}
[8.854883] (turtlesim_custom_msgs) StdoutLine: {'line': b'[100%] \x1b[32m\x1b[1mLinking C shared module rosidl_generator_py/turtlesim_custom_msgs/turtlesim_custom_msgs_s__rosidl_typesupport_introspection_c.so\x1b[0m\n'}
[8.909060] (turtlesim_custom_msgs) StdoutLine: {'line': b'[100%] Built target turtlesim_custom_msgs_s__rosidl_typesupport_introspection_c\n'}
[8.909460] (turtlesim_custom_msgs) StdoutLine: {'line': b'[100%] Built target turtlesim_custom_msgs_s__rosidl_typesupport_c\n'}
[8.909775] (turtlesim_custom_msgs) StdoutLine: {'line': b'[100%] Built target turtlesim_custom_msgs_s__rosidl_typesupport_fastrtps_c\n'}
[8.924814] (turtlesim_custom_msgs) CommandEnded: {'returncode': 0}
[8.926121] (turtlesim_custom_msgs) JobProgress: {'identifier': 'turtlesim_custom_msgs', 'progress': 'install'}
[8.932094] (-) TimerEvent: {}
[8.938034] (turtlesim_custom_msgs) Command: {'cmd': ['/usr/bin/cmake', '--install', '/home/basmala/ros2_ws/build/turtlesim_custom_msgs'], 'cwd': '/home/basmala/ros2_ws/build/turtlesim_custom_msgs', 'env': OrderedDict({'GJS_DEBUG_TOPICS': 'JS ERROR;JS LOG', 'PYTHON_BASIC_REPL': '1', 'LESSOPEN': '| /usr/bin/lesspipe %s', 'GZ_SIM_RESOURCE_PATH': '/opt/ros/jazzy/share', 'USER': 'basmala', 'LC_TIME': 'ar_EG.UTF-8', 'GZ_CONFIG_PATH': '/opt/ros/jazzy/opt/gz_sim_vendor/share/gz:/opt/ros/jazzy/opt/sdformat_vendor/share/gz:/opt/ros/jazzy/opt/gz_gui_vendor/share/gz:/opt/ros/jazzy/opt/gz_transport_vendor/share/gz:/opt/ros/jazzy/opt/gz_rendering_vendor/share/gz:/opt/ros/jazzy/opt/gz_plugin_vendor/share/gz:/opt/ros/jazzy/opt/gz_fuel_tools_vendor/share/gz:/opt/ros/jazzy/opt/gz_msgs_vendor/share/gz:/opt/ros/jazzy/opt/gz_common_vendor/share/gz', 'XDG_SESSION_TYPE': 'wayland', 'GIT_ASKPASS': '/usr/share/antigravity/resources/app/extensions/git/dist/askpass.sh', 'CLUTTER_DISABLE_MIPMAPPED_TEXT': '1', 'SHLVL': '1', 'LD_LIBRARY_PATH': '/home/basmala/ros2_ws/install/turtlesim_custom_msgs/lib:/home/basmala/ros2_ws/install/mecanum_drive_controller/lib:/home/basmala/ros2_ws/install/assignment2_custom_msgs_srvs/lib:/opt/ros/jazzy/opt/gz_sim_vendor/lib:/opt/ros/jazzy/opt/gz_sensors_vendor/lib:/opt/ros/jazzy/opt/gz_physics_vendor/lib:/opt/ros/jazzy/opt/sdformat_vendor/lib:/opt/ros/jazzy/opt/rviz_ogre_vendor/lib:/opt/ros/jazzy/lib/x86_64-linux-gnu:/opt/ros/jazzy/opt/gz_gui_vendor/lib:/opt/ros/jazzy/opt/gz_transport_vendor/lib:/opt/ros/jazzy/opt/gz_rendering_vendor/lib:/opt/ros/jazzy/opt/gz_plugin_vendor/lib:/opt/ros/jazzy/opt/gz_fuel_tools_vendor/lib:/opt/ros/jazzy/opt/gz_msgs_vendor/lib:/opt/ros/jazzy/opt/gz_common_vendor/lib:/opt/ros/jazzy/opt/gz_math_vendor/lib:/opt/ros/jazzy/opt/gz_utils_vendor/lib:/opt/ros/jazzy/opt/gz_tools_vendor/lib:/opt/ros/jazzy/opt/gz_ogre_next_vendor/lib:/opt/ros/jazzy/opt/gz_dartsim_vendor/lib:/opt/ros/jazzy/opt/gz_cmake_vendor/lib:/opt/ros/jazzy/lib', 'ANTIGRAVITY_CLI_ALIAS': 'agy', 'HOME': '/home/basmala', 'CHROME_DESKTOP': 'antigravity.desktop', 'OLDPWD': '/home/basmala/ros2_ws/src', 'TERM_PROGRAM_VERSION': '1.104.0', 'DESKTOP_SESSION': 'ubuntu', 'GIO_LAUNCHED_DESKTOP_FILE': '/usr/share/applications/antigravity.desktop', 'ROS_PYTHON_VERSION': '3', 'GNOME_SHELL_SESSION_MODE': 'ubuntu', 'GTK_MODULES': 'gail:atk-bridge', 'PAGER': 'cat', 'VSCODE_GIT_ASKPASS_MAIN': '/usr/share/antigravity/resources/app/extensions/git/dist/askpass-main.js', 'LC_MONETARY': 'ar_EG.UTF-8', 'VSCODE_GIT_ASKPASS_NODE': '/usr/share/antigravity/antigravity', 'MANAGERPID': '3085', 'PYDEVD_DISABLE_FILE_VALIDATION': '1', 'SYSTEMD_EXEC_PID': '3363', 'BUNDLED_DEBUGPY_PATH': '/home/basmala/.antigravity/extensions/ms-python.debugpy-2025.18.0-linux-x64/bundled/libs/debugpy', 'IM_CONFIG_CHECK_ENV': '1', 'VSCODE_PYTHON_AUTOACTIVATE_GUARD': '1', 'GSM_SKIP_SSH_AGENT_WORKAROUND': 'true', 'DBUS_SESSION_BUS_ADDRESS': 'unix:path=/run/user/1000/bus', 'COLORTERM': 'truecolor', 'ANTIGRAVITY_AGENT': '1', 'GIO_LAUNCHED_DESKTOP_FILE_PID': '71622', 'DEBUGINFOD_URLS': 'https://debuginfod.ubuntu.com', 'IM_CONFIG_PHASE': '1', 'WAYLAND_DISPLAY': 'wayland-0', 'COLCON_PREFIX_PATH': '/home/basmala/ros2_ws/install:/home/basmala/ros2_ws/src/install', 'ROS_DISTRO': 'jazzy', 'LOGNAME': 'basmala', 'JOURNAL_STREAM': '8:29348', '_': '/usr/bin/colcon', 'ROS_VERSION': '2', 'MEMORY_PRESSURE_WATCH': '/sys/fs/cgroup/user.slice/user-1000.slice/user@1000.service/session.slice/org.gnome.Shell@wayland.service/memory.pressure', 'XDG_SESSION_CLASS': 'user', 'USERNAME': 'basmala', 'TERM': 'xterm-256color', 'GNOME_DESKTOP_SESSION_ID': 'this-is-deprecated', 'PATH': '/home/basmala/.local/bin:/opt/ros/jazzy/opt/gz_msgs_vendor/bin:/opt/ros/jazzy/opt/gz_tools_vendor/bin:/opt/ros/jazzy/opt/gz_ogre_next_vendor/bin:/opt/ros/jazzy/bin:/home/basmala/.local/bin:/usr/local/sbin:/usr/local/bin:/usr/sbin:/usr/bin:/sbin:/bin:/usr/games:/usr/local/games:/snap/bin:/snap/bin:/home/basmala/.antigravity/extensions/ms-python.debugpy-2025.18.0-linux-x64/bundled/scripts/noConfigScripts', 'SESSION_MANAGER': 'local/basmala-Victus-by-HP-Laptop-16-d1xxx:@/tmp/.ICE-unix/3320,unix/basmala-Victus-by-HP-Laptop-16-d1xxx:/tmp/.ICE-unix/3320', 'INVOCATION_ID': '694191e11eb94a809305834f622f84d0', 'XDG_MENU_PREFIX': 'gnome-', 'LC_ADDRESS': 'ar_EG.UTF-8', 'GNOME_SETUP_DISPLAY': ':1', 'XDG_RUNTIME_DIR': '/run/user/1000', 'GDK_BACKEND': 'x11', 'DISPLAY': ':0', 'VSCODE_DEBUGPY_ADAPTER_ENDPOINTS': '/home/basmala/.antigravity/extensions/ms-python.debugpy-2025.18.0-linux-x64/.noConfigDebugAdapterEndpoints/endpoint-af7fd2ea1280fc9a.txt', 'LANG': 'en_US.UTF-8', 'XDG_CURRENT_DESKTOP': 'Unity', 'PYTHONSTARTUP': '/home/basmala/.config/Antigravity/User/workspaceStorage/252af9e7590a177e2820818b062d5291/ms-python.python/pythonrc.py', 'LC_TELEPHONE': 'ar_EG.UTF-8', 'XMODIFIERS': '@im=ibus', 'XDG_SESSION_DESKTOP': 'ubuntu', 'XAUTHORITY': '/run/user/1000/.mutter-Xwaylandauth.RDTNJ3', 'LS_COLORS': 'rs=0:di=01;34:ln=01;36:mh=00:pi=40;33:so=01;35:do=01;35:bd=40;33;01:cd=40;33;01:or=40;31;01:mi=00:su=37;41:sg=30;43:ca=00:tw=30;42:ow=34;42:st=37;44:ex=01;32:*.tar=01;31:*.tgz=01;31:*.arc=01;31:*.arj=01;31:*.taz=01;31:*.lha=01;31:*.lz4=01;31:*.lzh=01;31:*.lzma=01;31:*.tlz=01;31:*.txz=01;31:*.tzo=01;31:*.t7z=01;31:*.zip=01;31:*.z=01;31:*.dz=01;31:*.gz=01;31:*.lrz=01;31:*.lz=01;31:*.lzo=01;31:*.xz=01;31:*.zst=01;31:*.tzst=01;31:*.bz2=01;31:*.bz=01;31:*.tbz=01;31:*.tbz2=01;31:*.tz=01;31:*.deb=01;31:*.rpm=01;31:*.jar=01;31:*.war=01;31:*.ear=01;31:*.sar=01;31:*.rar=01;31:*.alz=01;31:*.ace=01;31:*.zoo=01;31:*.cpio=01;31:*.7z=01;31:*.rz=01;31:*.cab=01;31:*.wim=01;31:*.swm=01;31:*.dwm=01;31:*.esd=01;31:*.avif=01;35:*.jpg=01;35:*.jpeg=01;35:*.mjpg=01;35:*.mjpeg=01;35:*.gif=01;35:*.bmp=01;35:*.pbm=01;35:*.pgm=01;35:*.ppm=01;35:*.tga=01;35:*.xbm=01;35:*.xpm=01;35:*.tif=01;35:*.tiff=01;35:*.png=01;35:*.svg=01;35:*.svgz=01;35:*.mng=01;35:*.pcx=01;35:*.mov=01;35:*.mpg=01;35:*.mpeg=01;35:*.m2v=01;35:*.mkv=01;35:*.webm=01;35:*.webp=01;35:*.ogm=01;35:*.mp4=01;35:*.m4v=01;35:*.mp4v=01;35:*.vob=01;35:*.qt=01;35:*.nuv=01;35:*.wmv=01;35:*.asf=01;35:*.rm=01;35:*.rmvb=01;35:*.flc=01;35:*.avi=01;35:*.fli=01;35:*.flv=01;35:*.gl=01;35:*.dl=01;35:*.xcf=01;35:*.xwd=01;35:*.yuv=01;35:*.cgm=01;35:*.emf=01;35:*.ogv=01;35:*.ogx=01;35:*.aac=00;36:*.au=00;36:*.flac=00;36:*.m4a=00;36:*.mid=00;36:*.midi=00;36:*.mka=00;36:*.mp3=00;36:*.mpc=00;36:*.ogg=00;36:*.ra=00;36:*.wav=00;36:*.oga=00;36:*.opus=00;36:*.spx=00;36:*.xspf=00;36:*~=00;90:*#=00;90:*.bak=00;90:*.crdownload=00;90:*.dpkg-dist=00;90:*.dpkg-new=00;90:*.dpkg-old=00;90:*.dpkg-tmp=00;90:*.old=00;90:*.orig=00;90:*.part=00;90:*.rej=00;90:*.rpmnew=00;90:*.rpmorig=00;90:*.rpmsave=00;90:*.swp=00;90:*.tmp=00;90:*.ucf-dist=00;90:*.ucf-new=00;90:*.ucf-old=00;90:', 'SBX_CHROME_API_RQ': '1', 'VSCODE_GIT_IPC_HANDLE': '/run/user/1000/vscode-git-a6e8c44245.sock', 'TERM_PROGRAM': 'vscode', 'SSH_AUTH_SOCK': '/run/user/1000/keyring/ssh', 'AMENT_PREFIX_PATH': '/home/basmala/ros2_ws/install/yahboom_rosmaster:/home/basmala/ros2_ws/install/yahboom_rosmaster_system_tests:/home/basmala/ros2_ws/install/yahboom_rosmaster_gazebo:/home/basmala/ros2_ws/install/yahboom_rosmaster_description:/home/basmala/ros2_ws/install/yahboom_rosmaster_bringup:/home/basmala/ros2_ws/install/turtlesim_controller:/home/basmala/ros2_ws/install/turtlesim_custom_msgs:/home/basmala/ros2_ws/install/mecanum_drive_controller:/home/basmala/ros2_ws/install/first_package_python:/home/basmala/ros2_ws/install/first_package_cpp:/home/basmala/ros2_ws/install/bme_gazebo_sensors:/home/basmala/ros2_ws/install/assignment2_rt:/home/basmala/ros2_ws/install/assignment2_custom_msgs_srvs:/home/basmala/ros2_ws/install/assignment1_rt:/opt/ros/jazzy', 'ORIGINAL_XDG_CURRENT_DESKTOP': 'ubuntu:GNOME', 'SHELL': '/bin/bash', 'LC_NAME': 'ar_EG.UTF-8', 'QT_ACCESSIBILITY': '1', 'GDMSESSION': 'ubuntu', 'LESSCLOSE': '/usr/bin/lesspipe %s %s', 'LC_MEASUREMENT': 'ar_EG.UTF-8', 'GJS_DEBUG_OUTPUT': 'stderr', 'LC_IDENTIFICATION': 'ar_EG.UTF-8', 'ROS_AUTOMATIC_DISCOVERY_RANGE': 'SUBNET', 'VSCODE_GIT_ASKPASS_EXTRA_ARGS': '', 'QT_IM_MODULE': 'ibus', 'PWD': '/home/basmala/ros2_ws/build/turtlesim_custom_msgs', 'XDG_CONFIG_DIRS': '/etc/xdg/xdg-ubuntu:/etc/xdg', 'XDG_DATA_DIRS': '/usr/share/ubuntu:/usr/share/gnome:/usr/local/share/:/usr/share/:/var/lib/snapd/desktop', 'PYTHONPATH': '/home/basmala/ros2_ws/install/turtlesim_custom_msgs/lib/python3.12/site-packages:/home/basmala/ros2_ws/install/first_package_python/lib/python3.12/site-packages:/home/basmala/ros2_ws/install/assignment2_custom_msgs_srvs/lib/python3.12/site-packages:/opt/ros/jazzy/lib/python3.12/site-packages', 'LC_NUMERIC': 'ar_EG.UTF-8', 'LC_PAPER': 'ar_EG.UTF-8', 'COLCON': '1', 'MEMORY_PRESSURE_WRITE': 'c29tZSAyMDAwMDAgMjAwMDAwMAA=', 'CMAKE_PREFIX_PATH': '/home/basmala/ros2_ws/install/yahboom_rosmaster:/home/basmala/ros2_ws/install/yahboom_rosmaster_system_tests:/home/basmala/ros2_ws/install/yahboom_rosmaster_gazebo:/home/basmala/ros2_ws/install/yahboom_rosmaster_description:/home/basmala/ros2_ws/install/yahboom_rosmaster_bringup:/home/basmala/ros2_ws/install/turtlesim_controller:/home/basmala/ros2_ws/install/turtlesim_custom_msgs:/home/basmala/ros2_ws/install/mecanum_drive_controller:/home/basmala/ros2_ws/install/first_package_cpp:/home/basmala/ros2_ws/install/bme_gazebo_sensors:/home/basmala/ros2_ws/install/assignment2_rt:/home/basmala/ros2_ws/install/assignment2_custom_msgs_srvs:/home/basmala/ros2_ws/install/assignment1_rt:/opt/ros/jazzy/opt/gz_sim_vendor:/opt/ros/jazzy/opt/gz_sensors_vendor:/opt/ros/jazzy/opt/gz_physics_vendor:/opt/ros/jazzy/opt/sdformat_vendor:/opt/ros/jazzy/opt/gz_gui_vendor:/opt/ros/jazzy/opt/gz_transport_vendor:/opt/ros/jazzy/opt/gz_rendering_vendor:/opt/ros/jazzy/opt/gz_plugin_vendor:/opt/ros/jazzy/opt/gz_fuel_tools_vendor:/opt/ros/jazzy/opt/gz_msgs_vendor:/opt/ros/jazzy/opt/gz_common_vendor:/opt/ros/jazzy/opt/gz_math_vendor:/opt/ros/jazzy/opt/gz_utils_vendor:/opt/ros/jazzy/opt/gz_tools_vendor:/opt/ros/jazzy/opt/gz_ogre_next_vendor:/opt/ros/jazzy/opt/gz_dartsim_vendor:/opt/ros/jazzy/opt/gz_cmake_vendor:/home/basmala/ros2_ws/install/first_package_python:/opt/ros/jazzy'}), 'shell': False}
[8.948705] (turtlesim_custom_msgs) StdoutLine: {'line': b'-- Install configuration: ""\n'}
[8.949084] (turtlesim_custom_msgs) StdoutLine: {'line': b'-- Installing: /home/basmala/ros2_ws/install/turtlesim_custom_msgs/share/ament_index/resource_index/rosidl_interfaces/turtlesim_custom_msgs\n'}
[8.949242] (turtlesim_custom_msgs) StdoutLine: {'line': b'-- Installing: /home/basmala/ros2_ws/install/turtlesim_custom_msgs/share/turtlesim_custom_msgs/msg/Vel.json\n'}
[8.949507] (turtlesim_custom_msgs) StdoutLine: {'line': b'-- Installing: /home/basmala/ros2_ws/install/turtlesim_custom_msgs/share/turtlesim_custom_msgs/srv/Velocity.json\n'}
[8.949719] (turtlesim_custom_msgs) StdoutLine: {'line': b'-- Installing: /home/basmala/ros2_ws/install/turtlesim_custom_msgs/include/turtlesim_custom_msgs/turtlesim_custom_msgs\n'}
[8.949950] (turtlesim_custom_msgs) StdoutLine: {'line': b'-- Installing: /home/basmala/ros2_ws/install/turtlesim_custom_msgs/include/turtlesim_custom_msgs/turtlesim_custom_msgs/srv\n'}
[8.950093] (turtlesim_custom_msgs) StdoutLine: {'line': b'-- Installing: /home/basmala/ros2_ws/install/turtlesim_custom_msgs/include/turtlesim_custom_msgs/turtlesim_custom_msgs/srv/detail\n'}
[8.950296] (turtlesim_custom_msgs) StdoutLine: {'line': b'-- Installing: /home/basmala/ros2_ws/install/turtlesim_custom_msgs/include/turtlesim_custom_msgs/turtlesim_custom_msgs/srv/detail/velocity__description.c\n'}
[8.950506] (turtlesim_custom_msgs) StdoutLine: {'line': b'-- Installing: /home/basmala/ros2_ws/install/turtlesim_custom_msgs/include/turtlesim_custom_msgs/turtlesim_custom_msgs/srv/detail/velocity__functions.c\n'}
[8.950677] (turtlesim_custom_msgs) StdoutLine: {'line': b'-- Installing: /home/basmala/ros2_ws/install/turtlesim_custom_msgs/include/turtlesim_custom_msgs/turtlesim_custom_msgs/srv/detail/velocity__type_support.c\n'}
[8.950872] (turtlesim_custom_msgs) StdoutLine: {'line': b'-- Installing: /home/basmala/ros2_ws/install/turtlesim_custom_msgs/include/turtlesim_custom_msgs/turtlesim_custom_msgs/srv/detail/velocity__struct.h\n'}
[8.951003] (turtlesim_custom_msgs) StdoutLine: {'line': b'-- Installing: /home/basmala/ros2_ws/install/turtlesim_custom_msgs/include/turtlesim_custom_msgs/turtlesim_custom_msgs/srv/detail/velocity__functions.h\n'}
[8.951136] (turtlesim_custom_msgs) StdoutLine: {'line': b'-- Installing: /home/basmala/ros2_ws/install/turtlesim_custom_msgs/include/turtlesim_custom_msgs/turtlesim_custom_msgs/srv/detail/velocity__type_support.h\n'}
[8.951340] (turtlesim_custom_msgs) StdoutLine: {'line': b'-- Installing: /home/basmala/ros2_ws/install/turtlesim_custom_msgs/include/turtlesim_custom_msgs/turtlesim_custom_msgs/srv/velocity.h\n'}
[8.951544] (turtlesim_custom_msgs) StdoutLine: {'line': b'-- Installing: /home/basmala/ros2_ws/install/turtlesim_custom_msgs/include/turtlesim_custom_msgs/turtlesim_custom_msgs/msg\n'}
[8.951715] (turtlesim_custom_msgs) StdoutLine: {'line': b'-- Installing: /home/basmala/ros2_ws/install/turtlesim_custom_msgs/include/turtlesim_custom_msgs/turtlesim_custom_msgs/msg/detail\n'}
[8.951848] (turtlesim_custom_msgs) StdoutLine: {'line': b'-- Installing: /home/basmala/ros2_ws/install/turtlesim_custom_msgs/include/turtlesim_custom_msgs/turtlesim_custom_msgs/msg/detail/vel__functions.c\n'}
[8.952080] (turtlesim_custom_msgs) StdoutLine: {'line': b'-- Installing: /home/basmala/ros2_ws/install/turtlesim_custom_msgs/include/turtlesim_custom_msgs/turtlesim_custom_msgs/msg/detail/vel__description.c\n'}
[8.952279] (turtlesim_custom_msgs) StdoutLine: {'line': b'-- Installing: /home/basmala/ros2_ws/install/turtlesim_custom_msgs/include/turtlesim_custom_msgs/turtlesim_custom_msgs/msg/detail/vel__type_support.h\n'}
[8.952476] (turtlesim_custom_msgs) StdoutLine: {'line': b'-- Installing: /home/basmala/ros2_ws/install/turtlesim_custom_msgs/include/turtlesim_custom_msgs/turtlesim_custom_msgs/msg/detail/vel__functions.h\n'}
[8.952651] (turtlesim_custom_msgs) StdoutLine: {'line': b'-- Installing: /home/basmala/ros2_ws/install/turtlesim_custom_msgs/include/turtlesim_custom_msgs/turtlesim_custom_msgs/msg/detail/vel__type_support.c\n'}
[8.952865] (turtlesim_custom_msgs) StdoutLine: {'line': b'-- Installing: /home/basmala/ros2_ws/install/turtlesim_custom_msgs/include/turtlesim_custom_msgs/turtlesim_custom_msgs/msg/detail/vel__struct.h\n'}
[8.953018] (turtlesim_custom_msgs) StdoutLine: {'line': b'-- Installing: /home/basmala/ros2_ws/install/turtlesim_custom_msgs/include/turtlesim_custom_msgs/turtlesim_custom_msgs/msg/rosidl_generator_c__visibility_control.h\n'}
[8.953286] (turtlesim_custom_msgs) StdoutLine: {'line': b'-- Installing: /home/basmala/ros2_ws/install/turtlesim_custom_msgs/include/turtlesim_custom_msgs/turtlesim_custom_msgs/msg/vel.h\n'}
[8.953516] (turtlesim_custom_msgs) StdoutLine: {'line': b'-- Installing: /home/basmala/ros2_ws/install/turtlesim_custom_msgs/share/turtlesim_custom_msgs/environment/library_path.sh\n'}
[8.953754] (turtlesim_custom_msgs) StdoutLine: {'line': b'-- Installing: /home/basmala/ros2_ws/install/turtlesim_custom_msgs/share/turtlesim_custom_msgs/environment/library_path.dsv\n'}
[8.953943] (turtlesim_custom_msgs) StdoutLine: {'line': b'-- Installing: /home/basmala/ros2_ws/install/turtlesim_custom_msgs/lib/libturtlesim_custom_msgs__rosidl_generator_c.so\n'}
[8.954154] (turtlesim_custom_msgs) StdoutLine: {'line': b'-- Set non-toolchain portion of runtime path of "/home/basmala/ros2_ws/install/turtlesim_custom_msgs/lib/libturtlesim_custom_msgs__rosidl_generator_c.so" to ""\n'}
[8.954344] (turtlesim_custom_msgs) StdoutLine: {'line': b'-- Up-to-date: /home/basmala/ros2_ws/install/turtlesim_custom_msgs/include/turtlesim_custom_msgs/turtlesim_custom_msgs\n'}
[8.954634] (turtlesim_custom_msgs) StdoutLine: {'line': b'-- Up-to-date: /home/basmala/ros2_ws/install/turtlesim_custom_msgs/include/turtlesim_custom_msgs/turtlesim_custom_msgs/srv\n'}
[8.954796] (turtlesim_custom_msgs) StdoutLine: {'line': b'-- Up-to-date: /home/basmala/ros2_ws/install/turtlesim_custom_msgs/include/turtlesim_custom_msgs/turtlesim_custom_msgs/srv/detail\n'}
[8.954963] (turtlesim_custom_msgs) StdoutLine: {'line': b'-- Installing: /home/basmala/ros2_ws/install/turtlesim_custom_msgs/include/turtlesim_custom_msgs/turtlesim_custom_msgs/srv/detail/velocity__rosidl_typesupport_fastrtps_c.h\n'}
[8.955097] (turtlesim_custom_msgs) StdoutLine: {'line': b'-- Up-to-date: /home/basmala/ros2_ws/install/turtlesim_custom_msgs/include/turtlesim_custom_msgs/turtlesim_custom_msgs/msg\n'}
[8.955317] (turtlesim_custom_msgs) StdoutLine: {'line': b'-- Up-to-date: /home/basmala/ros2_ws/install/turtlesim_custom_msgs/include/turtlesim_custom_msgs/turtlesim_custom_msgs/msg/detail\n'}
[8.955568] (turtlesim_custom_msgs) StdoutLine: {'line': b'-- Installing: /home/basmala/ros2_ws/install/turtlesim_custom_msgs/include/turtlesim_custom_msgs/turtlesim_custom_msgs/msg/detail/vel__rosidl_typesupport_fastrtps_c.h\n'}
[8.955769] (turtlesim_custom_msgs) StdoutLine: {'line': b'-- Installing: /home/basmala/ros2_ws/install/turtlesim_custom_msgs/include/turtlesim_custom_msgs/turtlesim_custom_msgs/msg/rosidl_typesupport_fastrtps_c__visibility_control.h\n'}
[8.955935] (turtlesim_custom_msgs) StdoutLine: {'line': b'-- Installing: /home/basmala/ros2_ws/install/turtlesim_custom_msgs/lib/libturtlesim_custom_msgs__rosidl_typesupport_fastrtps_c.so\n'}
[8.956070] (turtlesim_custom_msgs) StdoutLine: {'line': b'-- Set non-toolchain portion of runtime path of "/home/basmala/ros2_ws/install/turtlesim_custom_msgs/lib/libturtlesim_custom_msgs__rosidl_typesupport_fastrtps_c.so" to ""\n'}
[8.956208] (turtlesim_custom_msgs) StdoutLine: {'line': b'-- Up-to-date: /home/basmala/ros2_ws/install/turtlesim_custom_msgs/include/turtlesim_custom_msgs/turtlesim_custom_msgs\n'}
[8.956556] (turtlesim_custom_msgs) StdoutLine: {'line': b'-- Up-to-date: /home/basmala/ros2_ws/install/turtlesim_custom_msgs/include/turtlesim_custom_msgs/turtlesim_custom_msgs/srv\n'}
[8.956831] (turtlesim_custom_msgs) StdoutLine: {'line': b'-- Up-to-date: /home/basmala/ros2_ws/install/turtlesim_custom_msgs/include/turtlesim_custom_msgs/turtlesim_custom_msgs/srv/detail\n'}
[8.957218] (turtlesim_custom_msgs) StdoutLine: {'line': b'-- Installing: /home/basmala/ros2_ws/install/turtlesim_custom_msgs/include/turtlesim_custom_msgs/turtlesim_custom_msgs/srv/detail/velocity__rosidl_typesupport_introspection_c.h\n'}
[8.957409] (turtlesim_custom_msgs) StdoutLine: {'line': b'-- Up-to-date: /home/basmala/ros2_ws/install/turtlesim_custom_msgs/include/turtlesim_custom_msgs/turtlesim_custom_msgs/srv/detail/velocity__type_support.c\n'}
[8.957598] (turtlesim_custom_msgs) StdoutLine: {'line': b'-- Up-to-date: /home/basmala/ros2_ws/install/turtlesim_custom_msgs/include/turtlesim_custom_msgs/turtlesim_custom_msgs/msg\n'}
[8.957768] (turtlesim_custom_msgs) StdoutLine: {'line': b'-- Up-to-date: /home/basmala/ros2_ws/install/turtlesim_custom_msgs/include/turtlesim_custom_msgs/turtlesim_custom_msgs/msg/detail\n'}
[8.958219] (turtlesim_custom_msgs) StdoutLine: {'line': b'-- Installing: /home/basmala/ros2_ws/install/turtlesim_custom_msgs/include/turtlesim_custom_msgs/turtlesim_custom_msgs/msg/detail/vel__rosidl_typesupport_introspection_c.h\n'}
[8.958483] (turtlesim_custom_msgs) StdoutLine: {'line': b'-- Up-to-date: /home/basmala/ros2_ws/install/turtlesim_custom_msgs/include/turtlesim_custom_msgs/turtlesim_custom_msgs/msg/detail/vel__type_support.c\n'}
[8.958712] (turtlesim_custom_msgs) StdoutLine: {'line': b'-- Installing: /home/basmala/ros2_ws/install/turtlesim_custom_msgs/include/turtlesim_custom_msgs/turtlesim_custom_msgs/msg/rosidl_typesupport_introspection_c__visibility_control.h\n'}
[8.958870] (turtlesim_custom_msgs) StdoutLine: {'line': b'-- Installing: /home/basmala/ros2_ws/install/turtlesim_custom_msgs/lib/libturtlesim_custom_msgs__rosidl_typesupport_introspection_c.so\n'}
[8.959035] (turtlesim_custom_msgs) StdoutLine: {'line': b'-- Set non-toolchain portion of runtime path of "/home/basmala/ros2_ws/install/turtlesim_custom_msgs/lib/libturtlesim_custom_msgs__rosidl_typesupport_introspection_c.so" to ""\n'}
[8.959182] (turtlesim_custom_msgs) StdoutLine: {'line': b'-- Installing: /home/basmala/ros2_ws/install/turtlesim_custom_msgs/lib/libturtlesim_custom_msgs__rosidl_typesupport_c.so\n'}
[8.959321] (turtlesim_custom_msgs) StdoutLine: {'line': b'-- Set non-toolchain portion of runtime path of "/home/basmala/ros2_ws/install/turtlesim_custom_msgs/lib/libturtlesim_custom_msgs__rosidl_typesupport_c.so" to ""\n'}
[8.959500] (turtlesim_custom_msgs) StdoutLine: {'line': b'-- Up-to-date: /home/basmala/ros2_ws/install/turtlesim_custom_msgs/include/turtlesim_custom_msgs/turtlesim_custom_msgs\n'}
[8.959658] (turtlesim_custom_msgs) StdoutLine: {'line': b'-- Up-to-date: /home/basmala/ros2_ws/install/turtlesim_custom_msgs/include/turtlesim_custom_msgs/turtlesim_custom_msgs/srv\n'}
[8.959810] (turtlesim_custom_msgs) StdoutLine: {'line': b'-- Up-to-date: /home/basmala/ros2_ws/install/turtlesim_custom_msgs/include/turtlesim_custom_msgs/turtlesim_custom_msgs/srv/detail\n'}
[8.959993] (turtlesim_custom_msgs) StdoutLine: {'line': b'-- Installing: /home/basmala/ros2_ws/install/turtlesim_custom_msgs/include/turtlesim_custom_msgs/turtlesim_custom_msgs/srv/detail/velocity__struct.hpp\n'}
[8.960178] (turtlesim_custom_msgs) StdoutLine: {'line': b'-- Installing: /home/basmala/ros2_ws/install/turtlesim_custom_msgs/include/turtlesim_custom_msgs/turtlesim_custom_msgs/srv/detail/velocity__traits.hpp\n'}
[8.960347] (turtlesim_custom_msgs) StdoutLine: {'line': b'-- Installing: /home/basmala/ros2_ws/install/turtlesim_custom_msgs/include/turtlesim_custom_msgs/turtlesim_custom_msgs/srv/detail/velocity__type_support.hpp\n'}
[8.960537] (turtlesim_custom_msgs) StdoutLine: {'line': b'-- Installing: /home/basmala/ros2_ws/install/turtlesim_custom_msgs/include/turtlesim_custom_msgs/turtlesim_custom_msgs/srv/detail/velocity__builder.hpp\n'}
[8.960692] (turtlesim_custom_msgs) StdoutLine: {'line': b'-- Installing: /home/basmala/ros2_ws/install/turtlesim_custom_msgs/include/turtlesim_custom_msgs/turtlesim_custom_msgs/srv/velocity.hpp\n'}
[8.960840] (turtlesim_custom_msgs) StdoutLine: {'line': b'-- Up-to-date: /home/basmala/ros2_ws/install/turtlesim_custom_msgs/include/turtlesim_custom_msgs/turtlesim_custom_msgs/msg\n'}
[8.960979] (turtlesim_custom_msgs) StdoutLine: {'line': b'-- Up-to-date: /home/basmala/ros2_ws/install/turtlesim_custom_msgs/include/turtlesim_custom_msgs/turtlesim_custom_msgs/msg/detail\n'}
[8.961131] (turtlesim_custom_msgs) StdoutLine: {'line': b'-- Installing: /home/basmala/ros2_ws/install/turtlesim_custom_msgs/include/turtlesim_custom_msgs/turtlesim_custom_msgs/msg/detail/vel__builder.hpp\n'}
[8.961300] (turtlesim_custom_msgs) StdoutLine: {'line': b'-- Installing: /home/basmala/ros2_ws/install/turtlesim_custom_msgs/include/turtlesim_custom_msgs/turtlesim_custom_msgs/msg/detail/vel__type_support.hpp\n'}
[8.961510] (turtlesim_custom_msgs) StdoutLine: {'line': b'-- Installing: /home/basmala/ros2_ws/install/turtlesim_custom_msgs/include/turtlesim_custom_msgs/turtlesim_custom_msgs/msg/detail/vel__traits.hpp\n'}
[8.961701] (turtlesim_custom_msgs) StdoutLine: {'line': b'-- Installing: /home/basmala/ros2_ws/install/turtlesim_custom_msgs/include/turtlesim_custom_msgs/turtlesim_custom_msgs/msg/detail/vel__struct.hpp\n'}
[8.961864] (turtlesim_custom_msgs) StdoutLine: {'line': b'-- Installing: /home/basmala/ros2_ws/install/turtlesim_custom_msgs/include/turtlesim_custom_msgs/turtlesim_custom_msgs/msg/rosidl_generator_cpp__visibility_control.hpp\n'}
[8.962034] (turtlesim_custom_msgs) StdoutLine: {'line': b'-- Installing: /home/basmala/ros2_ws/install/turtlesim_custom_msgs/include/turtlesim_custom_msgs/turtlesim_custom_msgs/msg/vel.hpp\n'}
[8.962192] (turtlesim_custom_msgs) StdoutLine: {'line': b'-- Up-to-date: /home/basmala/ros2_ws/install/turtlesim_custom_msgs/include/turtlesim_custom_msgs/turtlesim_custom_msgs\n'}
[8.962348] (turtlesim_custom_msgs) StdoutLine: {'line': b'-- Up-to-date: /home/basmala/ros2_ws/install/turtlesim_custom_msgs/include/turtlesim_custom_msgs/turtlesim_custom_msgs/srv\n'}
[8.962540] (turtlesim_custom_msgs) StdoutLine: {'line': b'-- Up-to-date: /home/basmala/ros2_ws/install/turtlesim_custom_msgs/include/turtlesim_custom_msgs/turtlesim_custom_msgs/srv/detail\n'}
[8.962707] (turtlesim_custom_msgs) StdoutLine: {'line': b'-- Installing: /home/basmala/ros2_ws/install/turtlesim_custom_msgs/include/turtlesim_custom_msgs/turtlesim_custom_msgs/srv/detail/velocity__rosidl_typesupport_fastrtps_cpp.hpp\n'}
[8.962862] (turtlesim_custom_msgs) StdoutLine: {'line': b'-- Installing: /home/basmala/ros2_ws/install/turtlesim_custom_msgs/include/turtlesim_custom_msgs/turtlesim_custom_msgs/srv/detail/dds_fastrtps\n'}
[8.963024] (turtlesim_custom_msgs) StdoutLine: {'line': b'-- Up-to-date: /home/basmala/ros2_ws/install/turtlesim_custom_msgs/include/turtlesim_custom_msgs/turtlesim_custom_msgs/msg\n'}
[8.963188] (turtlesim_custom_msgs) StdoutLine: {'line': b'-- Up-to-date: /home/basmala/ros2_ws/install/turtlesim_custom_msgs/include/turtlesim_custom_msgs/turtlesim_custom_msgs/msg/detail\n'}
[8.963365] (turtlesim_custom_msgs) StdoutLine: {'line': b'-- Installing: /home/basmala/ros2_ws/install/turtlesim_custom_msgs/include/turtlesim_custom_msgs/turtlesim_custom_msgs/msg/detail/dds_fastrtps\n'}
[8.963563] (turtlesim_custom_msgs) StdoutLine: {'line': b'-- Installing: /home/basmala/ros2_ws/install/turtlesim_custom_msgs/include/turtlesim_custom_msgs/turtlesim_custom_msgs/msg/detail/vel__rosidl_typesupport_fastrtps_cpp.hpp\n'}
[8.963758] (turtlesim_custom_msgs) StdoutLine: {'line': b'-- Installing: /home/basmala/ros2_ws/install/turtlesim_custom_msgs/include/turtlesim_custom_msgs/turtlesim_custom_msgs/msg/rosidl_typesupport_fastrtps_cpp__visibility_control.h\n'}
[8.963969] (turtlesim_custom_msgs) StdoutLine: {'line': b'-- Installing: /home/basmala/ros2_ws/install/turtlesim_custom_msgs/lib/libturtlesim_custom_msgs__rosidl_typesupport_fastrtps_cpp.so\n'}
[8.964129] (turtlesim_custom_msgs) StdoutLine: {'line': b'-- Set non-toolchain portion of runtime path of "/home/basmala/ros2_ws/install/turtlesim_custom_msgs/lib/libturtlesim_custom_msgs__rosidl_typesupport_fastrtps_cpp.so" to ""\n'}
[8.964279] (turtlesim_custom_msgs) StdoutLine: {'line': b'-- Up-to-date: /home/basmala/ros2_ws/install/turtlesim_custom_msgs/include/turtlesim_custom_msgs/turtlesim_custom_msgs\n'}
[8.964435] (turtlesim_custom_msgs) StdoutLine: {'line': b'-- Up-to-date: /home/basmala/ros2_ws/install/turtlesim_custom_msgs/include/turtlesim_custom_msgs/turtlesim_custom_msgs/srv\n'}
[8.964609] (turtlesim_custom_msgs) StdoutLine: {'line': b'-- Up-to-date: /home/basmala/ros2_ws/install/turtlesim_custom_msgs/include/turtlesim_custom_msgs/turtlesim_custom_msgs/srv/detail\n'}
[8.964763] (turtlesim_custom_msgs) StdoutLine: {'line': b'-- Installing: /home/basmala/ros2_ws/install/turtlesim_custom_msgs/include/turtlesim_custom_msgs/turtlesim_custom_msgs/srv/detail/velocity__rosidl_typesupport_introspection_cpp.hpp\n'}
[8.964919] (turtlesim_custom_msgs) StdoutLine: {'line': b'-- Installing: /home/basmala/ros2_ws/install/turtlesim_custom_msgs/include/turtlesim_custom_msgs/turtlesim_custom_msgs/srv/detail/velocity__type_support.cpp\n'}
[8.965073] (turtlesim_custom_msgs) StdoutLine: {'line': b'-- Up-to-date: /home/basmala/ros2_ws/install/turtlesim_custom_msgs/include/turtlesim_custom_msgs/turtlesim_custom_msgs/msg\n'}
[8.965237] (turtlesim_custom_msgs) StdoutLine: {'line': b'-- Up-to-date: /home/basmala/ros2_ws/install/turtlesim_custom_msgs/include/turtlesim_custom_msgs/turtlesim_custom_msgs/msg/detail\n'}
[8.965441] (turtlesim_custom_msgs) StdoutLine: {'line': b'-- Installing: /home/basmala/ros2_ws/install/turtlesim_custom_msgs/include/turtlesim_custom_msgs/turtlesim_custom_msgs/msg/detail/vel__rosidl_typesupport_introspection_cpp.hpp\n'}
[8.965643] (turtlesim_custom_msgs) StdoutLine: {'line': b'-- Installing: /home/basmala/ros2_ws/install/turtlesim_custom_msgs/include/turtlesim_custom_msgs/turtlesim_custom_msgs/msg/detail/vel__type_support.cpp\n'}
[8.965817] (turtlesim_custom_msgs) StdoutLine: {'line': b'-- Installing: /home/basmala/ros2_ws/install/turtlesim_custom_msgs/lib/libturtlesim_custom_msgs__rosidl_typesupport_introspection_cpp.so\n'}
[8.965991] (turtlesim_custom_msgs) StdoutLine: {'line': b'-- Set non-toolchain portion of runtime path of "/home/basmala/ros2_ws/install/turtlesim_custom_msgs/lib/libturtlesim_custom_msgs__rosidl_typesupport_introspection_cpp.so" to ""\n'}
[8.966215] (turtlesim_custom_msgs) StdoutLine: {'line': b'-- Installing: /home/basmala/ros2_ws/install/turtlesim_custom_msgs/lib/libturtlesim_custom_msgs__rosidl_typesupport_cpp.so\n'}
[8.966503] (turtlesim_custom_msgs) StdoutLine: {'line': b'-- Set non-toolchain portion of runtime path of "/home/basmala/ros2_ws/install/turtlesim_custom_msgs/lib/libturtlesim_custom_msgs__rosidl_typesupport_cpp.so" to ""\n'}
[8.966775] (turtlesim_custom_msgs) StdoutLine: {'line': b'-- Installing: /home/basmala/ros2_ws/install/turtlesim_custom_msgs/share/turtlesim_custom_msgs/environment/pythonpath.sh\n'}
[8.967030] (turtlesim_custom_msgs) StdoutLine: {'line': b'-- Installing: /home/basmala/ros2_ws/install/turtlesim_custom_msgs/share/turtlesim_custom_msgs/environment/pythonpath.dsv\n'}
[8.967252] (turtlesim_custom_msgs) StdoutLine: {'line': b'-- Installing: /home/basmala/ros2_ws/install/turtlesim_custom_msgs/lib/python3.12/site-packages/turtlesim_custom_msgs-0.0.0-py3.12.egg-info\n'}
[8.967513] (turtlesim_custom_msgs) StdoutLine: {'line': b'-- Installing: /home/basmala/ros2_ws/install/turtlesim_custom_msgs/lib/python3.12/site-packages/turtlesim_custom_msgs-0.0.0-py3.12.egg-info/dependency_links.txt\n'}
[8.967791] (turtlesim_custom_msgs) StdoutLine: {'line': b'-- Installing: /home/basmala/ros2_ws/install/turtlesim_custom_msgs/lib/python3.12/site-packages/turtlesim_custom_msgs-0.0.0-py3.12.egg-info/SOURCES.txt\n'}
[8.968001] (turtlesim_custom_msgs) StdoutLine: {'line': b'-- Installing: /home/basmala/ros2_ws/install/turtlesim_custom_msgs/lib/python3.12/site-packages/turtlesim_custom_msgs-0.0.0-py3.12.egg-info/PKG-INFO\n'}
[8.968219] (turtlesim_custom_msgs) StdoutLine: {'line': b'-- Installing: /home/basmala/ros2_ws/install/turtlesim_custom_msgs/lib/python3.12/site-packages/turtlesim_custom_msgs-0.0.0-py3.12.egg-info/top_level.txt\n'}
[8.968468] (turtlesim_custom_msgs) StdoutLine: {'line': b'-- Installing: /home/basmala/ros2_ws/install/turtlesim_custom_msgs/lib/python3.12/site-packages/turtlesim_custom_msgs\n'}
[8.968730] (turtlesim_custom_msgs) StdoutLine: {'line': b'-- Installing: /home/basmala/ros2_ws/install/turtlesim_custom_msgs/lib/python3.12/site-packages/turtlesim_custom_msgs/srv\n'}
[8.968935] (turtlesim_custom_msgs) StdoutLine: {'line': b'-- Installing: /home/basmala/ros2_ws/install/turtlesim_custom_msgs/lib/python3.12/site-packages/turtlesim_custom_msgs/srv/_velocity.py\n'}
[8.969094] (turtlesim_custom_msgs) StdoutLine: {'line': b'-- Installing: /home/basmala/ros2_ws/install/turtlesim_custom_msgs/lib/python3.12/site-packages/turtlesim_custom_msgs/srv/__init__.py\n'}
[8.969268] (turtlesim_custom_msgs) StdoutLine: {'line': b'-- Installing: /home/basmala/ros2_ws/install/turtlesim_custom_msgs/lib/python3.12/site-packages/turtlesim_custom_msgs/srv/_velocity_s.c\n'}
[8.969462] (turtlesim_custom_msgs) StdoutLine: {'line': b'-- Installing: /home/basmala/ros2_ws/install/turtlesim_custom_msgs/lib/python3.12/site-packages/turtlesim_custom_msgs/_turtlesim_custom_msgs_s.ep.rosidl_typesupport_introspection_c.c\n'}
[8.969689] (turtlesim_custom_msgs) StdoutLine: {'line': b'-- Installing: /home/basmala/ros2_ws/install/turtlesim_custom_msgs/lib/python3.12/site-packages/turtlesim_custom_msgs/_turtlesim_custom_msgs_s.ep.rosidl_typesupport_fastrtps_c.c\n'}
[8.969881] (turtlesim_custom_msgs) StdoutLine: {'line': b'-- Installing: /home/basmala/ros2_ws/install/turtlesim_custom_msgs/lib/python3.12/site-packages/turtlesim_custom_msgs/turtlesim_custom_msgs_s__rosidl_typesupport_introspection_c.so\n'}
[8.970072] (turtlesim_custom_msgs) StdoutLine: {'line': b'-- Installing: /home/basmala/ros2_ws/install/turtlesim_custom_msgs/lib/python3.12/site-packages/turtlesim_custom_msgs/turtlesim_custom_msgs_s__rosidl_typesupport_c.so\n'}
[8.970309] (turtlesim_custom_msgs) StdoutLine: {'line': b'-- Installing: /home/basmala/ros2_ws/install/turtlesim_custom_msgs/lib/python3.12/site-packages/turtlesim_custom_msgs/turtlesim_custom_msgs_s__rosidl_typesupport_fastrtps_c.so\n'}
[8.970560] (turtlesim_custom_msgs) StdoutLine: {'line': b'-- Installing: /home/basmala/ros2_ws/install/turtlesim_custom_msgs/lib/python3.12/site-packages/turtlesim_custom_msgs/__init__.py\n'}
[8.970746] (turtlesim_custom_msgs) StdoutLine: {'line': b'-- Installing: /home/basmala/ros2_ws/install/turtlesim_custom_msgs/lib/python3.12/site-packages/turtlesim_custom_msgs/msg\n'}
[8.970925] (turtlesim_custom_msgs) StdoutLine: {'line': b'-- Installing: /home/basmala/ros2_ws/install/turtlesim_custom_msgs/lib/python3.12/site-packages/turtlesim_custom_msgs/msg/__init__.py\n'}
[8.971091] (turtlesim_custom_msgs) StdoutLine: {'line': b'-- Installing: /home/basmala/ros2_ws/install/turtlesim_custom_msgs/lib/python3.12/site-packages/turtlesim_custom_msgs/msg/_vel_s.c\n'}
[8.971259] (turtlesim_custom_msgs) StdoutLine: {'line': b'-- Installing: /home/basmala/ros2_ws/install/turtlesim_custom_msgs/lib/python3.12/site-packages/turtlesim_custom_msgs/msg/_vel.py\n'}
[8.971440] (turtlesim_custom_msgs) StdoutLine: {'line': b'-- Installing: /home/basmala/ros2_ws/install/turtlesim_custom_msgs/lib/python3.12/site-packages/turtlesim_custom_msgs/_turtlesim_custom_msgs_s.ep.rosidl_typesupport_c.c\n'}
[9.012021] (assignment2_rt) StderrLine: {'line': b'gmake[2]: *** [CMakeFiles/Robot_Control.dir/build.make:76: CMakeFiles/Robot_Control.dir/src/Robot_Control.cpp.o] Error 1\n'}
[9.012339] (assignment2_rt) StderrLine: {'line': b'gmake[1]: *** [CMakeFiles/Makefile2:139: CMakeFiles/Robot_Control.dir/all] Error 2\n'}
[9.012759] (assignment2_rt) StderrLine: {'line': b'gmake: *** [Makefile:146: all] Error 2\n'}
[9.014941] (assignment2_rt) CommandEnded: {'returncode': 2}
[9.023789] (turtlesim_custom_msgs) StdoutLine: {'line': b"Listing '/home/basmala/ros2_ws/install/turtlesim_custom_msgs/lib/python3.12/site-packages/turtlesim_custom_msgs'...\n"}
[9.024218] (turtlesim_custom_msgs) StdoutLine: {'line': b"Compiling '/home/basmala/ros2_ws/install/turtlesim_custom_msgs/lib/python3.12/site-packages/turtlesim_custom_msgs/__init__.py'...\n"}
[9.024855] (turtlesim_custom_msgs) StdoutLine: {'line': b"Listing '/home/basmala/ros2_ws/install/turtlesim_custom_msgs/lib/python3.12/site-packages/turtlesim_custom_msgs/msg'...\n"}
[9.025247] (turtlesim_custom_msgs) StdoutLine: {'line': b"Compiling '/home/basmala/ros2_ws/install/turtlesim_custom_msgs/lib/python3.12/site-packages/turtlesim_custom_msgs/msg/__init__.py'...\n"}
[9.025934] (turtlesim_custom_msgs) StdoutLine: {'line': b"Compiling '/home/basmala/ros2_ws/install/turtlesim_custom_msgs/lib/python3.12/site-packages/turtlesim_custom_msgs/msg/_vel.py'...\n"}
[9.026311] (turtlesim_custom_msgs) StdoutLine: {'line': b"Listing '/home/basmala/ros2_ws/install/turtlesim_custom_msgs/lib/python3.12/site-packages/turtlesim_custom_msgs/srv'...\n"}
[9.027279] (turtlesim_custom_msgs) StdoutLine: {'line': b"Compiling '/home/basmala/ros2_ws/install/turtlesim_custom_msgs/lib/python3.12/site-packages/turtlesim_custom_msgs/srv/__init__.py'...\n"}
[9.027897] (turtlesim_custom_msgs) StdoutLine: {'line': b"Compiling '/home/basmala/ros2_ws/install/turtlesim_custom_msgs/lib/python3.12/site-packages/turtlesim_custom_msgs/srv/_velocity.py'...\n"}
[9.028077] (assignment2_rt) JobEnded: {'identifier': 'assignment2_rt', 'rc': 2}
[9.029522] (turtlesim_custom_msgs) StdoutLine: {'line': b'-- Installing: /home/basmala/ros2_ws/install/turtlesim_custom_msgs/lib/python3.12/site-packages/turtlesim_custom_msgs/turtlesim_custom_msgs_s__rosidl_typesupport_fastrtps_c.so\n'}
[9.029893] (turtlesim_custom_msgs) StdoutLine: {'line': b'-- Set non-toolchain portion of runtime path of "/home/basmala/ros2_ws/install/turtlesim_custom_msgs/lib/python3.12/site-packages/turtlesim_custom_msgs/turtlesim_custom_msgs_s__rosidl_typesupport_fastrtps_c.so" to ""\n'}
[9.030079] (turtlesim_custom_msgs) StdoutLine: {'line': b'-- Installing: /home/basmala/ros2_ws/install/turtlesim_custom_msgs/lib/python3.12/site-packages/turtlesim_custom_msgs/turtlesim_custom_msgs_s__rosidl_typesupport_introspection_c.so\n'}
[9.030259] (turtlesim_custom_msgs) StdoutLine: {'line': b'-- Set non-toolchain portion of runtime path of "/home/basmala/ros2_ws/install/turtlesim_custom_msgs/lib/python3.12/site-packages/turtlesim_custom_msgs/turtlesim_custom_msgs_s__rosidl_typesupport_introspection_c.so" to ""\n'}
[9.030461] (turtlesim_custom_msgs) StdoutLine: {'line': b'-- Installing: /home/basmala/ros2_ws/install/turtlesim_custom_msgs/lib/python3.12/site-packages/turtlesim_custom_msgs/turtlesim_custom_msgs_s__rosidl_typesupport_c.so\n'}
[9.030669] (turtlesim_custom_msgs) StdoutLine: {'line': b'-- Set non-toolchain portion of runtime path of "/home/basmala/ros2_ws/install/turtlesim_custom_msgs/lib/python3.12/site-packages/turtlesim_custom_msgs/turtlesim_custom_msgs_s__rosidl_typesupport_c.so" to ""\n'}
[9.030806] (turtlesim_custom_msgs) StdoutLine: {'line': b'-- Installing: /home/basmala/ros2_ws/install/turtlesim_custom_msgs/lib/libturtlesim_custom_msgs__rosidl_generator_py.so\n'}
[9.030962] (turtlesim_custom_msgs) StdoutLine: {'line': b'-- Set non-toolchain portion of runtime path of "/home/basmala/ros2_ws/install/turtlesim_custom_msgs/lib/libturtlesim_custom_msgs__rosidl_generator_py.so" to ""\n'}
[9.031140] (turtlesim_custom_msgs) StdoutLine: {'line': b'-- Installing: /home/basmala/ros2_ws/install/turtlesim_custom_msgs/share/turtlesim_custom_msgs/msg/Vel.idl\n'}
[9.031319] (turtlesim_custom_msgs) StdoutLine: {'line': b'-- Installing: /home/basmala/ros2_ws/install/turtlesim_custom_msgs/share/turtlesim_custom_msgs/srv/Velocity.idl\n'}
[9.031501] (turtlesim_custom_msgs) StdoutLine: {'line': b'-- Installing: /home/basmala/ros2_ws/install/turtlesim_custom_msgs/share/turtlesim_custom_msgs/msg/Vel.msg\n'}
[9.031703] (turtlesim_custom_msgs) StdoutLine: {'line': b'-- Installing: /home/basmala/ros2_ws/install/turtlesim_custom_msgs/share/turtlesim_custom_msgs/srv/Velocity.srv\n'}
[9.031891] (turtlesim_custom_msgs) StdoutLine: {'line': b'-- Installing: /home/basmala/ros2_ws/install/turtlesim_custom_msgs/share/ament_index/resource_index/package_run_dependencies/turtlesim_custom_msgs\n'}
[9.032075] (turtlesim_custom_msgs) StdoutLine: {'line': b'-- Installing: /home/basmala/ros2_ws/install/turtlesim_custom_msgs/share/ament_index/resource_index/parent_prefix_path/turtlesim_custom_msgs\n'}
[9.032282] (-) TimerEvent: {}
[9.032452] (turtlesim_custom_msgs) StdoutLine: {'line': b'-- Installing: /home/basmala/ros2_ws/install/turtlesim_custom_msgs/share/turtlesim_custom_msgs/environment/ament_prefix_path.sh\n'}
[9.032666] (turtlesim_custom_msgs) StdoutLine: {'line': b'-- Installing: /home/basmala/ros2_ws/install/turtlesim_custom_msgs/share/turtlesim_custom_msgs/environment/ament_prefix_path.dsv\n'}
[9.032814] (turtlesim_custom_msgs) StdoutLine: {'line': b'-- Installing: /home/basmala/ros2_ws/install/turtlesim_custom_msgs/share/turtlesim_custom_msgs/environment/path.sh\n'}
[9.032993] (turtlesim_custom_msgs) StdoutLine: {'line': b'-- Installing: /home/basmala/ros2_ws/install/turtlesim_custom_msgs/share/turtlesim_custom_msgs/environment/path.dsv\n'}
[9.033183] (turtlesim_custom_msgs) StdoutLine: {'line': b'-- Installing: /home/basmala/ros2_ws/install/turtlesim_custom_msgs/share/turtlesim_custom_msgs/local_setup.bash\n'}
[9.033321] (turtlesim_custom_msgs) StdoutLine: {'line': b'-- Installing: /home/basmala/ros2_ws/install/turtlesim_custom_msgs/share/turtlesim_custom_msgs/local_setup.sh\n'}
[9.033545] (turtlesim_custom_msgs) StdoutLine: {'line': b'-- Installing: /home/basmala/ros2_ws/install/turtlesim_custom_msgs/share/turtlesim_custom_msgs/local_setup.zsh\n'}
[9.033720] (turtlesim_custom_msgs) StdoutLine: {'line': b'-- Installing: /home/basmala/ros2_ws/install/turtlesim_custom_msgs/share/turtlesim_custom_msgs/local_setup.dsv\n'}
[9.033852] (turtlesim_custom_msgs) StdoutLine: {'line': b'-- Installing: /home/basmala/ros2_ws/install/turtlesim_custom_msgs/share/turtlesim_custom_msgs/package.dsv\n'}
[9.034013] (turtlesim_custom_msgs) StdoutLine: {'line': b'-- Installing: /home/basmala/ros2_ws/install/turtlesim_custom_msgs/share/ament_index/resource_index/packages/turtlesim_custom_msgs\n'}
[9.034204] (turtlesim_custom_msgs) StdoutLine: {'line': b'-- Installing: /home/basmala/ros2_ws/install/turtlesim_custom_msgs/share/turtlesim_custom_msgs/cmake/export_turtlesim_custom_msgs__rosidl_generator_cExport.cmake\n'}
[9.034367] (turtlesim_custom_msgs) StdoutLine: {'line': b'-- Installing: /home/basmala/ros2_ws/install/turtlesim_custom_msgs/share/turtlesim_custom_msgs/cmake/export_turtlesim_custom_msgs__rosidl_generator_cExport-noconfig.cmake\n'}
[9.034620] (turtlesim_custom_msgs) StdoutLine: {'line': b'-- Installing: /home/basmala/ros2_ws/install/turtlesim_custom_msgs/share/turtlesim_custom_msgs/cmake/export_turtlesim_custom_msgs__rosidl_typesupport_fastrtps_cExport.cmake\n'}
[9.034804] (turtlesim_custom_msgs) StdoutLine: {'line': b'-- Installing: /home/basmala/ros2_ws/install/turtlesim_custom_msgs/share/turtlesim_custom_msgs/cmake/export_turtlesim_custom_msgs__rosidl_typesupport_fastrtps_cExport-noconfig.cmake\n'}
[9.034958] (turtlesim_custom_msgs) StdoutLine: {'line': b'-- Installing: /home/basmala/ros2_ws/install/turtlesim_custom_msgs/share/turtlesim_custom_msgs/cmake/turtlesim_custom_msgs__rosidl_typesupport_introspection_cExport.cmake\n'}
[9.035162] (turtlesim_custom_msgs) StdoutLine: {'line': b'-- Installing: /home/basmala/ros2_ws/install/turtlesim_custom_msgs/share/turtlesim_custom_msgs/cmake/turtlesim_custom_msgs__rosidl_typesupport_introspection_cExport-noconfig.cmake\n'}
[9.035299] (turtlesim_custom_msgs) StdoutLine: {'line': b'-- Installing: /home/basmala/ros2_ws/install/turtlesim_custom_msgs/share/turtlesim_custom_msgs/cmake/turtlesim_custom_msgs__rosidl_typesupport_cExport.cmake\n'}
[9.035506] (turtlesim_custom_msgs) StdoutLine: {'line': b'-- Installing: /home/basmala/ros2_ws/install/turtlesim_custom_msgs/share/turtlesim_custom_msgs/cmake/turtlesim_custom_msgs__rosidl_typesupport_cExport-noconfig.cmake\n'}
[9.035698] (turtlesim_custom_msgs) StdoutLine: {'line': b'-- Installing: /home/basmala/ros2_ws/install/turtlesim_custom_msgs/share/turtlesim_custom_msgs/cmake/export_turtlesim_custom_msgs__rosidl_generator_cppExport.cmake\n'}
[9.035875] (turtlesim_custom_msgs) StdoutLine: {'line': b'-- Installing: /home/basmala/ros2_ws/install/turtlesim_custom_msgs/share/turtlesim_custom_msgs/cmake/export_turtlesim_custom_msgs__rosidl_typesupport_fastrtps_cppExport.cmake\n'}
[9.036051] (turtlesim_custom_msgs) StdoutLine: {'line': b'-- Installing: /home/basmala/ros2_ws/install/turtlesim_custom_msgs/share/turtlesim_custom_msgs/cmake/export_turtlesim_custom_msgs__rosidl_typesupport_fastrtps_cppExport-noconfig.cmake\n'}
[9.036239] (turtlesim_custom_msgs) StdoutLine: {'line': b'-- Installing: /home/basmala/ros2_ws/install/turtlesim_custom_msgs/share/turtlesim_custom_msgs/cmake/turtlesim_custom_msgs__rosidl_typesupport_introspection_cppExport.cmake\n'}
[9.036432] (turtlesim_custom_msgs) StdoutLine: {'line': b'-- Installing: /home/basmala/ros2_ws/install/turtlesim_custom_msgs/share/turtlesim_custom_msgs/cmake/turtlesim_custom_msgs__rosidl_typesupport_introspection_cppExport-noconfig.cmake\n'}
[9.036634] (turtlesim_custom_msgs) StdoutLine: {'line': b'-- Installing: /home/basmala/ros2_ws/install/turtlesim_custom_msgs/share/turtlesim_custom_msgs/cmake/turtlesim_custom_msgs__rosidl_typesupport_cppExport.cmake\n'}
[9.036814] (turtlesim_custom_msgs) StdoutLine: {'line': b'-- Installing: /home/basmala/ros2_ws/install/turtlesim_custom_msgs/share/turtlesim_custom_msgs/cmake/turtlesim_custom_msgs__rosidl_typesupport_cppExport-noconfig.cmake\n'}
[9.037056] (turtlesim_custom_msgs) StdoutLine: {'line': b'-- Installing: /home/basmala/ros2_ws/install/turtlesim_custom_msgs/share/turtlesim_custom_msgs/cmake/export_turtlesim_custom_msgs__rosidl_generator_pyExport.cmake\n'}
[9.037557] (turtlesim_custom_msgs) StdoutLine: {'line': b'-- Installing: /home/basmala/ros2_ws/install/turtlesim_custom_msgs/share/turtlesim_custom_msgs/cmake/export_turtlesim_custom_msgs__rosidl_generator_pyExport-noconfig.cmake\n'}
[9.038373] (turtlesim_custom_msgs) StdoutLine: {'line': b'-- Installing: /home/basmala/ros2_ws/install/turtlesim_custom_msgs/share/turtlesim_custom_msgs/cmake/rosidl_cmake-extras.cmake\n'}
[9.038548] (turtlesim_custom_msgs) StdoutLine: {'line': b'-- Installing: /home/basmala/ros2_ws/install/turtlesim_custom_msgs/share/turtlesim_custom_msgs/cmake/ament_cmake_export_dependencies-extras.cmake\n'}
[9.038658] (turtlesim_custom_msgs) StdoutLine: {'line': b'-- Installing: /home/basmala/ros2_ws/install/turtlesim_custom_msgs/share/turtlesim_custom_msgs/cmake/ament_cmake_export_include_directories-extras.cmake\n'}
[9.038756] (turtlesim_custom_msgs) StdoutLine: {'line': b'-- Installing: /home/basmala/ros2_ws/install/turtlesim_custom_msgs/share/turtlesim_custom_msgs/cmake/ament_cmake_export_libraries-extras.cmake\n'}
[9.038837] (turtlesim_custom_msgs) StdoutLine: {'line': b'-- Installing: /home/basmala/ros2_ws/install/turtlesim_custom_msgs/share/turtlesim_custom_msgs/cmake/ament_cmake_export_targets-extras.cmake\n'}
[9.038940] (turtlesim_custom_msgs) StdoutLine: {'line': b'-- Installing: /home/basmala/ros2_ws/install/turtlesim_custom_msgs/share/turtlesim_custom_msgs/cmake/rosidl_cmake_export_typesupport_targets-extras.cmake\n'}
[9.039043] (turtlesim_custom_msgs) StdoutLine: {'line': b'-- Installing: /home/basmala/ros2_ws/install/turtlesim_custom_msgs/share/turtlesim_custom_msgs/cmake/rosidl_cmake_export_typesupport_libraries-extras.cmake\n'}
[9.039143] (turtlesim_custom_msgs) StdoutLine: {'line': b'-- Installing: /home/basmala/ros2_ws/install/turtlesim_custom_msgs/share/turtlesim_custom_msgs/cmake/turtlesim_custom_msgsConfig.cmake\n'}
[9.039244] (turtlesim_custom_msgs) StdoutLine: {'line': b'-- Installing: /home/basmala/ros2_ws/install/turtlesim_custom_msgs/share/turtlesim_custom_msgs/cmake/turtlesim_custom_msgsConfig-version.cmake\n'}
[9.039336] (turtlesim_custom_msgs) StdoutLine: {'line': b'-- Installing: /home/basmala/ros2_ws/install/turtlesim_custom_msgs/share/turtlesim_custom_msgs/package.xml\n'}
[9.039451] (turtlesim_custom_msgs) JobEnded: {'identifier': 'turtlesim_custom_msgs', 'rc': 'SIGINT'}
[9.048940] (-) EventReactorShutdown: {}
