[0.089s] DEBUG:colcon:Command line arguments: ['/usr/bin/colcon', 'build', '--allow-overriding', 'mecanum_drive_controller']
[0.089s] DEBUG:colcon:Parsed command line arguments: Namespace(log_base=None, log_level=None, verb_name='build', build_base='build', install_base='install', merge_install=False, symlink_install=False, test_result_base=None, continue_on_error=False, executor='parallel', parallel_workers=20, event_handlers=None, ignore_user_meta=False, metas=['./colcon.meta'], base_paths=['.'], packages_ignore=None, packages_ignore_regex=None, paths=None, packages_up_to=None, packages_up_to_regex=None, packages_above=None, packages_above_and_dependencies=None, packages_above_depth=None, packages_select_by_dep=None, packages_skip_by_dep=None, packages_skip_up_to=None, packages_select_build_failed=False, packages_skip_build_finished=False, packages_select_test_failures=False, packages_skip_test_passed=False, packages_select=None, packages_skip=None, packages_select_regex=None, packages_skip_regex=None, packages_start=None, packages_end=None, allow_overriding=['mecanum_drive_controller'], cmake_args=None, cmake_target=None, cmake_target_skip_unavailable=False, cmake_clean_cache=False, cmake_clean_first=False, cmake_force_configure=False, ament_cmake_args=None, catkin_cmake_args=None, catkin_skip_building_tests=False, verb_parser=<colcon_defaults.argument_parser.defaults.DefaultArgumentsDecorator object at 0x7fc91fd08650>, verb_extension=<colcon_core.verb.build.BuildVerb object at 0x7fc91febc8c0>, main=<bound method BuildVerb.main of <colcon_core.verb.build.BuildVerb object at 0x7fc91febc8c0>>)
[0.115s] Level 1:colcon.colcon_core.package_discovery:discover_packages(colcon_meta) check parameters
[0.115s] Level 1:colcon.colcon_core.package_discovery:discover_packages(recursive) check parameters
[0.115s] Level 1:colcon.colcon_core.package_discovery:discover_packages(ignore) check parameters
[0.115s] Level 1:colcon.colcon_core.package_discovery:discover_packages(path) check parameters
[0.115s] Level 1:colcon.colcon_core.package_discovery:discover_packages(colcon_meta) discover
[0.115s] Level 1:colcon.colcon_core.package_discovery:discover_packages(recursive) discover
[0.115s] INFO:colcon.colcon_core.package_discovery:Crawling recursively for packages in '/home/basmala/ros2_ws'
[0.115s] Level 1:colcon.colcon_core.package_identification:_identify(.) by extensions ['ignore', 'ignore_ament_install']
[0.115s] Level 1:colcon.colcon_core.package_identification:_identify(.) by extension 'ignore'
[0.115s] Level 1:colcon.colcon_core.package_identification:_identify(.) by extension 'ignore_ament_install'
[0.115s] Level 1:colcon.colcon_core.package_identification:_identify(.) by extensions ['colcon_pkg']
[0.115s] Level 1:colcon.colcon_core.package_identification:_identify(.) by extension 'colcon_pkg'
[0.116s] Level 1:colcon.colcon_core.package_identification:_identify(.) by extensions ['colcon_meta']
[0.116s] Level 1:colcon.colcon_core.package_identification:_identify(.) by extension 'colcon_meta'
[0.116s] Level 1:colcon.colcon_core.package_identification:_identify(.) by extensions ['ros']
[0.116s] Level 1:colcon.colcon_core.package_identification:_identify(.) by extension 'ros'
[0.132s] Level 1:colcon.colcon_core.package_identification:_identify(.) by extensions ['cmake', 'python']
[0.132s] Level 1:colcon.colcon_core.package_identification:_identify(.) by extension 'cmake'
[0.132s] Level 1:colcon.colcon_core.package_identification:_identify(.) by extension 'python'
[0.132s] Level 1:colcon.colcon_core.package_identification:_identify(.) by extensions ['python_setup_py']
[0.132s] Level 1:colcon.colcon_core.package_identification:_identify(.) by extension 'python_setup_py'
[0.132s] Level 1:colcon.colcon_core.package_identification:_identify(assignment1_rt) by extensions ['ignore', 'ignore_ament_install']
[0.133s] Level 1:colcon.colcon_core.package_identification:_identify(assignment1_rt) by extension 'ignore'
[0.133s] Level 1:colcon.colcon_core.package_identification:_identify(assignment1_rt) by extension 'ignore_ament_install'
[0.133s] Level 1:colcon.colcon_core.package_identification:_identify(assignment1_rt) by extensions ['colcon_pkg']
[0.133s] Level 1:colcon.colcon_core.package_identification:_identify(assignment1_rt) by extension 'colcon_pkg'
[0.133s] Level 1:colcon.colcon_core.package_identification:_identify(assignment1_rt) by extensions ['colcon_meta']
[0.133s] Level 1:colcon.colcon_core.package_identification:_identify(assignment1_rt) by extension 'colcon_meta'
[0.133s] Level 1:colcon.colcon_core.package_identification:_identify(assignment1_rt) by extensions ['ros']
[0.133s] Level 1:colcon.colcon_core.package_identification:_identify(assignment1_rt) by extension 'ros'
[0.135s] DEBUG:colcon.colcon_core.package_identification:Package 'assignment1_rt' with type 'ros.ament_cmake' and name 'assignment1_rt'
[0.135s] Level 1:colcon.colcon_core.package_identification:_identify(build) by extensions ['ignore', 'ignore_ament_install']
[0.135s] Level 1:colcon.colcon_core.package_identification:_identify(build) by extension 'ignore'
[0.135s] Level 1:colcon.colcon_core.package_identification:_identify(build) ignored
[0.135s] Level 1:colcon.colcon_core.package_identification:_identify(first_package_cpp) by extensions ['ignore', 'ignore_ament_install']
[0.135s] Level 1:colcon.colcon_core.package_identification:_identify(first_package_cpp) by extension 'ignore'
[0.135s] Level 1:colcon.colcon_core.package_identification:_identify(first_package_cpp) by extension 'ignore_ament_install'
[0.135s] Level 1:colcon.colcon_core.package_identification:_identify(first_package_cpp) by extensions ['colcon_pkg']
[0.135s] Level 1:colcon.colcon_core.package_identification:_identify(first_package_cpp) by extension 'colcon_pkg'
[0.135s] Level 1:colcon.colcon_core.package_identification:_identify(first_package_cpp) by extensions ['colcon_meta']
[0.135s] Level 1:colcon.colcon_core.package_identification:_identify(first_package_cpp) by extension 'colcon_meta'
[0.135s] Level 1:colcon.colcon_core.package_identification:_identify(first_package_cpp) by extensions ['ros']
[0.135s] Level 1:colcon.colcon_core.package_identification:_identify(first_package_cpp) by extension 'ros'
[0.136s] DEBUG:colcon.colcon_core.package_identification:Package 'first_package_cpp' with type 'ros.ament_cmake' and name 'first_package_cpp'
[0.136s] Level 1:colcon.colcon_core.package_identification:_identify(first_package_python) by extensions ['ignore', 'ignore_ament_install']
[0.136s] Level 1:colcon.colcon_core.package_identification:_identify(first_package_python) by extension 'ignore'
[0.136s] Level 1:colcon.colcon_core.package_identification:_identify(first_package_python) by extension 'ignore_ament_install'
[0.136s] Level 1:colcon.colcon_core.package_identification:_identify(first_package_python) by extensions ['colcon_pkg']
[0.136s] Level 1:colcon.colcon_core.package_identification:_identify(first_package_python) by extension 'colcon_pkg'
[0.136s] Level 1:colcon.colcon_core.package_identification:_identify(first_package_python) by extensions ['colcon_meta']
[0.136s] Level 1:colcon.colcon_core.package_identification:_identify(first_package_python) by extension 'colcon_meta'
[0.136s] Level 1:colcon.colcon_core.package_identification:_identify(first_package_python) by extensions ['ros']
[0.136s] Level 1:colcon.colcon_core.package_identification:_identify(first_package_python) by extension 'ros'
[0.136s] DEBUG:colcon.colcon_core.package_identification:Package 'first_package_python' with type 'ros.ament_python' and name 'first_package_python'
[0.136s] Level 1:colcon.colcon_core.package_identification:_identify(install) by extensions ['ignore', 'ignore_ament_install']
[0.136s] Level 1:colcon.colcon_core.package_identification:_identify(install) by extension 'ignore'
[0.137s] Level 1:colcon.colcon_core.package_identification:_identify(install) ignored
[0.137s] Level 1:colcon.colcon_core.package_identification:_identify(log) by extensions ['ignore', 'ignore_ament_install']
[0.137s] Level 1:colcon.colcon_core.package_identification:_identify(log) by extension 'ignore'
[0.137s] Level 1:colcon.colcon_core.package_identification:_identify(log) ignored
[0.137s] Level 1:colcon.colcon_core.package_identification:_identify(rosbag2_2025_12_02-13_02_19) by extensions ['ignore', 'ignore_ament_install']
[0.137s] Level 1:colcon.colcon_core.package_identification:_identify(rosbag2_2025_12_02-13_02_19) by extension 'ignore'
[0.137s] Level 1:colcon.colcon_core.package_identification:_identify(rosbag2_2025_12_02-13_02_19) by extension 'ignore_ament_install'
[0.137s] Level 1:colcon.colcon_core.package_identification:_identify(rosbag2_2025_12_02-13_02_19) by extensions ['colcon_pkg']
[0.137s] Level 1:colcon.colcon_core.package_identification:_identify(rosbag2_2025_12_02-13_02_19) by extension 'colcon_pkg'
[0.137s] Level 1:colcon.colcon_core.package_identification:_identify(rosbag2_2025_12_02-13_02_19) by extensions ['colcon_meta']
[0.137s] Level 1:colcon.colcon_core.package_identification:_identify(rosbag2_2025_12_02-13_02_19) by extension 'colcon_meta'
[0.137s] Level 1:colcon.colcon_core.package_identification:_identify(rosbag2_2025_12_02-13_02_19) by extensions ['ros']
[0.137s] Level 1:colcon.colcon_core.package_identification:_identify(rosbag2_2025_12_02-13_02_19) by extension 'ros'
[0.137s] Level 1:colcon.colcon_core.package_identification:_identify(rosbag2_2025_12_02-13_02_19) by extensions ['cmake', 'python']
[0.137s] Level 1:colcon.colcon_core.package_identification:_identify(rosbag2_2025_12_02-13_02_19) by extension 'cmake'
[0.137s] Level 1:colcon.colcon_core.package_identification:_identify(rosbag2_2025_12_02-13_02_19) by extension 'python'
[0.137s] Level 1:colcon.colcon_core.package_identification:_identify(rosbag2_2025_12_02-13_02_19) by extensions ['python_setup_py']
[0.137s] Level 1:colcon.colcon_core.package_identification:_identify(rosbag2_2025_12_02-13_02_19) by extension 'python_setup_py'
[0.137s] Level 1:colcon.colcon_core.package_identification:_identify(src) by extensions ['ignore', 'ignore_ament_install']
[0.137s] Level 1:colcon.colcon_core.package_identification:_identify(src) by extension 'ignore'
[0.137s] Level 1:colcon.colcon_core.package_identification:_identify(src) by extension 'ignore_ament_install'
[0.137s] Level 1:colcon.colcon_core.package_identification:_identify(src) by extensions ['colcon_pkg']
[0.137s] Level 1:colcon.colcon_core.package_identification:_identify(src) by extension 'colcon_pkg'
[0.137s] Level 1:colcon.colcon_core.package_identification:_identify(src) by extensions ['colcon_meta']
[0.137s] Level 1:colcon.colcon_core.package_identification:_identify(src) by extension 'colcon_meta'
[0.137s] Level 1:colcon.colcon_core.package_identification:_identify(src) by extensions ['ros']
[0.137s] Level 1:colcon.colcon_core.package_identification:_identify(src) by extension 'ros'
[0.137s] Level 1:colcon.colcon_core.package_identification:_identify(src) by extensions ['cmake', 'python']
[0.137s] Level 1:colcon.colcon_core.package_identification:_identify(src) by extension 'cmake'
[0.137s] Level 1:colcon.colcon_core.package_identification:_identify(src) by extension 'python'
[0.138s] Level 1:colcon.colcon_core.package_identification:_identify(src) by extensions ['python_setup_py']
[0.138s] Level 1:colcon.colcon_core.package_identification:_identify(src) by extension 'python_setup_py'
[0.138s] Level 1:colcon.colcon_core.package_identification:_identify(src/bme_gazebo_sensors) by extensions ['ignore', 'ignore_ament_install']
[0.138s] Level 1:colcon.colcon_core.package_identification:_identify(src/bme_gazebo_sensors) by extension 'ignore'
[0.138s] Level 1:colcon.colcon_core.package_identification:_identify(src/bme_gazebo_sensors) by extension 'ignore_ament_install'
[0.138s] Level 1:colcon.colcon_core.package_identification:_identify(src/bme_gazebo_sensors) by extensions ['colcon_pkg']
[0.138s] Level 1:colcon.colcon_core.package_identification:_identify(src/bme_gazebo_sensors) by extension 'colcon_pkg'
[0.138s] Level 1:colcon.colcon_core.package_identification:_identify(src/bme_gazebo_sensors) by extensions ['colcon_meta']
[0.138s] Level 1:colcon.colcon_core.package_identification:_identify(src/bme_gazebo_sensors) by extension 'colcon_meta'
[0.138s] Level 1:colcon.colcon_core.package_identification:_identify(src/bme_gazebo_sensors) by extensions ['ros']
[0.138s] Level 1:colcon.colcon_core.package_identification:_identify(src/bme_gazebo_sensors) by extension 'ros'
[0.138s] DEBUG:colcon.colcon_core.package_identification:Package 'src/bme_gazebo_sensors' with type 'ros.ament_cmake' and name 'bme_gazebo_sensors'
[0.138s] Level 1:colcon.colcon_core.package_identification:_identify(src/build) by extensions ['ignore', 'ignore_ament_install']
[0.138s] Level 1:colcon.colcon_core.package_identification:_identify(src/build) by extension 'ignore'
[0.138s] Level 1:colcon.colcon_core.package_identification:_identify(src/build) ignored
[0.138s] Level 1:colcon.colcon_core.package_identification:_identify(src/install) by extensions ['ignore', 'ignore_ament_install']
[0.139s] Level 1:colcon.colcon_core.package_identification:_identify(src/install) by extension 'ignore'
[0.139s] Level 1:colcon.colcon_core.package_identification:_identify(src/install) ignored
[0.139s] Level 1:colcon.colcon_core.package_identification:_identify(src/log) by extensions ['ignore', 'ignore_ament_install']
[0.139s] Level 1:colcon.colcon_core.package_identification:_identify(src/log) by extension 'ignore'
[0.139s] Level 1:colcon.colcon_core.package_identification:_identify(src/log) ignored
[0.139s] Level 1:colcon.colcon_core.package_identification:_identify(src/yahboom_rosmaster) by extensions ['ignore', 'ignore_ament_install']
[0.139s] Level 1:colcon.colcon_core.package_identification:_identify(src/yahboom_rosmaster) by extension 'ignore'
[0.139s] Level 1:colcon.colcon_core.package_identification:_identify(src/yahboom_rosmaster) by extension 'ignore_ament_install'
[0.139s] Level 1:colcon.colcon_core.package_identification:_identify(src/yahboom_rosmaster) by extensions ['colcon_pkg']
[0.139s] Level 1:colcon.colcon_core.package_identification:_identify(src/yahboom_rosmaster) by extension 'colcon_pkg'
[0.139s] Level 1:colcon.colcon_core.package_identification:_identify(src/yahboom_rosmaster) by extensions ['colcon_meta']
[0.139s] Level 1:colcon.colcon_core.package_identification:_identify(src/yahboom_rosmaster) by extension 'colcon_meta'
[0.139s] Level 1:colcon.colcon_core.package_identification:_identify(src/yahboom_rosmaster) by extensions ['ros']
[0.139s] Level 1:colcon.colcon_core.package_identification:_identify(src/yahboom_rosmaster) by extension 'ros'
[0.139s] Level 1:colcon.colcon_core.package_identification:_identify(src/yahboom_rosmaster) by extensions ['cmake', 'python']
[0.139s] Level 1:colcon.colcon_core.package_identification:_identify(src/yahboom_rosmaster) by extension 'cmake'
[0.139s] Level 1:colcon.colcon_core.package_identification:_identify(src/yahboom_rosmaster) by extension 'python'
[0.139s] Level 1:colcon.colcon_core.package_identification:_identify(src/yahboom_rosmaster) by extensions ['python_setup_py']
[0.139s] Level 1:colcon.colcon_core.package_identification:_identify(src/yahboom_rosmaster) by extension 'python_setup_py'
[0.139s] Level 1:colcon.colcon_core.package_identification:_identify(src/yahboom_rosmaster/mecanum_drive_controller) by extensions ['ignore', 'ignore_ament_install']
[0.139s] Level 1:colcon.colcon_core.package_identification:_identify(src/yahboom_rosmaster/mecanum_drive_controller) by extension 'ignore'
[0.139s] Level 1:colcon.colcon_core.package_identification:_identify(src/yahboom_rosmaster/mecanum_drive_controller) by extension 'ignore_ament_install'
[0.139s] Level 1:colcon.colcon_core.package_identification:_identify(src/yahboom_rosmaster/mecanum_drive_controller) by extensions ['colcon_pkg']
[0.139s] Level 1:colcon.colcon_core.package_identification:_identify(src/yahboom_rosmaster/mecanum_drive_controller) by extension 'colcon_pkg'
[0.139s] Level 1:colcon.colcon_core.package_identification:_identify(src/yahboom_rosmaster/mecanum_drive_controller) by extensions ['colcon_meta']
[0.139s] Level 1:colcon.colcon_core.package_identification:_identify(src/yahboom_rosmaster/mecanum_drive_controller) by extension 'colcon_meta'
[0.139s] Level 1:colcon.colcon_core.package_identification:_identify(src/yahboom_rosmaster/mecanum_drive_controller) by extensions ['ros']
[0.139s] Level 1:colcon.colcon_core.package_identification:_identify(src/yahboom_rosmaster/mecanum_drive_controller) by extension 'ros'
[0.140s] DEBUG:colcon.colcon_core.package_identification:Package 'src/yahboom_rosmaster/mecanum_drive_controller' with type 'ros.ament_cmake' and name 'mecanum_drive_controller'
[0.140s] Level 1:colcon.colcon_core.package_identification:_identify(src/yahboom_rosmaster/yahboom_rosmaster) by extensions ['ignore', 'ignore_ament_install']
[0.140s] Level 1:colcon.colcon_core.package_identification:_identify(src/yahboom_rosmaster/yahboom_rosmaster) by extension 'ignore'
[0.140s] Level 1:colcon.colcon_core.package_identification:_identify(src/yahboom_rosmaster/yahboom_rosmaster) by extension 'ignore_ament_install'
[0.141s] Level 1:colcon.colcon_core.package_identification:_identify(src/yahboom_rosmaster/yahboom_rosmaster) by extensions ['colcon_pkg']
[0.141s] Level 1:colcon.colcon_core.package_identification:_identify(src/yahboom_rosmaster/yahboom_rosmaster) by extension 'colcon_pkg'
[0.141s] Level 1:colcon.colcon_core.package_identification:_identify(src/yahboom_rosmaster/yahboom_rosmaster) by extensions ['colcon_meta']
[0.141s] Level 1:colcon.colcon_core.package_identification:_identify(src/yahboom_rosmaster/yahboom_rosmaster) by extension 'colcon_meta'
[0.141s] Level 1:colcon.colcon_core.package_identification:_identify(src/yahboom_rosmaster/yahboom_rosmaster) by extensions ['ros']
[0.141s] Level 1:colcon.colcon_core.package_identification:_identify(src/yahboom_rosmaster/yahboom_rosmaster) by extension 'ros'
[0.141s] DEBUG:colcon.colcon_core.package_identification:Package 'src/yahboom_rosmaster/yahboom_rosmaster' with type 'ros.ament_cmake' and name 'yahboom_rosmaster'
[0.141s] Level 1:colcon.colcon_core.package_identification:_identify(src/yahboom_rosmaster/yahboom_rosmaster_bringup) by extensions ['ignore', 'ignore_ament_install']
[0.141s] Level 1:colcon.colcon_core.package_identification:_identify(src/yahboom_rosmaster/yahboom_rosmaster_bringup) by extension 'ignore'
[0.141s] Level 1:colcon.colcon_core.package_identification:_identify(src/yahboom_rosmaster/yahboom_rosmaster_bringup) by extension 'ignore_ament_install'
[0.141s] Level 1:colcon.colcon_core.package_identification:_identify(src/yahboom_rosmaster/yahboom_rosmaster_bringup) by extensions ['colcon_pkg']
[0.141s] Level 1:colcon.colcon_core.package_identification:_identify(src/yahboom_rosmaster/yahboom_rosmaster_bringup) by extension 'colcon_pkg'
[0.141s] Level 1:colcon.colcon_core.package_identification:_identify(src/yahboom_rosmaster/yahboom_rosmaster_bringup) by extensions ['colcon_meta']
[0.141s] Level 1:colcon.colcon_core.package_identification:_identify(src/yahboom_rosmaster/yahboom_rosmaster_bringup) by extension 'colcon_meta'
[0.141s] Level 1:colcon.colcon_core.package_identification:_identify(src/yahboom_rosmaster/yahboom_rosmaster_bringup) by extensions ['ros']
[0.141s] Level 1:colcon.colcon_core.package_identification:_identify(src/yahboom_rosmaster/yahboom_rosmaster_bringup) by extension 'ros'
[0.142s] DEBUG:colcon.colcon_core.package_identification:Package 'src/yahboom_rosmaster/yahboom_rosmaster_bringup' with type 'ros.ament_cmake' and name 'yahboom_rosmaster_bringup'
[0.142s] Level 1:colcon.colcon_core.package_identification:_identify(src/yahboom_rosmaster/yahboom_rosmaster_discription) by extensions ['ignore', 'ignore_ament_install']
[0.142s] Level 1:colcon.colcon_core.package_identification:_identify(src/yahboom_rosmaster/yahboom_rosmaster_discription) by extension 'ignore'
[0.142s] Level 1:colcon.colcon_core.package_identification:_identify(src/yahboom_rosmaster/yahboom_rosmaster_discription) by extension 'ignore_ament_install'
[0.142s] Level 1:colcon.colcon_core.package_identification:_identify(src/yahboom_rosmaster/yahboom_rosmaster_discription) by extensions ['colcon_pkg']
[0.142s] Level 1:colcon.colcon_core.package_identification:_identify(src/yahboom_rosmaster/yahboom_rosmaster_discription) by extension 'colcon_pkg'
[0.142s] Level 1:colcon.colcon_core.package_identification:_identify(src/yahboom_rosmaster/yahboom_rosmaster_discription) by extensions ['colcon_meta']
[0.142s] Level 1:colcon.colcon_core.package_identification:_identify(src/yahboom_rosmaster/yahboom_rosmaster_discription) by extension 'colcon_meta'
[0.142s] Level 1:colcon.colcon_core.package_identification:_identify(src/yahboom_rosmaster/yahboom_rosmaster_discription) by extensions ['ros']
[0.142s] Level 1:colcon.colcon_core.package_identification:_identify(src/yahboom_rosmaster/yahboom_rosmaster_discription) by extension 'ros'
[0.142s] DEBUG:colcon.colcon_core.package_identification:Package 'src/yahboom_rosmaster/yahboom_rosmaster_discription' with type 'ros.ament_cmake' and name 'yahboom_rosmaster_description'
[0.142s] Level 1:colcon.colcon_core.package_identification:_identify(src/yahboom_rosmaster/yahboom_rosmaster_gazebo) by extensions ['ignore', 'ignore_ament_install']
[0.142s] Level 1:colcon.colcon_core.package_identification:_identify(src/yahboom_rosmaster/yahboom_rosmaster_gazebo) by extension 'ignore'
[0.142s] Level 1:colcon.colcon_core.package_identification:_identify(src/yahboom_rosmaster/yahboom_rosmaster_gazebo) by extension 'ignore_ament_install'
[0.142s] Level 1:colcon.colcon_core.package_identification:_identify(src/yahboom_rosmaster/yahboom_rosmaster_gazebo) by extensions ['colcon_pkg']
[0.142s] Level 1:colcon.colcon_core.package_identification:_identify(src/yahboom_rosmaster/yahboom_rosmaster_gazebo) by extension 'colcon_pkg'
[0.143s] Level 1:colcon.colcon_core.package_identification:_identify(src/yahboom_rosmaster/yahboom_rosmaster_gazebo) by extensions ['colcon_meta']
[0.143s] Level 1:colcon.colcon_core.package_identification:_identify(src/yahboom_rosmaster/yahboom_rosmaster_gazebo) by extension 'colcon_meta'
[0.143s] Level 1:colcon.colcon_core.package_identification:_identify(src/yahboom_rosmaster/yahboom_rosmaster_gazebo) by extensions ['ros']
[0.143s] Level 1:colcon.colcon_core.package_identification:_identify(src/yahboom_rosmaster/yahboom_rosmaster_gazebo) by extension 'ros'
[0.143s] DEBUG:colcon.colcon_core.package_identification:Package 'src/yahboom_rosmaster/yahboom_rosmaster_gazebo' with type 'ros.ament_cmake' and name 'yahboom_rosmaster_gazebo'
[0.143s] Level 1:colcon.colcon_core.package_identification:_identify(src/yahboom_rosmaster/yahboom_rosmaster_system_tests) by extensions ['ignore', 'ignore_ament_install']
[0.143s] Level 1:colcon.colcon_core.package_identification:_identify(src/yahboom_rosmaster/yahboom_rosmaster_system_tests) by extension 'ignore'
[0.144s] Level 1:colcon.colcon_core.package_identification:_identify(src/yahboom_rosmaster/yahboom_rosmaster_system_tests) by extension 'ignore_ament_install'
[0.144s] Level 1:colcon.colcon_core.package_identification:_identify(src/yahboom_rosmaster/yahboom_rosmaster_system_tests) by extensions ['colcon_pkg']
[0.144s] Level 1:colcon.colcon_core.package_identification:_identify(src/yahboom_rosmaster/yahboom_rosmaster_system_tests) by extension 'colcon_pkg'
[0.144s] Level 1:colcon.colcon_core.package_identification:_identify(src/yahboom_rosmaster/yahboom_rosmaster_system_tests) by extensions ['colcon_meta']
[0.144s] Level 1:colcon.colcon_core.package_identification:_identify(src/yahboom_rosmaster/yahboom_rosmaster_system_tests) by extension 'colcon_meta'
[0.144s] Level 1:colcon.colcon_core.package_identification:_identify(src/yahboom_rosmaster/yahboom_rosmaster_system_tests) by extensions ['ros']
[0.144s] Level 1:colcon.colcon_core.package_identification:_identify(src/yahboom_rosmaster/yahboom_rosmaster_system_tests) by extension 'ros'
[0.144s] DEBUG:colcon.colcon_core.package_identification:Package 'src/yahboom_rosmaster/yahboom_rosmaster_system_tests' with type 'ros.ament_cmake' and name 'yahboom_rosmaster_system_tests'
[0.144s] Level 1:colcon.colcon_core.package_identification:_identify(turtlesim_controller) by extensions ['ignore', 'ignore_ament_install']
[0.144s] Level 1:colcon.colcon_core.package_identification:_identify(turtlesim_controller) by extension 'ignore'
[0.144s] Level 1:colcon.colcon_core.package_identification:_identify(turtlesim_controller) by extension 'ignore_ament_install'
[0.144s] Level 1:colcon.colcon_core.package_identification:_identify(turtlesim_controller) by extensions ['colcon_pkg']
[0.144s] Level 1:colcon.colcon_core.package_identification:_identify(turtlesim_controller) by extension 'colcon_pkg'
[0.144s] Level 1:colcon.colcon_core.package_identification:_identify(turtlesim_controller) by extensions ['colcon_meta']
[0.144s] Level 1:colcon.colcon_core.package_identification:_identify(turtlesim_controller) by extension 'colcon_meta'
[0.144s] Level 1:colcon.colcon_core.package_identification:_identify(turtlesim_controller) by extensions ['ros']
[0.144s] Level 1:colcon.colcon_core.package_identification:_identify(turtlesim_controller) by extension 'ros'
[0.145s] DEBUG:colcon.colcon_core.package_identification:Package 'turtlesim_controller' with type 'ros.ament_cmake' and name 'turtlesim_controller'
[0.145s] Level 1:colcon.colcon_core.package_identification:_identify(turtlesim_custom_msgs) by extensions ['ignore', 'ignore_ament_install']
[0.145s] Level 1:colcon.colcon_core.package_identification:_identify(turtlesim_custom_msgs) by extension 'ignore'
[0.145s] Level 1:colcon.colcon_core.package_identification:_identify(turtlesim_custom_msgs) by extension 'ignore_ament_install'
[0.145s] Level 1:colcon.colcon_core.package_identification:_identify(turtlesim_custom_msgs) by extensions ['colcon_pkg']
[0.145s] Level 1:colcon.colcon_core.package_identification:_identify(turtlesim_custom_msgs) by extension 'colcon_pkg'
[0.145s] Level 1:colcon.colcon_core.package_identification:_identify(turtlesim_custom_msgs) by extensions ['colcon_meta']
[0.145s] Level 1:colcon.colcon_core.package_identification:_identify(turtlesim_custom_msgs) by extension 'colcon_meta'
[0.145s] Level 1:colcon.colcon_core.package_identification:_identify(turtlesim_custom_msgs) by extensions ['ros']
[0.145s] Level 1:colcon.colcon_core.package_identification:_identify(turtlesim_custom_msgs) by extension 'ros'
[0.145s] DEBUG:colcon.colcon_core.package_identification:Package 'turtlesim_custom_msgs' with type 'ros.ament_cmake' and name 'turtlesim_custom_msgs'
[0.145s] Level 1:colcon.colcon_core.package_discovery:discover_packages(recursive) using defaults
[0.145s] Level 1:colcon.colcon_core.package_discovery:discover_packages(ignore) discover
[0.145s] Level 1:colcon.colcon_core.package_discovery:discover_packages(ignore) using defaults
[0.145s] Level 1:colcon.colcon_core.package_discovery:discover_packages(path) discover
[0.145s] Level 1:colcon.colcon_core.package_discovery:discover_packages(path) using defaults
[0.158s] Level 1:colcon.colcon_core.package_discovery:discover_packages(prefix_path) check parameters
[0.158s] Level 1:colcon.colcon_core.package_discovery:discover_packages(prefix_path) discover
[0.159s] WARNING:colcon.colcon_ros.prefix_path.ament:The path '/home/basmala/ros2_ws/install/yahboom_rosmaster_discription' in the environment variable AMENT_PREFIX_PATH doesn't exist
[0.159s] WARNING:colcon.colcon_ros.prefix_path.catkin:The path '/home/basmala/ros2_ws/install/yahboom_rosmaster_discription' in the environment variable CMAKE_PREFIX_PATH doesn't exist
[0.160s] DEBUG:colcon.colcon_installed_package_information.package_discovery:Found 12 installed packages in /home/basmala/ros2_ws/install
[0.160s] DEBUG:colcon.colcon_installed_package_information.package_discovery:Found 0 installed packages in /home/basmala/ros2_ws/src/install
[0.161s] DEBUG:colcon.colcon_installed_package_information.package_discovery:Found 374 installed packages in /opt/ros/jazzy
[0.163s] Level 1:colcon.colcon_core.package_discovery:discover_packages(prefix_path) using defaults
[0.200s] Level 5:colcon.colcon_core.verb:set package 'assignment1_rt' build argument 'cmake_args' from command line to 'None'
[0.200s] Level 5:colcon.colcon_core.verb:set package 'assignment1_rt' build argument 'cmake_target' from command line to 'None'
[0.201s] Level 5:colcon.colcon_core.verb:set package 'assignment1_rt' build argument 'cmake_target_skip_unavailable' from command line to 'False'
[0.201s] Level 5:colcon.colcon_core.verb:set package 'assignment1_rt' build argument 'cmake_clean_cache' from command line to 'False'
[0.201s] Level 5:colcon.colcon_core.verb:set package 'assignment1_rt' build argument 'cmake_clean_first' from command line to 'False'
[0.201s] Level 5:colcon.colcon_core.verb:set package 'assignment1_rt' build argument 'cmake_force_configure' from command line to 'False'
[0.201s] Level 5:colcon.colcon_core.verb:set package 'assignment1_rt' build argument 'ament_cmake_args' from command line to 'None'
[0.201s] Level 5:colcon.colcon_core.verb:set package 'assignment1_rt' build argument 'catkin_cmake_args' from command line to 'None'
[0.201s] Level 5:colcon.colcon_core.verb:set package 'assignment1_rt' build argument 'catkin_skip_building_tests' from command line to 'False'
[0.201s] DEBUG:colcon.colcon_core.verb:Building package 'assignment1_rt' with the following arguments: {'ament_cmake_args': None, 'build_base': '/home/basmala/ros2_ws/build/assignment1_rt', 'catkin_cmake_args': None, 'catkin_skip_building_tests': False, 'cmake_args': None, 'cmake_clean_cache': False, 'cmake_clean_first': False, 'cmake_force_configure': False, 'cmake_target': None, 'cmake_target_skip_unavailable': False, 'install_base': '/home/basmala/ros2_ws/install/assignment1_rt', 'merge_install': False, 'path': '/home/basmala/ros2_ws/assignment1_rt', 'symlink_install': False, 'test_result_base': None}
[0.201s] Level 5:colcon.colcon_core.verb:set package 'bme_gazebo_sensors' build argument 'cmake_args' from command line to 'None'
[0.201s] Level 5:colcon.colcon_core.verb:set package 'bme_gazebo_sensors' build argument 'cmake_target' from command line to 'None'
[0.201s] Level 5:colcon.colcon_core.verb:set package 'bme_gazebo_sensors' build argument 'cmake_target_skip_unavailable' from command line to 'False'
[0.201s] Level 5:colcon.colcon_core.verb:set package 'bme_gazebo_sensors' build argument 'cmake_clean_cache' from command line to 'False'
[0.201s] Level 5:colcon.colcon_core.verb:set package 'bme_gazebo_sensors' build argument 'cmake_clean_first' from command line to 'False'
[0.201s] Level 5:colcon.colcon_core.verb:set package 'bme_gazebo_sensors' build argument 'cmake_force_configure' from command line to 'False'
[0.201s] Level 5:colcon.colcon_core.verb:set package 'bme_gazebo_sensors' build argument 'ament_cmake_args' from command line to 'None'
[0.201s] Level 5:colcon.colcon_core.verb:set package 'bme_gazebo_sensors' build argument 'catkin_cmake_args' from command line to 'None'
[0.201s] Level 5:colcon.colcon_core.verb:set package 'bme_gazebo_sensors' build argument 'catkin_skip_building_tests' from command line to 'False'
[0.201s] DEBUG:colcon.colcon_core.verb:Building package 'bme_gazebo_sensors' with the following arguments: {'ament_cmake_args': None, 'build_base': '/home/basmala/ros2_ws/build/bme_gazebo_sensors', 'catkin_cmake_args': None, 'catkin_skip_building_tests': False, 'cmake_args': None, 'cmake_clean_cache': False, 'cmake_clean_first': False, 'cmake_force_configure': False, 'cmake_target': None, 'cmake_target_skip_unavailable': False, 'install_base': '/home/basmala/ros2_ws/install/bme_gazebo_sensors', 'merge_install': False, 'path': '/home/basmala/ros2_ws/src/bme_gazebo_sensors', 'symlink_install': False, 'test_result_base': None}
[0.201s] Level 5:colcon.colcon_core.verb:set package 'first_package_cpp' build argument 'cmake_args' from command line to 'None'
[0.201s] Level 5:colcon.colcon_core.verb:set package 'first_package_cpp' build argument 'cmake_target' from command line to 'None'
[0.201s] Level 5:colcon.colcon_core.verb:set package 'first_package_cpp' build argument 'cmake_target_skip_unavailable' from command line to 'False'
[0.201s] Level 5:colcon.colcon_core.verb:set package 'first_package_cpp' build argument 'cmake_clean_cache' from command line to 'False'
[0.201s] Level 5:colcon.colcon_core.verb:set package 'first_package_cpp' build argument 'cmake_clean_first' from command line to 'False'
[0.201s] Level 5:colcon.colcon_core.verb:set package 'first_package_cpp' build argument 'cmake_force_configure' from command line to 'False'
[0.201s] Level 5:colcon.colcon_core.verb:set package 'first_package_cpp' build argument 'ament_cmake_args' from command line to 'None'
[0.201s] Level 5:colcon.colcon_core.verb:set package 'first_package_cpp' build argument 'catkin_cmake_args' from command line to 'None'
[0.201s] Level 5:colcon.colcon_core.verb:set package 'first_package_cpp' build argument 'catkin_skip_building_tests' from command line to 'False'
[0.201s] DEBUG:colcon.colcon_core.verb:Building package 'first_package_cpp' with the following arguments: {'ament_cmake_args': None, 'build_base': '/home/basmala/ros2_ws/build/first_package_cpp', 'catkin_cmake_args': None, 'catkin_skip_building_tests': False, 'cmake_args': None, 'cmake_clean_cache': False, 'cmake_clean_first': False, 'cmake_force_configure': False, 'cmake_target': None, 'cmake_target_skip_unavailable': False, 'install_base': '/home/basmala/ros2_ws/install/first_package_cpp', 'merge_install': False, 'path': '/home/basmala/ros2_ws/first_package_cpp', 'symlink_install': False, 'test_result_base': None}
[0.202s] Level 5:colcon.colcon_core.verb:set package 'first_package_python' build argument 'cmake_args' from command line to 'None'
[0.202s] Level 5:colcon.colcon_core.verb:set package 'first_package_python' build argument 'cmake_target' from command line to 'None'
[0.202s] Level 5:colcon.colcon_core.verb:set package 'first_package_python' build argument 'cmake_target_skip_unavailable' from command line to 'False'
[0.202s] Level 5:colcon.colcon_core.verb:set package 'first_package_python' build argument 'cmake_clean_cache' from command line to 'False'
[0.202s] Level 5:colcon.colcon_core.verb:set package 'first_package_python' build argument 'cmake_clean_first' from command line to 'False'
[0.202s] Level 5:colcon.colcon_core.verb:set package 'first_package_python' build argument 'cmake_force_configure' from command line to 'False'
[0.202s] Level 5:colcon.colcon_core.verb:set package 'first_package_python' build argument 'ament_cmake_args' from command line to 'None'
[0.202s] Level 5:colcon.colcon_core.verb:set package 'first_package_python' build argument 'catkin_cmake_args' from command line to 'None'
[0.202s] Level 5:colcon.colcon_core.verb:set package 'first_package_python' build argument 'catkin_skip_building_tests' from command line to 'False'
[0.202s] DEBUG:colcon.colcon_core.verb:Building package 'first_package_python' with the following arguments: {'ament_cmake_args': None, 'build_base': '/home/basmala/ros2_ws/build/first_package_python', 'catkin_cmake_args': None, 'catkin_skip_building_tests': False, 'cmake_args': None, 'cmake_clean_cache': False, 'cmake_clean_first': False, 'cmake_force_configure': False, 'cmake_target': None, 'cmake_target_skip_unavailable': False, 'install_base': '/home/basmala/ros2_ws/install/first_package_python', 'merge_install': False, 'path': '/home/basmala/ros2_ws/first_package_python', 'symlink_install': False, 'test_result_base': None}
[0.202s] Level 5:colcon.colcon_core.verb:set package 'mecanum_drive_controller' build argument 'cmake_args' from command line to 'None'
[0.202s] Level 5:colcon.colcon_core.verb:set package 'mecanum_drive_controller' build argument 'cmake_target' from command line to 'None'
[0.202s] Level 5:colcon.colcon_core.verb:set package 'mecanum_drive_controller' build argument 'cmake_target_skip_unavailable' from command line to 'False'
[0.202s] Level 5:colcon.colcon_core.verb:set package 'mecanum_drive_controller' build argument 'cmake_clean_cache' from command line to 'False'
[0.202s] Level 5:colcon.colcon_core.verb:set package 'mecanum_drive_controller' build argument 'cmake_clean_first' from command line to 'False'
[0.202s] Level 5:colcon.colcon_core.verb:set package 'mecanum_drive_controller' build argument 'cmake_force_configure' from command line to 'False'
[0.202s] Level 5:colcon.colcon_core.verb:set package 'mecanum_drive_controller' build argument 'ament_cmake_args' from command line to 'None'
[0.202s] Level 5:colcon.colcon_core.verb:set package 'mecanum_drive_controller' build argument 'catkin_cmake_args' from command line to 'None'
[0.202s] Level 5:colcon.colcon_core.verb:set package 'mecanum_drive_controller' build argument 'catkin_skip_building_tests' from command line to 'False'
[0.202s] DEBUG:colcon.colcon_core.verb:Building package 'mecanum_drive_controller' with the following arguments: {'ament_cmake_args': None, 'build_base': '/home/basmala/ros2_ws/build/mecanum_drive_controller', 'catkin_cmake_args': None, 'catkin_skip_building_tests': False, 'cmake_args': None, 'cmake_clean_cache': False, 'cmake_clean_first': False, 'cmake_force_configure': False, 'cmake_target': None, 'cmake_target_skip_unavailable': False, 'install_base': '/home/basmala/ros2_ws/install/mecanum_drive_controller', 'merge_install': False, 'path': '/home/basmala/ros2_ws/src/yahboom_rosmaster/mecanum_drive_controller', 'symlink_install': False, 'test_result_base': None}
[0.202s] Level 5:colcon.colcon_core.verb:set package 'turtlesim_custom_msgs' build argument 'cmake_args' from command line to 'None'
[0.202s] Level 5:colcon.colcon_core.verb:set package 'turtlesim_custom_msgs' build argument 'cmake_target' from command line to 'None'
[0.202s] Level 5:colcon.colcon_core.verb:set package 'turtlesim_custom_msgs' build argument 'cmake_target_skip_unavailable' from command line to 'False'
[0.202s] Level 5:colcon.colcon_core.verb:set package 'turtlesim_custom_msgs' build argument 'cmake_clean_cache' from command line to 'False'
[0.202s] Level 5:colcon.colcon_core.verb:set package 'turtlesim_custom_msgs' build argument 'cmake_clean_first' from command line to 'False'
[0.202s] Level 5:colcon.colcon_core.verb:set package 'turtlesim_custom_msgs' build argument 'cmake_force_configure' from command line to 'False'
[0.202s] Level 5:colcon.colcon_core.verb:set package 'turtlesim_custom_msgs' build argument 'ament_cmake_args' from command line to 'None'
[0.202s] Level 5:colcon.colcon_core.verb:set package 'turtlesim_custom_msgs' build argument 'catkin_cmake_args' from command line to 'None'
[0.202s] Level 5:colcon.colcon_core.verb:set package 'turtlesim_custom_msgs' build argument 'catkin_skip_building_tests' from command line to 'False'
[0.202s] DEBUG:colcon.colcon_core.verb:Building package 'turtlesim_custom_msgs' with the following arguments: {'ament_cmake_args': None, 'build_base': '/home/basmala/ros2_ws/build/turtlesim_custom_msgs', 'catkin_cmake_args': None, 'catkin_skip_building_tests': False, 'cmake_args': None, 'cmake_clean_cache': False, 'cmake_clean_first': False, 'cmake_force_configure': False, 'cmake_target': None, 'cmake_target_skip_unavailable': False, 'install_base': '/home/basmala/ros2_ws/install/turtlesim_custom_msgs', 'merge_install': False, 'path': '/home/basmala/ros2_ws/turtlesim_custom_msgs', 'symlink_install': False, 'test_result_base': None}
[0.202s] Level 5:colcon.colcon_core.verb:set package 'yahboom_rosmaster_bringup' build argument 'cmake_args' from command line to 'None'
[0.202s] Level 5:colcon.colcon_core.verb:set package 'yahboom_rosmaster_bringup' build argument 'cmake_target' from command line to 'None'
[0.202s] Level 5:colcon.colcon_core.verb:set package 'yahboom_rosmaster_bringup' build argument 'cmake_target_skip_unavailable' from command line to 'False'
[0.202s] Level 5:colcon.colcon_core.verb:set package 'yahboom_rosmaster_bringup' build argument 'cmake_clean_cache' from command line to 'False'
[0.202s] Level 5:colcon.colcon_core.verb:set package 'yahboom_rosmaster_bringup' build argument 'cmake_clean_first' from command line to 'False'
[0.202s] Level 5:colcon.colcon_core.verb:set package 'yahboom_rosmaster_bringup' build argument 'cmake_force_configure' from command line to 'False'
[0.202s] Level 5:colcon.colcon_core.verb:set package 'yahboom_rosmaster_bringup' build argument 'ament_cmake_args' from command line to 'None'
[0.202s] Level 5:colcon.colcon_core.verb:set package 'yahboom_rosmaster_bringup' build argument 'catkin_cmake_args' from command line to 'None'
[0.202s] Level 5:colcon.colcon_core.verb:set package 'yahboom_rosmaster_bringup' build argument 'catkin_skip_building_tests' from command line to 'False'
[0.202s] DEBUG:colcon.colcon_core.verb:Building package 'yahboom_rosmaster_bringup' with the following arguments: {'ament_cmake_args': None, 'build_base': '/home/basmala/ros2_ws/build/yahboom_rosmaster_bringup', 'catkin_cmake_args': None, 'catkin_skip_building_tests': False, 'cmake_args': None, 'cmake_clean_cache': False, 'cmake_clean_first': False, 'cmake_force_configure': False, 'cmake_target': None, 'cmake_target_skip_unavailable': False, 'install_base': '/home/basmala/ros2_ws/install/yahboom_rosmaster_bringup', 'merge_install': False, 'path': '/home/basmala/ros2_ws/src/yahboom_rosmaster/yahboom_rosmaster_bringup', 'symlink_install': False, 'test_result_base': None}
[0.203s] Level 5:colcon.colcon_core.verb:set package 'yahboom_rosmaster_description' build argument 'cmake_args' from command line to 'None'
[0.203s] Level 5:colcon.colcon_core.verb:set package 'yahboom_rosmaster_description' build argument 'cmake_target' from command line to 'None'
[0.203s] Level 5:colcon.colcon_core.verb:set package 'yahboom_rosmaster_description' build argument 'cmake_target_skip_unavailable' from command line to 'False'
[0.203s] Level 5:colcon.colcon_core.verb:set package 'yahboom_rosmaster_description' build argument 'cmake_clean_cache' from command line to 'False'
[0.203s] Level 5:colcon.colcon_core.verb:set package 'yahboom_rosmaster_description' build argument 'cmake_clean_first' from command line to 'False'
[0.203s] Level 5:colcon.colcon_core.verb:set package 'yahboom_rosmaster_description' build argument 'cmake_force_configure' from command line to 'False'
[0.203s] Level 5:colcon.colcon_core.verb:set package 'yahboom_rosmaster_description' build argument 'ament_cmake_args' from command line to 'None'
[0.203s] Level 5:colcon.colcon_core.verb:set package 'yahboom_rosmaster_description' build argument 'catkin_cmake_args' from command line to 'None'
[0.203s] Level 5:colcon.colcon_core.verb:set package 'yahboom_rosmaster_description' build argument 'catkin_skip_building_tests' from command line to 'False'
[0.203s] DEBUG:colcon.colcon_core.verb:Building package 'yahboom_rosmaster_description' with the following arguments: {'ament_cmake_args': None, 'build_base': '/home/basmala/ros2_ws/build/yahboom_rosmaster_description', 'catkin_cmake_args': None, 'catkin_skip_building_tests': False, 'cmake_args': None, 'cmake_clean_cache': False, 'cmake_clean_first': False, 'cmake_force_configure': False, 'cmake_target': None, 'cmake_target_skip_unavailable': False, 'install_base': '/home/basmala/ros2_ws/install/yahboom_rosmaster_description', 'merge_install': False, 'path': '/home/basmala/ros2_ws/src/yahboom_rosmaster/yahboom_rosmaster_discription', 'symlink_install': False, 'test_result_base': None}
[0.203s] Level 5:colcon.colcon_core.verb:set package 'yahboom_rosmaster_gazebo' build argument 'cmake_args' from command line to 'None'
[0.203s] Level 5:colcon.colcon_core.verb:set package 'yahboom_rosmaster_gazebo' build argument 'cmake_target' from command line to 'None'
[0.203s] Level 5:colcon.colcon_core.verb:set package 'yahboom_rosmaster_gazebo' build argument 'cmake_target_skip_unavailable' from command line to 'False'
[0.203s] Level 5:colcon.colcon_core.verb:set package 'yahboom_rosmaster_gazebo' build argument 'cmake_clean_cache' from command line to 'False'
[0.203s] Level 5:colcon.colcon_core.verb:set package 'yahboom_rosmaster_gazebo' build argument 'cmake_clean_first' from command line to 'False'
[0.203s] Level 5:colcon.colcon_core.verb:set package 'yahboom_rosmaster_gazebo' build argument 'cmake_force_configure' from command line to 'False'
[0.203s] Level 5:colcon.colcon_core.verb:set package 'yahboom_rosmaster_gazebo' build argument 'ament_cmake_args' from command line to 'None'
[0.203s] Level 5:colcon.colcon_core.verb:set package 'yahboom_rosmaster_gazebo' build argument 'catkin_cmake_args' from command line to 'None'
[0.203s] Level 5:colcon.colcon_core.verb:set package 'yahboom_rosmaster_gazebo' build argument 'catkin_skip_building_tests' from command line to 'False'
[0.203s] DEBUG:colcon.colcon_core.verb:Building package 'yahboom_rosmaster_gazebo' with the following arguments: {'ament_cmake_args': None, 'build_base': '/home/basmala/ros2_ws/build/yahboom_rosmaster_gazebo', 'catkin_cmake_args': None, 'catkin_skip_building_tests': False, 'cmake_args': None, 'cmake_clean_cache': False, 'cmake_clean_first': False, 'cmake_force_configure': False, 'cmake_target': None, 'cmake_target_skip_unavailable': False, 'install_base': '/home/basmala/ros2_ws/install/yahboom_rosmaster_gazebo', 'merge_install': False, 'path': '/home/basmala/ros2_ws/src/yahboom_rosmaster/yahboom_rosmaster_gazebo', 'symlink_install': False, 'test_result_base': None}
[0.203s] Level 5:colcon.colcon_core.verb:set package 'yahboom_rosmaster_system_tests' build argument 'cmake_args' from command line to 'None'
[0.203s] Level 5:colcon.colcon_core.verb:set package 'yahboom_rosmaster_system_tests' build argument 'cmake_target' from command line to 'None'
[0.203s] Level 5:colcon.colcon_core.verb:set package 'yahboom_rosmaster_system_tests' build argument 'cmake_target_skip_unavailable' from command line to 'False'
[0.203s] Level 5:colcon.colcon_core.verb:set package 'yahboom_rosmaster_system_tests' build argument 'cmake_clean_cache' from command line to 'False'
[0.203s] Level 5:colcon.colcon_core.verb:set package 'yahboom_rosmaster_system_tests' build argument 'cmake_clean_first' from command line to 'False'
[0.203s] Level 5:colcon.colcon_core.verb:set package 'yahboom_rosmaster_system_tests' build argument 'cmake_force_configure' from command line to 'False'
[0.203s] Level 5:colcon.colcon_core.verb:set package 'yahboom_rosmaster_system_tests' build argument 'ament_cmake_args' from command line to 'None'
[0.203s] Level 5:colcon.colcon_core.verb:set package 'yahboom_rosmaster_system_tests' build argument 'catkin_cmake_args' from command line to 'None'
[0.203s] Level 5:colcon.colcon_core.verb:set package 'yahboom_rosmaster_system_tests' build argument 'catkin_skip_building_tests' from command line to 'False'
[0.203s] DEBUG:colcon.colcon_core.verb:Building package 'yahboom_rosmaster_system_tests' with the following arguments: {'ament_cmake_args': None, 'build_base': '/home/basmala/ros2_ws/build/yahboom_rosmaster_system_tests', 'catkin_cmake_args': None, 'catkin_skip_building_tests': False, 'cmake_args': None, 'cmake_clean_cache': False, 'cmake_clean_first': False, 'cmake_force_configure': False, 'cmake_target': None, 'cmake_target_skip_unavailable': False, 'install_base': '/home/basmala/ros2_ws/install/yahboom_rosmaster_system_tests', 'merge_install': False, 'path': '/home/basmala/ros2_ws/src/yahboom_rosmaster/yahboom_rosmaster_system_tests', 'symlink_install': False, 'test_result_base': None}
[0.203s] Level 5:colcon.colcon_core.verb:set package 'turtlesim_controller' build argument 'cmake_args' from command line to 'None'
[0.203s] Level 5:colcon.colcon_core.verb:set package 'turtlesim_controller' build argument 'cmake_target' from command line to 'None'
[0.203s] Level 5:colcon.colcon_core.verb:set package 'turtlesim_controller' build argument 'cmake_target_skip_unavailable' from command line to 'False'
[0.203s] Level 5:colcon.colcon_core.verb:set package 'turtlesim_controller' build argument 'cmake_clean_cache' from command line to 'False'
[0.203s] Level 5:colcon.colcon_core.verb:set package 'turtlesim_controller' build argument 'cmake_clean_first' from command line to 'False'
[0.203s] Level 5:colcon.colcon_core.verb:set package 'turtlesim_controller' build argument 'cmake_force_configure' from command line to 'False'
[0.203s] Level 5:colcon.colcon_core.verb:set package 'turtlesim_controller' build argument 'ament_cmake_args' from command line to 'None'
[0.203s] Level 5:colcon.colcon_core.verb:set package 'turtlesim_controller' build argument 'catkin_cmake_args' from command line to 'None'
[0.203s] Level 5:colcon.colcon_core.verb:set package 'turtlesim_controller' build argument 'catkin_skip_building_tests' from command line to 'False'
[0.204s] DEBUG:colcon.colcon_core.verb:Building package 'turtlesim_controller' with the following arguments: {'ament_cmake_args': None, 'build_base': '/home/basmala/ros2_ws/build/turtlesim_controller', 'catkin_cmake_args': None, 'catkin_skip_building_tests': False, 'cmake_args': None, 'cmake_clean_cache': False, 'cmake_clean_first': False, 'cmake_force_configure': False, 'cmake_target': None, 'cmake_target_skip_unavailable': False, 'install_base': '/home/basmala/ros2_ws/install/turtlesim_controller', 'merge_install': False, 'path': '/home/basmala/ros2_ws/turtlesim_controller', 'symlink_install': False, 'test_result_base': None}
[0.204s] Level 5:colcon.colcon_core.verb:set package 'yahboom_rosmaster' build argument 'cmake_args' from command line to 'None'
[0.204s] Level 5:colcon.colcon_core.verb:set package 'yahboom_rosmaster' build argument 'cmake_target' from command line to 'None'
[0.204s] Level 5:colcon.colcon_core.verb:set package 'yahboom_rosmaster' build argument 'cmake_target_skip_unavailable' from command line to 'False'
[0.204s] Level 5:colcon.colcon_core.verb:set package 'yahboom_rosmaster' build argument 'cmake_clean_cache' from command line to 'False'
[0.204s] Level 5:colcon.colcon_core.verb:set package 'yahboom_rosmaster' build argument 'cmake_clean_first' from command line to 'False'
[0.204s] Level 5:colcon.colcon_core.verb:set package 'yahboom_rosmaster' build argument 'cmake_force_configure' from command line to 'False'
[0.204s] Level 5:colcon.colcon_core.verb:set package 'yahboom_rosmaster' build argument 'ament_cmake_args' from command line to 'None'
[0.204s] Level 5:colcon.colcon_core.verb:set package 'yahboom_rosmaster' build argument 'catkin_cmake_args' from command line to 'None'
[0.204s] Level 5:colcon.colcon_core.verb:set package 'yahboom_rosmaster' build argument 'catkin_skip_building_tests' from command line to 'False'
[0.204s] DEBUG:colcon.colcon_core.verb:Building package 'yahboom_rosmaster' with the following arguments: {'ament_cmake_args': None, 'build_base': '/home/basmala/ros2_ws/build/yahboom_rosmaster', 'catkin_cmake_args': None, 'catkin_skip_building_tests': False, 'cmake_args': None, 'cmake_clean_cache': False, 'cmake_clean_first': False, 'cmake_force_configure': False, 'cmake_target': None, 'cmake_target_skip_unavailable': False, 'install_base': '/home/basmala/ros2_ws/install/yahboom_rosmaster', 'merge_install': False, 'path': '/home/basmala/ros2_ws/src/yahboom_rosmaster/yahboom_rosmaster', 'symlink_install': False, 'test_result_base': None}
[0.204s] INFO:colcon.colcon_core.executor:Executing jobs using 'parallel' executor
[0.206s] DEBUG:colcon.colcon_parallel_executor.executor.parallel:run_until_complete
[0.206s] INFO:colcon.colcon_ros.task.ament_cmake.build:Building ROS package in '/home/basmala/ros2_ws/turtlesim_custom_msgs' with build type 'ament_cmake'
[0.206s] INFO:colcon.colcon_cmake.task.cmake.build:Building CMake package in '/home/basmala/ros2_ws/turtlesim_custom_msgs'
[0.207s] INFO:colcon.colcon_core.plugin_system:Skipping extension 'colcon_core.shell.bat': Not used on non-Windows systems
[0.207s] INFO:colcon.colcon_core.shell:Skip shell extension 'powershell' for command environment: Not usable outside of PowerShell
[0.208s] DEBUG:colcon.colcon_core.shell:Skip shell extension 'dsv' for command environment
[0.211s] INFO:colcon.colcon_ros.task.ament_cmake.build:Building ROS package in '/home/basmala/ros2_ws/src/yahboom_rosmaster/yahboom_rosmaster_bringup' with build type 'ament_cmake'
[0.211s] INFO:colcon.colcon_cmake.task.cmake.build:Building CMake package in '/home/basmala/ros2_ws/src/yahboom_rosmaster/yahboom_rosmaster_bringup'
[0.211s] INFO:colcon.colcon_core.shell:Skip shell extension 'powershell' for command environment: Not usable outside of PowerShell
[0.211s] DEBUG:colcon.colcon_core.shell:Skip shell extension 'dsv' for command environment
[0.215s] INFO:colcon.colcon_ros.task.ament_cmake.build:Building ROS package in '/home/basmala/ros2_ws/src/yahboom_rosmaster/yahboom_rosmaster_discription' with build type 'ament_cmake'
[0.215s] INFO:colcon.colcon_cmake.task.cmake.build:Building CMake package in '/home/basmala/ros2_ws/src/yahboom_rosmaster/yahboom_rosmaster_discription'
[0.215s] INFO:colcon.colcon_core.shell:Skip shell extension 'powershell' for command environment: Not usable outside of PowerShell
[0.215s] DEBUG:colcon.colcon_core.shell:Skip shell extension 'dsv' for command environment
[0.219s] INFO:colcon.colcon_ros.task.ament_cmake.build:Building ROS package in '/home/basmala/ros2_ws/src/yahboom_rosmaster/yahboom_rosmaster_gazebo' with build type 'ament_cmake'
[0.219s] INFO:colcon.colcon_cmake.task.cmake.build:Building CMake package in '/home/basmala/ros2_ws/src/yahboom_rosmaster/yahboom_rosmaster_gazebo'
[0.219s] INFO:colcon.colcon_core.shell:Skip shell extension 'powershell' for command environment: Not usable outside of PowerShell
[0.219s] DEBUG:colcon.colcon_core.shell:Skip shell extension 'dsv' for command environment
[0.226s] INFO:colcon.colcon_ros.task.ament_cmake.build:Building ROS package in '/home/basmala/ros2_ws/src/yahboom_rosmaster/yahboom_rosmaster_system_tests' with build type 'ament_cmake'
[0.226s] INFO:colcon.colcon_cmake.task.cmake.build:Building CMake package in '/home/basmala/ros2_ws/src/yahboom_rosmaster/yahboom_rosmaster_system_tests'
[0.226s] INFO:colcon.colcon_core.shell:Skip shell extension 'powershell' for command environment: Not usable outside of PowerShell
[0.227s] DEBUG:colcon.colcon_core.shell:Skip shell extension 'dsv' for command environment
[0.234s] INFO:colcon.colcon_ros.task.ament_cmake.build:Building ROS package in '/home/basmala/ros2_ws/assignment1_rt' with build type 'ament_cmake'
[0.234s] INFO:colcon.colcon_cmake.task.cmake.build:Building CMake package in '/home/basmala/ros2_ws/assignment1_rt'
[0.235s] INFO:colcon.colcon_core.shell:Skip shell extension 'powershell' for command environment: Not usable outside of PowerShell
[0.235s] DEBUG:colcon.colcon_core.shell:Skip shell extension 'dsv' for command environment
[0.241s] INFO:colcon.colcon_ros.task.ament_cmake.build:Building ROS package in '/home/basmala/ros2_ws/src/bme_gazebo_sensors' with build type 'ament_cmake'
[0.242s] INFO:colcon.colcon_cmake.task.cmake.build:Building CMake package in '/home/basmala/ros2_ws/src/bme_gazebo_sensors'
[0.242s] INFO:colcon.colcon_core.shell:Skip shell extension 'powershell' for command environment: Not usable outside of PowerShell
[0.242s] DEBUG:colcon.colcon_core.shell:Skip shell extension 'dsv' for command environment
[0.251s] INFO:colcon.colcon_ros.task.ament_cmake.build:Building ROS package in '/home/basmala/ros2_ws/first_package_cpp' with build type 'ament_cmake'
[0.252s] INFO:colcon.colcon_cmake.task.cmake.build:Building CMake package in '/home/basmala/ros2_ws/first_package_cpp'
[0.252s] INFO:colcon.colcon_core.shell:Skip shell extension 'powershell' for command environment: Not usable outside of PowerShell
[0.252s] DEBUG:colcon.colcon_core.shell:Skip shell extension 'dsv' for command environment
[0.258s] INFO:colcon.colcon_ros.task.ament_python.build:Building ROS package in '/home/basmala/ros2_ws/first_package_python' with build type 'ament_python'
[0.259s] Level 1:colcon.colcon_core.shell:create_environment_hook('first_package_python', 'ament_prefix_path')
[0.259s] INFO:colcon.colcon_core.shell:Creating environment hook '/home/basmala/ros2_ws/install/first_package_python/share/first_package_python/hook/ament_prefix_path.ps1'
[0.261s] INFO:colcon.colcon_core.shell:Creating environment descriptor '/home/basmala/ros2_ws/install/first_package_python/share/first_package_python/hook/ament_prefix_path.dsv'
[0.261s] INFO:colcon.colcon_core.shell:Creating environment hook '/home/basmala/ros2_ws/install/first_package_python/share/first_package_python/hook/ament_prefix_path.sh'
[0.262s] INFO:colcon.colcon_core.shell:Skip shell extension 'powershell' for command environment: Not usable outside of PowerShell
[0.262s] DEBUG:colcon.colcon_core.shell:Skip shell extension 'dsv' for command environment
[0.267s] INFO:colcon.colcon_ros.task.ament_cmake.build:Building ROS package in '/home/basmala/ros2_ws/src/yahboom_rosmaster/mecanum_drive_controller' with build type 'ament_cmake'
[0.267s] INFO:colcon.colcon_cmake.task.cmake.build:Building CMake package in '/home/basmala/ros2_ws/src/yahboom_rosmaster/mecanum_drive_controller'
[0.267s] INFO:colcon.colcon_core.shell:Skip shell extension 'powershell' for command environment: Not usable outside of PowerShell
[0.267s] DEBUG:colcon.colcon_core.shell:Skip shell extension 'dsv' for command environment
[0.280s] DEBUG:colcon.colcon_core.event_handler.log_command:Invoking command in '/home/basmala/ros2_ws/build/turtlesim_custom_msgs': CMAKE_PREFIX_PATH=${CMAKE_PREFIX_PATH}:/home/basmala/ros2_ws/install/first_package_python:/opt/ros/jazzy DEBUGINFOD_URLS=https://debuginfod.ubuntu.com /usr/bin/cmake --build /home/basmala/ros2_ws/build/turtlesim_custom_msgs -- -j20 -l20
[0.284s] DEBUG:colcon.colcon_core.event_handler.log_command:Invoking command in '/home/basmala/ros2_ws/build/yahboom_rosmaster_bringup': CMAKE_PREFIX_PATH=${CMAKE_PREFIX_PATH}:/home/basmala/ros2_ws/install/first_package_python:/opt/ros/jazzy DEBUGINFOD_URLS=https://debuginfod.ubuntu.com /usr/bin/cmake --build /home/basmala/ros2_ws/build/yahboom_rosmaster_bringup -- -j20 -l20
[0.286s] DEBUG:colcon.colcon_core.event_handler.log_command:Invoking command in '/home/basmala/ros2_ws/build/yahboom_rosmaster_description': CMAKE_PREFIX_PATH=${CMAKE_PREFIX_PATH}:/home/basmala/ros2_ws/install/first_package_python:/opt/ros/jazzy DEBUGINFOD_URLS=https://debuginfod.ubuntu.com /usr/bin/cmake --build /home/basmala/ros2_ws/build/yahboom_rosmaster_description -- -j20 -l20
[0.289s] DEBUG:colcon.colcon_core.event_handler.log_command:Invoking command in '/home/basmala/ros2_ws/build/yahboom_rosmaster_gazebo': CMAKE_PREFIX_PATH=${CMAKE_PREFIX_PATH}:/home/basmala/ros2_ws/install/first_package_python:/opt/ros/jazzy DEBUGINFOD_URLS=https://debuginfod.ubuntu.com /usr/bin/cmake --build /home/basmala/ros2_ws/build/yahboom_rosmaster_gazebo -- -j20 -l20
[0.295s] DEBUG:colcon.colcon_core.event_handler.log_command:Invoking command in '/home/basmala/ros2_ws/build/yahboom_rosmaster_system_tests': CMAKE_PREFIX_PATH=${CMAKE_PREFIX_PATH}:/home/basmala/ros2_ws/install/first_package_python:/opt/ros/jazzy DEBUGINFOD_URLS=https://debuginfod.ubuntu.com /usr/bin/cmake --build /home/basmala/ros2_ws/build/yahboom_rosmaster_system_tests -- -j20 -l20
[0.300s] DEBUG:colcon.colcon_core.event_handler.log_command:Invoking command in '/home/basmala/ros2_ws/build/assignment1_rt': CMAKE_PREFIX_PATH=${CMAKE_PREFIX_PATH}:/home/basmala/ros2_ws/install/first_package_python:/opt/ros/jazzy DEBUGINFOD_URLS=https://debuginfod.ubuntu.com /usr/bin/cmake --build /home/basmala/ros2_ws/build/assignment1_rt -- -j20 -l20
[0.304s] DEBUG:colcon.colcon_core.event_handler.log_command:Invoking command in '/home/basmala/ros2_ws/build/bme_gazebo_sensors': CMAKE_PREFIX_PATH=${CMAKE_PREFIX_PATH}:/home/basmala/ros2_ws/install/first_package_python:/opt/ros/jazzy DEBUGINFOD_URLS=https://debuginfod.ubuntu.com /usr/bin/cmake --build /home/basmala/ros2_ws/build/bme_gazebo_sensors -- -j20 -l20
[0.307s] DEBUG:colcon.colcon_core.event_handler.log_command:Invoking command in '/home/basmala/ros2_ws/build/first_package_cpp': CMAKE_PREFIX_PATH=${CMAKE_PREFIX_PATH}:/home/basmala/ros2_ws/install/first_package_python:/opt/ros/jazzy DEBUGINFOD_URLS=https://debuginfod.ubuntu.com /usr/bin/cmake --build /home/basmala/ros2_ws/build/first_package_cpp -- -j20 -l20
[0.634s] INFO:colcon.colcon_core.task.python.build:Building Python package in '/home/basmala/ros2_ws/first_package_python'
[0.634s] INFO:colcon.colcon_core.shell:Skip shell extension 'powershell' for command environment: Not usable outside of PowerShell
[0.634s] DEBUG:colcon.colcon_core.shell:Skip shell extension 'dsv' for command environment
[0.649s] DEBUG:colcon.colcon_core.event_handler.log_command:Invoked command in '/home/basmala/ros2_ws/build/yahboom_rosmaster_bringup' returned '0': CMAKE_PREFIX_PATH=${CMAKE_PREFIX_PATH}:/home/basmala/ros2_ws/install/first_package_python:/opt/ros/jazzy DEBUGINFOD_URLS=https://debuginfod.ubuntu.com /usr/bin/cmake --build /home/basmala/ros2_ws/build/yahboom_rosmaster_bringup -- -j20 -l20
[0.662s] DEBUG:colcon.colcon_core.event_handler.log_command:Invoking command in '/home/basmala/ros2_ws/build/yahboom_rosmaster_bringup': CMAKE_PREFIX_PATH=${CMAKE_PREFIX_PATH}:/home/basmala/ros2_ws/install/first_package_python:/opt/ros/jazzy DEBUGINFOD_URLS=https://debuginfod.ubuntu.com /usr/bin/cmake --install /home/basmala/ros2_ws/build/yahboom_rosmaster_bringup
[0.664s] DEBUG:colcon.colcon_core.event_handler.log_command:Invoked command in '/home/basmala/ros2_ws/build/yahboom_rosmaster_description' returned '0': CMAKE_PREFIX_PATH=${CMAKE_PREFIX_PATH}:/home/basmala/ros2_ws/install/first_package_python:/opt/ros/jazzy DEBUGINFOD_URLS=https://debuginfod.ubuntu.com /usr/bin/cmake --build /home/basmala/ros2_ws/build/yahboom_rosmaster_description -- -j20 -l20
[0.664s] DEBUG:colcon.colcon_core.event_handler.log_command:Invoking command in '/home/basmala/ros2_ws/build/yahboom_rosmaster_description': CMAKE_PREFIX_PATH=${CMAKE_PREFIX_PATH}:/home/basmala/ros2_ws/install/first_package_python:/opt/ros/jazzy DEBUGINFOD_URLS=https://debuginfod.ubuntu.com /usr/bin/cmake --install /home/basmala/ros2_ws/build/yahboom_rosmaster_description
[0.665s] DEBUG:colcon.colcon_core.event_handler.log_command:Invoked command in '/home/basmala/ros2_ws/build/yahboom_rosmaster_gazebo' returned '0': CMAKE_PREFIX_PATH=${CMAKE_PREFIX_PATH}:/home/basmala/ros2_ws/install/first_package_python:/opt/ros/jazzy DEBUGINFOD_URLS=https://debuginfod.ubuntu.com /usr/bin/cmake --build /home/basmala/ros2_ws/build/yahboom_rosmaster_gazebo -- -j20 -l20
[0.666s] DEBUG:colcon.colcon_core.event_handler.log_command:Invoking command in '/home/basmala/ros2_ws/build/yahboom_rosmaster_gazebo': CMAKE_PREFIX_PATH=${CMAKE_PREFIX_PATH}:/home/basmala/ros2_ws/install/first_package_python:/opt/ros/jazzy DEBUGINFOD_URLS=https://debuginfod.ubuntu.com /usr/bin/cmake --install /home/basmala/ros2_ws/build/yahboom_rosmaster_gazebo
[0.666s] DEBUG:colcon.colcon_core.event_handler.log_command:Invoked command in '/home/basmala/ros2_ws/build/yahboom_rosmaster_system_tests' returned '0': CMAKE_PREFIX_PATH=${CMAKE_PREFIX_PATH}:/home/basmala/ros2_ws/install/first_package_python:/opt/ros/jazzy DEBUGINFOD_URLS=https://debuginfod.ubuntu.com /usr/bin/cmake --build /home/basmala/ros2_ws/build/yahboom_rosmaster_system_tests -- -j20 -l20
[0.667s] DEBUG:colcon.colcon_core.event_handler.log_command:Invoking command in '/home/basmala/ros2_ws/build/yahboom_rosmaster_system_tests': CMAKE_PREFIX_PATH=${CMAKE_PREFIX_PATH}:/home/basmala/ros2_ws/install/first_package_python:/opt/ros/jazzy DEBUGINFOD_URLS=https://debuginfod.ubuntu.com /usr/bin/cmake --install /home/basmala/ros2_ws/build/yahboom_rosmaster_system_tests
[0.668s] DEBUG:colcon.colcon_core.event_handler.log_command:Invoked command in '/home/basmala/ros2_ws/build/assignment1_rt' returned '0': CMAKE_PREFIX_PATH=${CMAKE_PREFIX_PATH}:/home/basmala/ros2_ws/install/first_package_python:/opt/ros/jazzy DEBUGINFOD_URLS=https://debuginfod.ubuntu.com /usr/bin/cmake --build /home/basmala/ros2_ws/build/assignment1_rt -- -j20 -l20
[0.669s] DEBUG:colcon.colcon_core.event_handler.log_command:Invoking command in '/home/basmala/ros2_ws/build/assignment1_rt': CMAKE_PREFIX_PATH=${CMAKE_PREFIX_PATH}:/home/basmala/ros2_ws/install/first_package_python:/opt/ros/jazzy DEBUGINFOD_URLS=https://debuginfod.ubuntu.com /usr/bin/cmake --install /home/basmala/ros2_ws/build/assignment1_rt
[0.670s] DEBUG:colcon.colcon_core.event_handler.log_command:Invoked command in '/home/basmala/ros2_ws/build/bme_gazebo_sensors' returned '0': CMAKE_PREFIX_PATH=${CMAKE_PREFIX_PATH}:/home/basmala/ros2_ws/install/first_package_python:/opt/ros/jazzy DEBUGINFOD_URLS=https://debuginfod.ubuntu.com /usr/bin/cmake --build /home/basmala/ros2_ws/build/bme_gazebo_sensors -- -j20 -l20
[0.671s] DEBUG:colcon.colcon_core.event_handler.log_command:Invoking command in '/home/basmala/ros2_ws/build/bme_gazebo_sensors': CMAKE_PREFIX_PATH=${CMAKE_PREFIX_PATH}:/home/basmala/ros2_ws/install/first_package_python:/opt/ros/jazzy DEBUGINFOD_URLS=https://debuginfod.ubuntu.com /usr/bin/cmake --install /home/basmala/ros2_ws/build/bme_gazebo_sensors
[0.677s] DEBUG:colcon.colcon_core.event_handler.log_command:Invoking command in '/home/basmala/ros2_ws/build/mecanum_drive_controller': CMAKE_PREFIX_PATH=${CMAKE_PREFIX_PATH}:/home/basmala/ros2_ws/install/first_package_python:/opt/ros/jazzy DEBUGINFOD_URLS=https://debuginfod.ubuntu.com /usr/bin/cmake --build /home/basmala/ros2_ws/build/mecanum_drive_controller -- -j20 -l20
[0.681s] DEBUG:colcon.colcon_core.event_handler.log_command:Invoked command in '/home/basmala/ros2_ws/build/first_package_cpp' returned '0': CMAKE_PREFIX_PATH=${CMAKE_PREFIX_PATH}:/home/basmala/ros2_ws/install/first_package_python:/opt/ros/jazzy DEBUGINFOD_URLS=https://debuginfod.ubuntu.com /usr/bin/cmake --build /home/basmala/ros2_ws/build/first_package_cpp -- -j20 -l20
[0.683s] DEBUG:colcon.colcon_core.event_handler.log_command:Invoking command in '/home/basmala/ros2_ws/build/first_package_cpp': CMAKE_PREFIX_PATH=${CMAKE_PREFIX_PATH}:/home/basmala/ros2_ws/install/first_package_python:/opt/ros/jazzy DEBUGINFOD_URLS=https://debuginfod.ubuntu.com /usr/bin/cmake --install /home/basmala/ros2_ws/build/first_package_cpp
[0.700s] Level 1:colcon.colcon_core.environment:create_environment_scripts_only(yahboom_rosmaster_description)
[0.710s] Level 1:colcon.colcon_core.environment:checking '/home/basmala/ros2_ws/install/yahboom_rosmaster_description' for CMake module files
[0.711s] Level 1:colcon.colcon_core.environment:checking '/home/basmala/ros2_ws/install/yahboom_rosmaster_description' for CMake config files
[0.713s] Level 1:colcon.colcon_core.shell:create_environment_hook('yahboom_rosmaster_description', 'cmake_prefix_path')
[0.714s] INFO:colcon.colcon_core.shell:Creating environment hook '/home/basmala/ros2_ws/install/yahboom_rosmaster_description/share/yahboom_rosmaster_description/hook/cmake_prefix_path.ps1'
[0.714s] INFO:colcon.colcon_core.shell:Creating environment descriptor '/home/basmala/ros2_ws/install/yahboom_rosmaster_description/share/yahboom_rosmaster_description/hook/cmake_prefix_path.dsv'
[0.715s] INFO:colcon.colcon_core.shell:Creating environment hook '/home/basmala/ros2_ws/install/yahboom_rosmaster_description/share/yahboom_rosmaster_description/hook/cmake_prefix_path.sh'
[0.716s] Level 1:colcon.colcon_core.environment:checking '/home/basmala/ros2_ws/install/yahboom_rosmaster_description/bin'
[0.717s] Level 1:colcon.colcon_core.environment:checking '/home/basmala/ros2_ws/install/yahboom_rosmaster_description/lib/pkgconfig/yahboom_rosmaster_description.pc'
[0.717s] Level 1:colcon.colcon_core.environment:checking '/home/basmala/ros2_ws/install/yahboom_rosmaster_description/lib/python3.12/site-packages'
[0.717s] Level 1:colcon.colcon_core.environment:checking '/home/basmala/ros2_ws/install/yahboom_rosmaster_description/bin'
[0.718s] INFO:colcon.colcon_core.shell:Creating package script '/home/basmala/ros2_ws/install/yahboom_rosmaster_description/share/yahboom_rosmaster_description/package.ps1'
[0.719s] INFO:colcon.colcon_core.shell:Creating package descriptor '/home/basmala/ros2_ws/install/yahboom_rosmaster_description/share/yahboom_rosmaster_description/package.dsv'
[0.719s] INFO:colcon.colcon_core.shell:Creating package script '/home/basmala/ros2_ws/install/yahboom_rosmaster_description/share/yahboom_rosmaster_description/package.sh'
[0.721s] INFO:colcon.colcon_core.shell:Creating package script '/home/basmala/ros2_ws/install/yahboom_rosmaster_description/share/yahboom_rosmaster_description/package.bash'
[0.722s] INFO:colcon.colcon_core.shell:Creating package script '/home/basmala/ros2_ws/install/yahboom_rosmaster_description/share/yahboom_rosmaster_description/package.zsh'
[0.723s] Level 1:colcon.colcon_core.environment:create_file_with_runtime_dependencies(/home/basmala/ros2_ws/install/yahboom_rosmaster_description/share/colcon-core/packages/yahboom_rosmaster_description)
[0.724s] Level 1:colcon.colcon_core.environment:create_environment_scripts_only(yahboom_rosmaster_description)
[0.725s] Level 1:colcon.colcon_core.environment:checking '/home/basmala/ros2_ws/install/yahboom_rosmaster_description' for CMake module files
[0.726s] Level 1:colcon.colcon_core.environment:checking '/home/basmala/ros2_ws/install/yahboom_rosmaster_description' for CMake config files
[0.729s] Level 1:colcon.colcon_core.shell:create_environment_hook('yahboom_rosmaster_description', 'cmake_prefix_path')
[0.730s] INFO:colcon.colcon_core.shell:Creating environment hook '/home/basmala/ros2_ws/install/yahboom_rosmaster_description/share/yahboom_rosmaster_description/hook/cmake_prefix_path.ps1'
[0.730s] INFO:colcon.colcon_core.shell:Creating environment descriptor '/home/basmala/ros2_ws/install/yahboom_rosmaster_description/share/yahboom_rosmaster_description/hook/cmake_prefix_path.dsv'
[0.732s] INFO:colcon.colcon_core.shell:Creating environment hook '/home/basmala/ros2_ws/install/yahboom_rosmaster_description/share/yahboom_rosmaster_description/hook/cmake_prefix_path.sh'
[0.733s] Level 1:colcon.colcon_core.environment:checking '/home/basmala/ros2_ws/install/yahboom_rosmaster_description/bin'
[0.733s] Level 1:colcon.colcon_core.environment:checking '/home/basmala/ros2_ws/install/yahboom_rosmaster_description/lib/pkgconfig/yahboom_rosmaster_description.pc'
[0.734s] Level 1:colcon.colcon_core.environment:checking '/home/basmala/ros2_ws/install/yahboom_rosmaster_description/lib/python3.12/site-packages'
[0.734s] Level 1:colcon.colcon_core.environment:checking '/home/basmala/ros2_ws/install/yahboom_rosmaster_description/bin'
[0.735s] INFO:colcon.colcon_core.shell:Creating package script '/home/basmala/ros2_ws/install/yahboom_rosmaster_description/share/yahboom_rosmaster_description/package.ps1'
[0.736s] INFO:colcon.colcon_core.shell:Creating package descriptor '/home/basmala/ros2_ws/install/yahboom_rosmaster_description/share/yahboom_rosmaster_description/package.dsv'
[0.737s] INFO:colcon.colcon_core.shell:Creating package script '/home/basmala/ros2_ws/install/yahboom_rosmaster_description/share/yahboom_rosmaster_description/package.sh'
[0.738s] INFO:colcon.colcon_core.shell:Creating package script '/home/basmala/ros2_ws/install/yahboom_rosmaster_description/share/yahboom_rosmaster_description/package.bash'
[0.739s] INFO:colcon.colcon_core.shell:Creating package script '/home/basmala/ros2_ws/install/yahboom_rosmaster_description/share/yahboom_rosmaster_description/package.zsh'
[0.740s] Level 1:colcon.colcon_core.environment:create_file_with_runtime_dependencies(/home/basmala/ros2_ws/install/yahboom_rosmaster_description/share/colcon-core/packages/yahboom_rosmaster_description)
[0.740s] Level 1:colcon.colcon_core.environment:create_environment_scripts_only(yahboom_rosmaster_system_tests)
[0.740s] Level 1:colcon.colcon_core.environment:checking '/home/basmala/ros2_ws/install/yahboom_rosmaster_system_tests' for CMake module files
[0.742s] Level 1:colcon.colcon_core.environment:checking '/home/basmala/ros2_ws/install/yahboom_rosmaster_system_tests' for CMake config files
[0.743s] Level 1:colcon.colcon_core.shell:create_environment_hook('yahboom_rosmaster_system_tests', 'cmake_prefix_path')
[0.743s] INFO:colcon.colcon_core.shell:Creating environment hook '/home/basmala/ros2_ws/install/yahboom_rosmaster_system_tests/share/yahboom_rosmaster_system_tests/hook/cmake_prefix_path.ps1'
[0.745s] INFO:colcon.colcon_core.shell:Creating environment descriptor '/home/basmala/ros2_ws/install/yahboom_rosmaster_system_tests/share/yahboom_rosmaster_system_tests/hook/cmake_prefix_path.dsv'
[0.745s] INFO:colcon.colcon_core.shell:Creating environment hook '/home/basmala/ros2_ws/install/yahboom_rosmaster_system_tests/share/yahboom_rosmaster_system_tests/hook/cmake_prefix_path.sh'
[0.746s] Level 1:colcon.colcon_core.environment:checking '/home/basmala/ros2_ws/install/yahboom_rosmaster_system_tests/bin'
[0.747s] Level 1:colcon.colcon_core.environment:checking '/home/basmala/ros2_ws/install/yahboom_rosmaster_system_tests/lib/pkgconfig/yahboom_rosmaster_system_tests.pc'
[0.747s] Level 1:colcon.colcon_core.environment:checking '/home/basmala/ros2_ws/install/yahboom_rosmaster_system_tests/lib/python3.12/site-packages'
[0.747s] Level 1:colcon.colcon_core.environment:checking '/home/basmala/ros2_ws/install/yahboom_rosmaster_system_tests/bin'
[0.747s] INFO:colcon.colcon_core.shell:Creating package script '/home/basmala/ros2_ws/install/yahboom_rosmaster_system_tests/share/yahboom_rosmaster_system_tests/package.ps1'
[0.749s] INFO:colcon.colcon_core.shell:Creating package descriptor '/home/basmala/ros2_ws/install/yahboom_rosmaster_system_tests/share/yahboom_rosmaster_system_tests/package.dsv'
[0.751s] INFO:colcon.colcon_core.shell:Creating package script '/home/basmala/ros2_ws/install/yahboom_rosmaster_system_tests/share/yahboom_rosmaster_system_tests/package.sh'
[0.752s] INFO:colcon.colcon_core.shell:Creating package script '/home/basmala/ros2_ws/install/yahboom_rosmaster_system_tests/share/yahboom_rosmaster_system_tests/package.bash'
[0.752s] INFO:colcon.colcon_core.shell:Creating package script '/home/basmala/ros2_ws/install/yahboom_rosmaster_system_tests/share/yahboom_rosmaster_system_tests/package.zsh'
[0.752s] Level 1:colcon.colcon_core.environment:create_file_with_runtime_dependencies(/home/basmala/ros2_ws/install/yahboom_rosmaster_system_tests/share/colcon-core/packages/yahboom_rosmaster_system_tests)
[0.754s] Level 1:colcon.colcon_core.environment:create_environment_scripts_only(yahboom_rosmaster_system_tests)
[0.754s] Level 1:colcon.colcon_core.environment:checking '/home/basmala/ros2_ws/install/yahboom_rosmaster_system_tests' for CMake module files
[0.755s] Level 1:colcon.colcon_core.environment:checking '/home/basmala/ros2_ws/install/yahboom_rosmaster_system_tests' for CMake config files
[0.758s] Level 1:colcon.colcon_core.shell:create_environment_hook('yahboom_rosmaster_system_tests', 'cmake_prefix_path')
[0.758s] INFO:colcon.colcon_core.shell:Creating environment hook '/home/basmala/ros2_ws/install/yahboom_rosmaster_system_tests/share/yahboom_rosmaster_system_tests/hook/cmake_prefix_path.ps1'
[0.759s] INFO:colcon.colcon_core.shell:Creating environment descriptor '/home/basmala/ros2_ws/install/yahboom_rosmaster_system_tests/share/yahboom_rosmaster_system_tests/hook/cmake_prefix_path.dsv'
[0.762s] INFO:colcon.colcon_core.shell:Creating environment hook '/home/basmala/ros2_ws/install/yahboom_rosmaster_system_tests/share/yahboom_rosmaster_system_tests/hook/cmake_prefix_path.sh'
[0.766s] Level 1:colcon.colcon_core.environment:checking '/home/basmala/ros2_ws/install/yahboom_rosmaster_system_tests/bin'
[0.767s] Level 1:colcon.colcon_core.environment:checking '/home/basmala/ros2_ws/install/yahboom_rosmaster_system_tests/lib/pkgconfig/yahboom_rosmaster_system_tests.pc'
[0.768s] Level 1:colcon.colcon_core.environment:checking '/home/basmala/ros2_ws/install/yahboom_rosmaster_system_tests/lib/python3.12/site-packages'
[0.768s] Level 1:colcon.colcon_core.environment:checking '/home/basmala/ros2_ws/install/yahboom_rosmaster_system_tests/bin'
[0.768s] INFO:colcon.colcon_core.shell:Creating package script '/home/basmala/ros2_ws/install/yahboom_rosmaster_system_tests/share/yahboom_rosmaster_system_tests/package.ps1'
[0.770s] INFO:colcon.colcon_core.shell:Creating package descriptor '/home/basmala/ros2_ws/install/yahboom_rosmaster_system_tests/share/yahboom_rosmaster_system_tests/package.dsv'
[0.773s] INFO:colcon.colcon_core.shell:Creating package script '/home/basmala/ros2_ws/install/yahboom_rosmaster_system_tests/share/yahboom_rosmaster_system_tests/package.sh'
[0.776s] INFO:colcon.colcon_core.shell:Creating package script '/home/basmala/ros2_ws/install/yahboom_rosmaster_system_tests/share/yahboom_rosmaster_system_tests/package.bash'
[0.780s] INFO:colcon.colcon_core.shell:Creating package script '/home/basmala/ros2_ws/install/yahboom_rosmaster_system_tests/share/yahboom_rosmaster_system_tests/package.zsh'
[0.785s] Level 1:colcon.colcon_core.environment:create_file_with_runtime_dependencies(/home/basmala/ros2_ws/install/yahboom_rosmaster_system_tests/share/colcon-core/packages/yahboom_rosmaster_system_tests)
[0.787s] Level 1:colcon.colcon_core.environment:create_environment_scripts_only(yahboom_rosmaster_bringup)
[0.787s] Level 1:colcon.colcon_core.environment:checking '/home/basmala/ros2_ws/install/yahboom_rosmaster_bringup' for CMake module files
[0.789s] Level 1:colcon.colcon_core.environment:checking '/home/basmala/ros2_ws/install/yahboom_rosmaster_bringup' for CMake config files
[0.806s] Level 1:colcon.colcon_core.shell:create_environment_hook('yahboom_rosmaster_bringup', 'cmake_prefix_path')
[0.807s] INFO:colcon.colcon_core.shell:Creating environment hook '/home/basmala/ros2_ws/install/yahboom_rosmaster_bringup/share/yahboom_rosmaster_bringup/hook/cmake_prefix_path.ps1'
[0.809s] INFO:colcon.colcon_core.shell:Creating environment descriptor '/home/basmala/ros2_ws/install/yahboom_rosmaster_bringup/share/yahboom_rosmaster_bringup/hook/cmake_prefix_path.dsv'
[0.812s] INFO:colcon.colcon_core.shell:Creating environment hook '/home/basmala/ros2_ws/install/yahboom_rosmaster_bringup/share/yahboom_rosmaster_bringup/hook/cmake_prefix_path.sh'
[0.815s] Level 1:colcon.colcon_core.environment:checking '/home/basmala/ros2_ws/install/yahboom_rosmaster_bringup/bin'
[0.815s] Level 1:colcon.colcon_core.environment:checking '/home/basmala/ros2_ws/install/yahboom_rosmaster_bringup/lib/pkgconfig/yahboom_rosmaster_bringup.pc'
[0.815s] Level 1:colcon.colcon_core.environment:checking '/home/basmala/ros2_ws/install/yahboom_rosmaster_bringup/lib/python3.12/site-packages'
[0.816s] Level 1:colcon.colcon_core.environment:checking '/home/basmala/ros2_ws/install/yahboom_rosmaster_bringup/bin'
[0.816s] INFO:colcon.colcon_core.shell:Creating package script '/home/basmala/ros2_ws/install/yahboom_rosmaster_bringup/share/yahboom_rosmaster_bringup/package.ps1'
[0.818s] INFO:colcon.colcon_core.shell:Creating package descriptor '/home/basmala/ros2_ws/install/yahboom_rosmaster_bringup/share/yahboom_rosmaster_bringup/package.dsv'
[0.825s] DEBUG:colcon.colcon_core.event_handler.log_command:Invoked command in '/home/basmala/ros2_ws/build/yahboom_rosmaster_description' returned '0': CMAKE_PREFIX_PATH=${CMAKE_PREFIX_PATH}:/home/basmala/ros2_ws/install/first_package_python:/opt/ros/jazzy DEBUGINFOD_URLS=https://debuginfod.ubuntu.com /usr/bin/cmake --install /home/basmala/ros2_ws/build/yahboom_rosmaster_description
[0.827s] INFO:colcon.colcon_core.shell:Creating package script '/home/basmala/ros2_ws/install/yahboom_rosmaster_bringup/share/yahboom_rosmaster_bringup/package.sh'
[0.845s] INFO:colcon.colcon_core.shell:Creating package script '/home/basmala/ros2_ws/install/yahboom_rosmaster_bringup/share/yahboom_rosmaster_bringup/package.bash'
[0.849s] INFO:colcon.colcon_core.shell:Creating package script '/home/basmala/ros2_ws/install/yahboom_rosmaster_bringup/share/yahboom_rosmaster_bringup/package.zsh'
[0.850s] DEBUG:colcon.colcon_core.event_handler.log_command:Invoked command in '/home/basmala/ros2_ws/build/yahboom_rosmaster_system_tests' returned '0': CMAKE_PREFIX_PATH=${CMAKE_PREFIX_PATH}:/home/basmala/ros2_ws/install/first_package_python:/opt/ros/jazzy DEBUGINFOD_URLS=https://debuginfod.ubuntu.com /usr/bin/cmake --install /home/basmala/ros2_ws/build/yahboom_rosmaster_system_tests
[0.850s] Level 1:colcon.colcon_core.environment:create_file_with_runtime_dependencies(/home/basmala/ros2_ws/install/yahboom_rosmaster_bringup/share/colcon-core/packages/yahboom_rosmaster_bringup)
[0.851s] DEBUG:colcon.colcon_core.event_handler.log_command:Invoked command in '/home/basmala/ros2_ws/build/yahboom_rosmaster_bringup' returned '0': CMAKE_PREFIX_PATH=${CMAKE_PREFIX_PATH}:/home/basmala/ros2_ws/install/first_package_python:/opt/ros/jazzy DEBUGINFOD_URLS=https://debuginfod.ubuntu.com /usr/bin/cmake --install /home/basmala/ros2_ws/build/yahboom_rosmaster_bringup
[0.852s] Level 1:colcon.colcon_core.environment:create_environment_scripts_only(yahboom_rosmaster_bringup)
[0.852s] Level 1:colcon.colcon_core.environment:checking '/home/basmala/ros2_ws/install/yahboom_rosmaster_bringup' for CMake module files
[0.853s] Level 1:colcon.colcon_core.environment:checking '/home/basmala/ros2_ws/install/yahboom_rosmaster_bringup' for CMake config files
[0.853s] Level 1:colcon.colcon_core.shell:create_environment_hook('yahboom_rosmaster_bringup', 'cmake_prefix_path')
[0.853s] INFO:colcon.colcon_core.shell:Creating environment hook '/home/basmala/ros2_ws/install/yahboom_rosmaster_bringup/share/yahboom_rosmaster_bringup/hook/cmake_prefix_path.ps1'
[0.854s] INFO:colcon.colcon_core.shell:Creating environment descriptor '/home/basmala/ros2_ws/install/yahboom_rosmaster_bringup/share/yahboom_rosmaster_bringup/hook/cmake_prefix_path.dsv'
[0.854s] INFO:colcon.colcon_core.shell:Creating environment hook '/home/basmala/ros2_ws/install/yahboom_rosmaster_bringup/share/yahboom_rosmaster_bringup/hook/cmake_prefix_path.sh'
[0.855s] Level 1:colcon.colcon_core.environment:checking '/home/basmala/ros2_ws/install/yahboom_rosmaster_bringup/bin'
[0.855s] Level 1:colcon.colcon_core.environment:checking '/home/basmala/ros2_ws/install/yahboom_rosmaster_bringup/lib/pkgconfig/yahboom_rosmaster_bringup.pc'
[0.855s] Level 1:colcon.colcon_core.environment:checking '/home/basmala/ros2_ws/install/yahboom_rosmaster_bringup/lib/python3.12/site-packages'
[0.856s] Level 1:colcon.colcon_core.environment:checking '/home/basmala/ros2_ws/install/yahboom_rosmaster_bringup/bin'
[0.856s] INFO:colcon.colcon_core.shell:Creating package script '/home/basmala/ros2_ws/install/yahboom_rosmaster_bringup/share/yahboom_rosmaster_bringup/package.ps1'
[0.856s] INFO:colcon.colcon_core.shell:Creating package descriptor '/home/basmala/ros2_ws/install/yahboom_rosmaster_bringup/share/yahboom_rosmaster_bringup/package.dsv'
[0.857s] INFO:colcon.colcon_core.shell:Creating package script '/home/basmala/ros2_ws/install/yahboom_rosmaster_bringup/share/yahboom_rosmaster_bringup/package.sh'
[0.857s] INFO:colcon.colcon_core.shell:Creating package script '/home/basmala/ros2_ws/install/yahboom_rosmaster_bringup/share/yahboom_rosmaster_bringup/package.bash'
[0.858s] INFO:colcon.colcon_core.shell:Creating package script '/home/basmala/ros2_ws/install/yahboom_rosmaster_bringup/share/yahboom_rosmaster_bringup/package.zsh'
[0.858s] Level 1:colcon.colcon_core.environment:create_file_with_runtime_dependencies(/home/basmala/ros2_ws/install/yahboom_rosmaster_bringup/share/colcon-core/packages/yahboom_rosmaster_bringup)
[0.858s] Level 1:colcon.colcon_core.environment:create_environment_scripts_only(assignment1_rt)
[0.858s] Level 1:colcon.colcon_core.environment:checking '/home/basmala/ros2_ws/install/assignment1_rt' for CMake module files
[0.859s] Level 1:colcon.colcon_core.environment:checking '/home/basmala/ros2_ws/install/assignment1_rt' for CMake config files
[0.860s] DEBUG:colcon.colcon_core.event_handler.log_command:Invoked command in '/home/basmala/ros2_ws/build/assignment1_rt' returned '0': CMAKE_PREFIX_PATH=${CMAKE_PREFIX_PATH}:/home/basmala/ros2_ws/install/first_package_python:/opt/ros/jazzy DEBUGINFOD_URLS=https://debuginfod.ubuntu.com /usr/bin/cmake --install /home/basmala/ros2_ws/build/assignment1_rt
[0.860s] Level 1:colcon.colcon_core.shell:create_environment_hook('assignment1_rt', 'cmake_prefix_path')
[0.860s] INFO:colcon.colcon_core.shell:Creating environment hook '/home/basmala/ros2_ws/install/assignment1_rt/share/assignment1_rt/hook/cmake_prefix_path.ps1'
[0.860s] INFO:colcon.colcon_core.shell:Creating environment descriptor '/home/basmala/ros2_ws/install/assignment1_rt/share/assignment1_rt/hook/cmake_prefix_path.dsv'
[0.861s] INFO:colcon.colcon_core.shell:Creating environment hook '/home/basmala/ros2_ws/install/assignment1_rt/share/assignment1_rt/hook/cmake_prefix_path.sh'
[0.861s] Level 1:colcon.colcon_core.environment:checking '/home/basmala/ros2_ws/install/assignment1_rt/lib'
[0.861s] Level 1:colcon.colcon_core.environment:checking '/home/basmala/ros2_ws/install/assignment1_rt/bin'
[0.862s] Level 1:colcon.colcon_core.environment:checking '/home/basmala/ros2_ws/install/assignment1_rt/lib/pkgconfig/assignment1_rt.pc'
[0.862s] Level 1:colcon.colcon_core.environment:checking '/home/basmala/ros2_ws/install/assignment1_rt/lib/python3.12/site-packages'
[0.862s] Level 1:colcon.colcon_core.environment:checking '/home/basmala/ros2_ws/install/assignment1_rt/bin'
[0.862s] INFO:colcon.colcon_core.shell:Creating package script '/home/basmala/ros2_ws/install/assignment1_rt/share/assignment1_rt/package.ps1'
[0.863s] INFO:colcon.colcon_core.shell:Creating package descriptor '/home/basmala/ros2_ws/install/assignment1_rt/share/assignment1_rt/package.dsv'
[0.863s] INFO:colcon.colcon_core.shell:Creating package script '/home/basmala/ros2_ws/install/assignment1_rt/share/assignment1_rt/package.sh'
[0.863s] INFO:colcon.colcon_core.shell:Creating package script '/home/basmala/ros2_ws/install/assignment1_rt/share/assignment1_rt/package.bash'
[0.864s] INFO:colcon.colcon_core.shell:Creating package script '/home/basmala/ros2_ws/install/assignment1_rt/share/assignment1_rt/package.zsh'
[0.864s] Level 1:colcon.colcon_core.environment:create_file_with_runtime_dependencies(/home/basmala/ros2_ws/install/assignment1_rt/share/colcon-core/packages/assignment1_rt)
[0.864s] Level 1:colcon.colcon_core.environment:create_environment_scripts_only(assignment1_rt)
[0.864s] Level 1:colcon.colcon_core.environment:checking '/home/basmala/ros2_ws/install/assignment1_rt' for CMake module files
[0.865s] Level 1:colcon.colcon_core.environment:checking '/home/basmala/ros2_ws/install/assignment1_rt' for CMake config files
[0.865s] Level 1:colcon.colcon_core.shell:create_environment_hook('assignment1_rt', 'cmake_prefix_path')
[0.865s] INFO:colcon.colcon_core.shell:Creating environment hook '/home/basmala/ros2_ws/install/assignment1_rt/share/assignment1_rt/hook/cmake_prefix_path.ps1'
[0.866s] INFO:colcon.colcon_core.shell:Creating environment descriptor '/home/basmala/ros2_ws/install/assignment1_rt/share/assignment1_rt/hook/cmake_prefix_path.dsv'
[0.866s] INFO:colcon.colcon_core.shell:Creating environment hook '/home/basmala/ros2_ws/install/assignment1_rt/share/assignment1_rt/hook/cmake_prefix_path.sh'
[0.866s] Level 1:colcon.colcon_core.environment:checking '/home/basmala/ros2_ws/install/assignment1_rt/lib'
[0.866s] Level 1:colcon.colcon_core.environment:checking '/home/basmala/ros2_ws/install/assignment1_rt/bin'
[0.867s] Level 1:colcon.colcon_core.environment:checking '/home/basmala/ros2_ws/install/assignment1_rt/lib/pkgconfig/assignment1_rt.pc'
[0.867s] Level 1:colcon.colcon_core.environment:checking '/home/basmala/ros2_ws/install/assignment1_rt/lib/python3.12/site-packages'
[0.867s] Level 1:colcon.colcon_core.environment:checking '/home/basmala/ros2_ws/install/assignment1_rt/bin'
[0.868s] INFO:colcon.colcon_core.shell:Creating package script '/home/basmala/ros2_ws/install/assignment1_rt/share/assignment1_rt/package.ps1'
[0.868s] INFO:colcon.colcon_core.shell:Creating package descriptor '/home/basmala/ros2_ws/install/assignment1_rt/share/assignment1_rt/package.dsv'
[0.869s] INFO:colcon.colcon_core.shell:Creating package script '/home/basmala/ros2_ws/install/assignment1_rt/share/assignment1_rt/package.sh'
[0.869s] INFO:colcon.colcon_core.shell:Creating package script '/home/basmala/ros2_ws/install/assignment1_rt/share/assignment1_rt/package.bash'
[0.870s] INFO:colcon.colcon_core.shell:Creating package script '/home/basmala/ros2_ws/install/assignment1_rt/share/assignment1_rt/package.zsh'
[0.870s] Level 1:colcon.colcon_core.environment:create_file_with_runtime_dependencies(/home/basmala/ros2_ws/install/assignment1_rt/share/colcon-core/packages/assignment1_rt)
[0.871s] Level 1:colcon.colcon_core.environment:create_environment_scripts_only(first_package_cpp)
[0.871s] Level 1:colcon.colcon_core.environment:checking '/home/basmala/ros2_ws/install/first_package_cpp' for CMake module files
[0.873s] Level 1:colcon.colcon_core.environment:checking '/home/basmala/ros2_ws/install/first_package_cpp' for CMake config files
[0.873s] DEBUG:colcon.colcon_core.event_handler.log_command:Invoked command in '/home/basmala/ros2_ws/build/first_package_cpp' returned '0': CMAKE_PREFIX_PATH=${CMAKE_PREFIX_PATH}:/home/basmala/ros2_ws/install/first_package_python:/opt/ros/jazzy DEBUGINFOD_URLS=https://debuginfod.ubuntu.com /usr/bin/cmake --install /home/basmala/ros2_ws/build/first_package_cpp
[0.873s] Level 1:colcon.colcon_core.shell:create_environment_hook('first_package_cpp', 'cmake_prefix_path')
[0.874s] INFO:colcon.colcon_core.shell:Creating environment hook '/home/basmala/ros2_ws/install/first_package_cpp/share/first_package_cpp/hook/cmake_prefix_path.ps1'
[0.874s] INFO:colcon.colcon_core.shell:Creating environment descriptor '/home/basmala/ros2_ws/install/first_package_cpp/share/first_package_cpp/hook/cmake_prefix_path.dsv'
[0.875s] INFO:colcon.colcon_core.shell:Creating environment hook '/home/basmala/ros2_ws/install/first_package_cpp/share/first_package_cpp/hook/cmake_prefix_path.sh'
[0.876s] Level 1:colcon.colcon_core.environment:checking '/home/basmala/ros2_ws/install/first_package_cpp/lib'
[0.876s] Level 1:colcon.colcon_core.environment:checking '/home/basmala/ros2_ws/install/first_package_cpp/bin'
[0.876s] Level 1:colcon.colcon_core.environment:checking '/home/basmala/ros2_ws/install/first_package_cpp/lib/pkgconfig/first_package_cpp.pc'
[0.876s] Level 1:colcon.colcon_core.environment:checking '/home/basmala/ros2_ws/install/first_package_cpp/lib/python3.12/site-packages'
[0.877s] Level 1:colcon.colcon_core.environment:checking '/home/basmala/ros2_ws/install/first_package_cpp/bin'
[0.877s] INFO:colcon.colcon_core.shell:Creating package script '/home/basmala/ros2_ws/install/first_package_cpp/share/first_package_cpp/package.ps1'
[0.878s] INFO:colcon.colcon_core.shell:Creating package descriptor '/home/basmala/ros2_ws/install/first_package_cpp/share/first_package_cpp/package.dsv'
[0.878s] INFO:colcon.colcon_core.shell:Creating package script '/home/basmala/ros2_ws/install/first_package_cpp/share/first_package_cpp/package.sh'
[0.879s] INFO:colcon.colcon_core.shell:Creating package script '/home/basmala/ros2_ws/install/first_package_cpp/share/first_package_cpp/package.bash'
[0.879s] INFO:colcon.colcon_core.shell:Creating package script '/home/basmala/ros2_ws/install/first_package_cpp/share/first_package_cpp/package.zsh'
[0.880s] Level 1:colcon.colcon_core.environment:create_file_with_runtime_dependencies(/home/basmala/ros2_ws/install/first_package_cpp/share/colcon-core/packages/first_package_cpp)
[0.880s] Level 1:colcon.colcon_core.environment:create_environment_scripts_only(first_package_cpp)
[0.880s] Level 1:colcon.colcon_core.environment:checking '/home/basmala/ros2_ws/install/first_package_cpp' for CMake module files
[0.881s] Level 1:colcon.colcon_core.environment:checking '/home/basmala/ros2_ws/install/first_package_cpp' for CMake config files
[0.881s] Level 1:colcon.colcon_core.shell:create_environment_hook('first_package_cpp', 'cmake_prefix_path')
[0.882s] INFO:colcon.colcon_core.shell:Creating environment hook '/home/basmala/ros2_ws/install/first_package_cpp/share/first_package_cpp/hook/cmake_prefix_path.ps1'
[0.882s] INFO:colcon.colcon_core.shell:Creating environment descriptor '/home/basmala/ros2_ws/install/first_package_cpp/share/first_package_cpp/hook/cmake_prefix_path.dsv'
[0.883s] INFO:colcon.colcon_core.shell:Creating environment hook '/home/basmala/ros2_ws/install/first_package_cpp/share/first_package_cpp/hook/cmake_prefix_path.sh'
[0.883s] Level 1:colcon.colcon_core.environment:checking '/home/basmala/ros2_ws/install/first_package_cpp/lib'
[0.883s] Level 1:colcon.colcon_core.environment:checking '/home/basmala/ros2_ws/install/first_package_cpp/bin'
[0.884s] Level 1:colcon.colcon_core.environment:checking '/home/basmala/ros2_ws/install/first_package_cpp/lib/pkgconfig/first_package_cpp.pc'
[0.884s] Level 1:colcon.colcon_core.environment:checking '/home/basmala/ros2_ws/install/first_package_cpp/lib/python3.12/site-packages'
[0.884s] Level 1:colcon.colcon_core.environment:checking '/home/basmala/ros2_ws/install/first_package_cpp/bin'
[0.885s] INFO:colcon.colcon_core.shell:Creating package script '/home/basmala/ros2_ws/install/first_package_cpp/share/first_package_cpp/package.ps1'
[0.886s] INFO:colcon.colcon_core.shell:Creating package descriptor '/home/basmala/ros2_ws/install/first_package_cpp/share/first_package_cpp/package.dsv'
[0.886s] INFO:colcon.colcon_core.shell:Creating package script '/home/basmala/ros2_ws/install/first_package_cpp/share/first_package_cpp/package.sh'
[0.886s] INFO:colcon.colcon_core.shell:Creating package script '/home/basmala/ros2_ws/install/first_package_cpp/share/first_package_cpp/package.bash'
[0.887s] INFO:colcon.colcon_core.shell:Creating package script '/home/basmala/ros2_ws/install/first_package_cpp/share/first_package_cpp/package.zsh'
[0.887s] Level 1:colcon.colcon_core.environment:create_file_with_runtime_dependencies(/home/basmala/ros2_ws/install/first_package_cpp/share/colcon-core/packages/first_package_cpp)
[0.887s] Level 1:colcon.colcon_core.environment:create_environment_scripts_only(bme_gazebo_sensors)
[0.888s] Level 1:colcon.colcon_core.environment:checking '/home/basmala/ros2_ws/install/bme_gazebo_sensors' for CMake module files
[0.888s] Level 1:colcon.colcon_core.environment:checking '/home/basmala/ros2_ws/install/bme_gazebo_sensors' for CMake config files
[0.889s] DEBUG:colcon.colcon_core.event_handler.log_command:Invoked command in '/home/basmala/ros2_ws/build/bme_gazebo_sensors' returned '0': CMAKE_PREFIX_PATH=${CMAKE_PREFIX_PATH}:/home/basmala/ros2_ws/install/first_package_python:/opt/ros/jazzy DEBUGINFOD_URLS=https://debuginfod.ubuntu.com /usr/bin/cmake --install /home/basmala/ros2_ws/build/bme_gazebo_sensors
[0.889s] Level 1:colcon.colcon_core.shell:create_environment_hook('bme_gazebo_sensors', 'cmake_prefix_path')
[0.890s] INFO:colcon.colcon_core.shell:Creating environment hook '/home/basmala/ros2_ws/install/bme_gazebo_sensors/share/bme_gazebo_sensors/hook/cmake_prefix_path.ps1'
[0.890s] INFO:colcon.colcon_core.shell:Creating environment descriptor '/home/basmala/ros2_ws/install/bme_gazebo_sensors/share/bme_gazebo_sensors/hook/cmake_prefix_path.dsv'
[0.891s] INFO:colcon.colcon_core.shell:Creating environment hook '/home/basmala/ros2_ws/install/bme_gazebo_sensors/share/bme_gazebo_sensors/hook/cmake_prefix_path.sh'
[0.892s] Level 1:colcon.colcon_core.environment:checking '/home/basmala/ros2_ws/install/bme_gazebo_sensors/bin'
[0.892s] Level 1:colcon.colcon_core.environment:checking '/home/basmala/ros2_ws/install/bme_gazebo_sensors/lib/pkgconfig/bme_gazebo_sensors.pc'
[0.892s] Level 1:colcon.colcon_core.environment:checking '/home/basmala/ros2_ws/install/bme_gazebo_sensors/lib/python3.12/site-packages'
[0.893s] Level 1:colcon.colcon_core.environment:checking '/home/basmala/ros2_ws/install/bme_gazebo_sensors/bin'
[0.893s] INFO:colcon.colcon_core.shell:Creating package script '/home/basmala/ros2_ws/install/bme_gazebo_sensors/share/bme_gazebo_sensors/package.ps1'
[0.894s] INFO:colcon.colcon_core.shell:Creating package descriptor '/home/basmala/ros2_ws/install/bme_gazebo_sensors/share/bme_gazebo_sensors/package.dsv'
[0.894s] INFO:colcon.colcon_core.shell:Creating package script '/home/basmala/ros2_ws/install/bme_gazebo_sensors/share/bme_gazebo_sensors/package.sh'
[0.895s] INFO:colcon.colcon_core.shell:Creating package script '/home/basmala/ros2_ws/install/bme_gazebo_sensors/share/bme_gazebo_sensors/package.bash'
[0.895s] INFO:colcon.colcon_core.shell:Creating package script '/home/basmala/ros2_ws/install/bme_gazebo_sensors/share/bme_gazebo_sensors/package.zsh'
[0.895s] Level 1:colcon.colcon_core.environment:create_file_with_runtime_dependencies(/home/basmala/ros2_ws/install/bme_gazebo_sensors/share/colcon-core/packages/bme_gazebo_sensors)
[0.896s] Level 1:colcon.colcon_core.environment:create_environment_scripts_only(bme_gazebo_sensors)
[0.896s] Level 1:colcon.colcon_core.environment:checking '/home/basmala/ros2_ws/install/bme_gazebo_sensors' for CMake module files
[0.897s] Level 1:colcon.colcon_core.environment:checking '/home/basmala/ros2_ws/install/bme_gazebo_sensors' for CMake config files
[0.897s] Level 1:colcon.colcon_core.shell:create_environment_hook('bme_gazebo_sensors', 'cmake_prefix_path')
[0.897s] INFO:colcon.colcon_core.shell:Creating environment hook '/home/basmala/ros2_ws/install/bme_gazebo_sensors/share/bme_gazebo_sensors/hook/cmake_prefix_path.ps1'
[0.898s] INFO:colcon.colcon_core.shell:Creating environment descriptor '/home/basmala/ros2_ws/install/bme_gazebo_sensors/share/bme_gazebo_sensors/hook/cmake_prefix_path.dsv'
[0.899s] INFO:colcon.colcon_core.shell:Creating environment hook '/home/basmala/ros2_ws/install/bme_gazebo_sensors/share/bme_gazebo_sensors/hook/cmake_prefix_path.sh'
[0.900s] Level 1:colcon.colcon_core.environment:checking '/home/basmala/ros2_ws/install/bme_gazebo_sensors/bin'
[0.900s] Level 1:colcon.colcon_core.environment:checking '/home/basmala/ros2_ws/install/bme_gazebo_sensors/lib/pkgconfig/bme_gazebo_sensors.pc'
[0.900s] Level 1:colcon.colcon_core.environment:checking '/home/basmala/ros2_ws/install/bme_gazebo_sensors/lib/python3.12/site-packages'
[0.901s] Level 1:colcon.colcon_core.environment:checking '/home/basmala/ros2_ws/install/bme_gazebo_sensors/bin'
[0.901s] INFO:colcon.colcon_core.shell:Creating package script '/home/basmala/ros2_ws/install/bme_gazebo_sensors/share/bme_gazebo_sensors/package.ps1'
[0.902s] INFO:colcon.colcon_core.shell:Creating package descriptor '/home/basmala/ros2_ws/install/bme_gazebo_sensors/share/bme_gazebo_sensors/package.dsv'
[0.903s] INFO:colcon.colcon_core.shell:Creating package script '/home/basmala/ros2_ws/install/bme_gazebo_sensors/share/bme_gazebo_sensors/package.sh'
[0.925s] INFO:colcon.colcon_core.shell:Creating package script '/home/basmala/ros2_ws/install/bme_gazebo_sensors/share/bme_gazebo_sensors/package.bash'
[0.925s] INFO:colcon.colcon_core.shell:Creating package script '/home/basmala/ros2_ws/install/bme_gazebo_sensors/share/bme_gazebo_sensors/package.zsh'
[0.926s] Level 1:colcon.colcon_core.environment:create_file_with_runtime_dependencies(/home/basmala/ros2_ws/install/bme_gazebo_sensors/share/colcon-core/packages/bme_gazebo_sensors)
[0.931s] DEBUG:colcon.colcon_core.event_handler.log_command:Invoked command in '/home/basmala/ros2_ws/build/mecanum_drive_controller' returned '0': CMAKE_PREFIX_PATH=${CMAKE_PREFIX_PATH}:/home/basmala/ros2_ws/install/first_package_python:/opt/ros/jazzy DEBUGINFOD_URLS=https://debuginfod.ubuntu.com /usr/bin/cmake --build /home/basmala/ros2_ws/build/mecanum_drive_controller -- -j20 -l20
[0.931s] DEBUG:colcon.colcon_core.event_handler.log_command:Invoking command in '/home/basmala/ros2_ws/build/mecanum_drive_controller': CMAKE_PREFIX_PATH=${CMAKE_PREFIX_PATH}:/home/basmala/ros2_ws/install/first_package_python:/opt/ros/jazzy DEBUGINFOD_URLS=https://debuginfod.ubuntu.com /usr/bin/cmake --install /home/basmala/ros2_ws/build/mecanum_drive_controller
[0.932s] DEBUG:colcon.colcon_core.event_handler.log_command:Invoked command in '/home/basmala/ros2_ws/build/turtlesim_custom_msgs' returned '0': CMAKE_PREFIX_PATH=${CMAKE_PREFIX_PATH}:/home/basmala/ros2_ws/install/first_package_python:/opt/ros/jazzy DEBUGINFOD_URLS=https://debuginfod.ubuntu.com /usr/bin/cmake --build /home/basmala/ros2_ws/build/turtlesim_custom_msgs -- -j20 -l20
[0.933s] DEBUG:colcon.colcon_core.event_handler.log_command:Invoking command in '/home/basmala/ros2_ws/build/turtlesim_custom_msgs': CMAKE_PREFIX_PATH=${CMAKE_PREFIX_PATH}:/home/basmala/ros2_ws/install/first_package_python:/opt/ros/jazzy DEBUGINFOD_URLS=https://debuginfod.ubuntu.com /usr/bin/cmake --install /home/basmala/ros2_ws/build/turtlesim_custom_msgs
[0.933s] Level 1:colcon.colcon_core.environment:create_environment_scripts_only(yahboom_rosmaster_gazebo)
[0.934s] Level 1:colcon.colcon_core.environment:checking '/home/basmala/ros2_ws/install/yahboom_rosmaster_gazebo' for CMake module files
[0.934s] DEBUG:colcon.colcon_core.event_handler.log_command:Invoked command in '/home/basmala/ros2_ws/build/yahboom_rosmaster_gazebo' returned '0': CMAKE_PREFIX_PATH=${CMAKE_PREFIX_PATH}:/home/basmala/ros2_ws/install/first_package_python:/opt/ros/jazzy DEBUGINFOD_URLS=https://debuginfod.ubuntu.com /usr/bin/cmake --install /home/basmala/ros2_ws/build/yahboom_rosmaster_gazebo
[0.935s] Level 1:colcon.colcon_core.environment:checking '/home/basmala/ros2_ws/install/yahboom_rosmaster_gazebo' for CMake config files
[0.935s] Level 1:colcon.colcon_core.shell:create_environment_hook('yahboom_rosmaster_gazebo', 'cmake_prefix_path')
[0.935s] INFO:colcon.colcon_core.shell:Creating environment hook '/home/basmala/ros2_ws/install/yahboom_rosmaster_gazebo/share/yahboom_rosmaster_gazebo/hook/cmake_prefix_path.ps1'
[0.935s] INFO:colcon.colcon_core.shell:Creating environment descriptor '/home/basmala/ros2_ws/install/yahboom_rosmaster_gazebo/share/yahboom_rosmaster_gazebo/hook/cmake_prefix_path.dsv'
[0.936s] INFO:colcon.colcon_core.shell:Creating environment hook '/home/basmala/ros2_ws/install/yahboom_rosmaster_gazebo/share/yahboom_rosmaster_gazebo/hook/cmake_prefix_path.sh'
[0.936s] Level 1:colcon.colcon_core.environment:checking '/home/basmala/ros2_ws/install/yahboom_rosmaster_gazebo/bin'
[0.936s] Level 1:colcon.colcon_core.environment:checking '/home/basmala/ros2_ws/install/yahboom_rosmaster_gazebo/lib/pkgconfig/yahboom_rosmaster_gazebo.pc'
[0.937s] Level 1:colcon.colcon_core.environment:checking '/home/basmala/ros2_ws/install/yahboom_rosmaster_gazebo/lib/python3.12/site-packages'
[0.937s] Level 1:colcon.colcon_core.environment:checking '/home/basmala/ros2_ws/install/yahboom_rosmaster_gazebo/bin'
[0.937s] INFO:colcon.colcon_core.shell:Creating package script '/home/basmala/ros2_ws/install/yahboom_rosmaster_gazebo/share/yahboom_rosmaster_gazebo/package.ps1'
[0.938s] INFO:colcon.colcon_core.shell:Creating package descriptor '/home/basmala/ros2_ws/install/yahboom_rosmaster_gazebo/share/yahboom_rosmaster_gazebo/package.dsv'
[0.938s] INFO:colcon.colcon_core.shell:Creating package script '/home/basmala/ros2_ws/install/yahboom_rosmaster_gazebo/share/yahboom_rosmaster_gazebo/package.sh'
[0.938s] INFO:colcon.colcon_core.shell:Creating package script '/home/basmala/ros2_ws/install/yahboom_rosmaster_gazebo/share/yahboom_rosmaster_gazebo/package.bash'
[0.939s] INFO:colcon.colcon_core.shell:Creating package script '/home/basmala/ros2_ws/install/yahboom_rosmaster_gazebo/share/yahboom_rosmaster_gazebo/package.zsh'
[0.939s] Level 1:colcon.colcon_core.environment:create_file_with_runtime_dependencies(/home/basmala/ros2_ws/install/yahboom_rosmaster_gazebo/share/colcon-core/packages/yahboom_rosmaster_gazebo)
[0.939s] Level 1:colcon.colcon_core.environment:create_environment_scripts_only(yahboom_rosmaster_gazebo)
[0.940s] Level 1:colcon.colcon_core.environment:checking '/home/basmala/ros2_ws/install/yahboom_rosmaster_gazebo' for CMake module files
[0.940s] Level 1:colcon.colcon_core.environment:checking '/home/basmala/ros2_ws/install/yahboom_rosmaster_gazebo' for CMake config files
[0.940s] Level 1:colcon.colcon_core.shell:create_environment_hook('yahboom_rosmaster_gazebo', 'cmake_prefix_path')
[0.940s] INFO:colcon.colcon_core.shell:Creating environment hook '/home/basmala/ros2_ws/install/yahboom_rosmaster_gazebo/share/yahboom_rosmaster_gazebo/hook/cmake_prefix_path.ps1'
[0.941s] INFO:colcon.colcon_core.shell:Creating environment descriptor '/home/basmala/ros2_ws/install/yahboom_rosmaster_gazebo/share/yahboom_rosmaster_gazebo/hook/cmake_prefix_path.dsv'
[0.941s] INFO:colcon.colcon_core.shell:Creating environment hook '/home/basmala/ros2_ws/install/yahboom_rosmaster_gazebo/share/yahboom_rosmaster_gazebo/hook/cmake_prefix_path.sh'
[0.942s] Level 1:colcon.colcon_core.environment:checking '/home/basmala/ros2_ws/install/yahboom_rosmaster_gazebo/bin'
[0.942s] Level 1:colcon.colcon_core.environment:checking '/home/basmala/ros2_ws/install/yahboom_rosmaster_gazebo/lib/pkgconfig/yahboom_rosmaster_gazebo.pc'
[0.942s] Level 1:colcon.colcon_core.environment:checking '/home/basmala/ros2_ws/install/yahboom_rosmaster_gazebo/lib/python3.12/site-packages'
[0.942s] Level 1:colcon.colcon_core.environment:checking '/home/basmala/ros2_ws/install/yahboom_rosmaster_gazebo/bin'
[0.942s] INFO:colcon.colcon_core.shell:Creating package script '/home/basmala/ros2_ws/install/yahboom_rosmaster_gazebo/share/yahboom_rosmaster_gazebo/package.ps1'
[0.943s] INFO:colcon.colcon_core.shell:Creating package descriptor '/home/basmala/ros2_ws/install/yahboom_rosmaster_gazebo/share/yahboom_rosmaster_gazebo/package.dsv'
[0.943s] INFO:colcon.colcon_core.shell:Creating package script '/home/basmala/ros2_ws/install/yahboom_rosmaster_gazebo/share/yahboom_rosmaster_gazebo/package.sh'
[0.944s] INFO:colcon.colcon_core.shell:Creating package script '/home/basmala/ros2_ws/install/yahboom_rosmaster_gazebo/share/yahboom_rosmaster_gazebo/package.bash'
[0.944s] INFO:colcon.colcon_core.shell:Creating package script '/home/basmala/ros2_ws/install/yahboom_rosmaster_gazebo/share/yahboom_rosmaster_gazebo/package.zsh'
[0.944s] Level 1:colcon.colcon_core.environment:create_file_with_runtime_dependencies(/home/basmala/ros2_ws/install/yahboom_rosmaster_gazebo/share/colcon-core/packages/yahboom_rosmaster_gazebo)
[0.945s] INFO:colcon.colcon_ros.task.ament_cmake.build:Building ROS package in '/home/basmala/ros2_ws/src/yahboom_rosmaster/yahboom_rosmaster' with build type 'ament_cmake'
[0.946s] INFO:colcon.colcon_cmake.task.cmake.build:Building CMake package in '/home/basmala/ros2_ws/src/yahboom_rosmaster/yahboom_rosmaster'
[0.946s] INFO:colcon.colcon_core.shell:Skip shell extension 'powershell' for command environment: Not usable outside of PowerShell
[0.946s] DEBUG:colcon.colcon_core.shell:Skip shell extension 'dsv' for command environment
[0.984s] Level 1:colcon.colcon_core.environment:create_environment_scripts_only(mecanum_drive_controller)
[0.985s] Level 1:colcon.colcon_core.environment:checking '/home/basmala/ros2_ws/install/mecanum_drive_controller' for CMake module files
[0.985s] DEBUG:colcon.colcon_core.event_handler.log_command:Invoked command in '/home/basmala/ros2_ws/build/mecanum_drive_controller' returned '0': CMAKE_PREFIX_PATH=${CMAKE_PREFIX_PATH}:/home/basmala/ros2_ws/install/first_package_python:/opt/ros/jazzy DEBUGINFOD_URLS=https://debuginfod.ubuntu.com /usr/bin/cmake --install /home/basmala/ros2_ws/build/mecanum_drive_controller
[0.986s] Level 1:colcon.colcon_core.environment:checking '/home/basmala/ros2_ws/install/mecanum_drive_controller' for CMake config files
[0.987s] Level 1:colcon.colcon_core.shell:create_environment_hook('mecanum_drive_controller', 'cmake_prefix_path')
[0.987s] INFO:colcon.colcon_core.shell:Creating environment hook '/home/basmala/ros2_ws/install/mecanum_drive_controller/share/mecanum_drive_controller/hook/cmake_prefix_path.ps1'
[0.988s] INFO:colcon.colcon_core.shell:Creating environment descriptor '/home/basmala/ros2_ws/install/mecanum_drive_controller/share/mecanum_drive_controller/hook/cmake_prefix_path.dsv'
[0.988s] INFO:colcon.colcon_core.shell:Creating environment hook '/home/basmala/ros2_ws/install/mecanum_drive_controller/share/mecanum_drive_controller/hook/cmake_prefix_path.sh'
[0.989s] Level 1:colcon.colcon_core.environment:checking '/home/basmala/ros2_ws/install/mecanum_drive_controller/lib'
[0.989s] Level 1:colcon.colcon_core.shell:create_environment_hook('mecanum_drive_controller', 'ld_library_path_lib')
[0.989s] INFO:colcon.colcon_core.shell:Creating environment hook '/home/basmala/ros2_ws/install/mecanum_drive_controller/share/mecanum_drive_controller/hook/ld_library_path_lib.ps1'
[0.990s] INFO:colcon.colcon_core.shell:Creating environment descriptor '/home/basmala/ros2_ws/install/mecanum_drive_controller/share/mecanum_drive_controller/hook/ld_library_path_lib.dsv'
[0.990s] INFO:colcon.colcon_core.shell:Creating environment hook '/home/basmala/ros2_ws/install/mecanum_drive_controller/share/mecanum_drive_controller/hook/ld_library_path_lib.sh'
[0.990s] Level 1:colcon.colcon_core.environment:checking '/home/basmala/ros2_ws/install/mecanum_drive_controller/bin'
[0.990s] Level 1:colcon.colcon_core.environment:checking '/home/basmala/ros2_ws/install/mecanum_drive_controller/lib/pkgconfig/mecanum_drive_controller.pc'
[0.991s] Level 1:colcon.colcon_core.environment:checking '/home/basmala/ros2_ws/install/mecanum_drive_controller/lib/python3.12/site-packages'
[0.991s] Level 1:colcon.colcon_core.environment:checking '/home/basmala/ros2_ws/install/mecanum_drive_controller/bin'
[0.991s] INFO:colcon.colcon_core.shell:Creating package script '/home/basmala/ros2_ws/install/mecanum_drive_controller/share/mecanum_drive_controller/package.ps1'
[0.992s] INFO:colcon.colcon_core.shell:Creating package descriptor '/home/basmala/ros2_ws/install/mecanum_drive_controller/share/mecanum_drive_controller/package.dsv'
[0.992s] INFO:colcon.colcon_core.shell:Creating package script '/home/basmala/ros2_ws/install/mecanum_drive_controller/share/mecanum_drive_controller/package.sh'
[0.992s] INFO:colcon.colcon_core.shell:Creating package script '/home/basmala/ros2_ws/install/mecanum_drive_controller/share/mecanum_drive_controller/package.bash'
[0.993s] INFO:colcon.colcon_core.shell:Creating package script '/home/basmala/ros2_ws/install/mecanum_drive_controller/share/mecanum_drive_controller/package.zsh'
[0.993s] Level 1:colcon.colcon_core.environment:create_file_with_runtime_dependencies(/home/basmala/ros2_ws/install/mecanum_drive_controller/share/colcon-core/packages/mecanum_drive_controller)
[0.993s] Level 1:colcon.colcon_core.environment:create_environment_scripts_only(mecanum_drive_controller)
[0.993s] Level 1:colcon.colcon_core.environment:checking '/home/basmala/ros2_ws/install/mecanum_drive_controller' for CMake module files
[0.994s] Level 1:colcon.colcon_core.environment:checking '/home/basmala/ros2_ws/install/mecanum_drive_controller' for CMake config files
[0.994s] Level 1:colcon.colcon_core.shell:create_environment_hook('mecanum_drive_controller', 'cmake_prefix_path')
[0.994s] INFO:colcon.colcon_core.shell:Creating environment hook '/home/basmala/ros2_ws/install/mecanum_drive_controller/share/mecanum_drive_controller/hook/cmake_prefix_path.ps1'
[0.995s] INFO:colcon.colcon_core.shell:Creating environment descriptor '/home/basmala/ros2_ws/install/mecanum_drive_controller/share/mecanum_drive_controller/hook/cmake_prefix_path.dsv'
[0.995s] INFO:colcon.colcon_core.shell:Creating environment hook '/home/basmala/ros2_ws/install/mecanum_drive_controller/share/mecanum_drive_controller/hook/cmake_prefix_path.sh'
[0.996s] Level 1:colcon.colcon_core.environment:checking '/home/basmala/ros2_ws/install/mecanum_drive_controller/lib'
[0.996s] Level 1:colcon.colcon_core.shell:create_environment_hook('mecanum_drive_controller', 'ld_library_path_lib')
[0.996s] INFO:colcon.colcon_core.shell:Creating environment hook '/home/basmala/ros2_ws/install/mecanum_drive_controller/share/mecanum_drive_controller/hook/ld_library_path_lib.ps1'
[0.996s] INFO:colcon.colcon_core.shell:Creating environment descriptor '/home/basmala/ros2_ws/install/mecanum_drive_controller/share/mecanum_drive_controller/hook/ld_library_path_lib.dsv'
[0.996s] INFO:colcon.colcon_core.shell:Creating environment hook '/home/basmala/ros2_ws/install/mecanum_drive_controller/share/mecanum_drive_controller/hook/ld_library_path_lib.sh'
[0.997s] Level 1:colcon.colcon_core.environment:checking '/home/basmala/ros2_ws/install/mecanum_drive_controller/bin'
[0.997s] Level 1:colcon.colcon_core.environment:checking '/home/basmala/ros2_ws/install/mecanum_drive_controller/lib/pkgconfig/mecanum_drive_controller.pc'
[0.997s] Level 1:colcon.colcon_core.environment:checking '/home/basmala/ros2_ws/install/mecanum_drive_controller/lib/python3.12/site-packages'
[0.997s] Level 1:colcon.colcon_core.environment:checking '/home/basmala/ros2_ws/install/mecanum_drive_controller/bin'
[0.998s] INFO:colcon.colcon_core.shell:Creating package script '/home/basmala/ros2_ws/install/mecanum_drive_controller/share/mecanum_drive_controller/package.ps1'
[0.998s] INFO:colcon.colcon_core.shell:Creating package descriptor '/home/basmala/ros2_ws/install/mecanum_drive_controller/share/mecanum_drive_controller/package.dsv'
[0.998s] INFO:colcon.colcon_core.shell:Creating package script '/home/basmala/ros2_ws/install/mecanum_drive_controller/share/mecanum_drive_controller/package.sh'
[0.999s] INFO:colcon.colcon_core.shell:Creating package script '/home/basmala/ros2_ws/install/mecanum_drive_controller/share/mecanum_drive_controller/package.bash'
[0.999s] INFO:colcon.colcon_core.shell:Creating package script '/home/basmala/ros2_ws/install/mecanum_drive_controller/share/mecanum_drive_controller/package.zsh'
[0.999s] Level 1:colcon.colcon_core.environment:create_file_with_runtime_dependencies(/home/basmala/ros2_ws/install/mecanum_drive_controller/share/colcon-core/packages/mecanum_drive_controller)
[1.002s] DEBUG:colcon.colcon_core.event_handler.log_command:Invoking command in '/home/basmala/ros2_ws/build/yahboom_rosmaster': AMENT_PREFIX_PATH=/home/basmala/ros2_ws/install/yahboom_rosmaster_description:${AMENT_PREFIX_PATH} CMAKE_PREFIX_PATH=/home/basmala/ros2_ws/install/yahboom_rosmaster_system_tests:/home/basmala/ros2_ws/install/yahboom_rosmaster_gazebo:/home/basmala/ros2_ws/install/yahboom_rosmaster_description:/home/basmala/ros2_ws/install/yahboom_rosmaster_bringup:/home/basmala/ros2_ws/install/yahboom_rosmaster:/home/basmala/ros2_ws/install/yahboom_rosmaster_discription:/home/basmala/ros2_ws/install/turtlesim_controller:/home/basmala/ros2_ws/install/turtlesim_custom_msgs:/home/basmala/ros2_ws/install/mecanum_drive_controller:/home/basmala/ros2_ws/install/first_package_cpp:/home/basmala/ros2_ws/install/bme_gazebo_sensors:/home/basmala/ros2_ws/install/assignment1_rt:/opt/ros/jazzy/opt/gz_sim_vendor:/opt/ros/jazzy/opt/gz_sensors_vendor:/opt/ros/jazzy/opt/gz_physics_vendor:/opt/ros/jazzy/opt/sdformat_vendor:/opt/ros/jazzy/opt/gz_gui_vendor:/opt/ros/jazzy/opt/gz_transport_vendor:/opt/ros/jazzy/opt/gz_rendering_vendor:/opt/ros/jazzy/opt/gz_plugin_vendor:/opt/ros/jazzy/opt/gz_fuel_tools_vendor:/opt/ros/jazzy/opt/gz_msgs_vendor:/opt/ros/jazzy/opt/gz_common_vendor:/opt/ros/jazzy/opt/gz_math_vendor:/opt/ros/jazzy/opt/gz_utils_vendor:/opt/ros/jazzy/opt/gz_tools_vendor:/opt/ros/jazzy/opt/gz_ogre_next_vendor:/opt/ros/jazzy/opt/gz_dartsim_vendor:/opt/ros/jazzy/opt/gz_cmake_vendor:/home/basmala/ros2_ws/install/first_package_python:/opt/ros/jazzy DEBUGINFOD_URLS=https://debuginfod.ubuntu.com /usr/bin/cmake --build /home/basmala/ros2_ws/build/yahboom_rosmaster -- -j20 -l20
[1.017s] Level 1:colcon.colcon_core.environment:create_environment_scripts_only(turtlesim_custom_msgs)
[1.017s] Level 1:colcon.colcon_core.environment:checking '/home/basmala/ros2_ws/install/turtlesim_custom_msgs' for CMake module files
[1.018s] DEBUG:colcon.colcon_core.event_handler.log_command:Invoked command in '/home/basmala/ros2_ws/build/turtlesim_custom_msgs' returned '0': CMAKE_PREFIX_PATH=${CMAKE_PREFIX_PATH}:/home/basmala/ros2_ws/install/first_package_python:/opt/ros/jazzy DEBUGINFOD_URLS=https://debuginfod.ubuntu.com /usr/bin/cmake --install /home/basmala/ros2_ws/build/turtlesim_custom_msgs
[1.019s] Level 1:colcon.colcon_core.environment:checking '/home/basmala/ros2_ws/install/turtlesim_custom_msgs' for CMake config files
[1.020s] Level 1:colcon.colcon_core.shell:create_environment_hook('turtlesim_custom_msgs', 'cmake_prefix_path')
[1.021s] INFO:colcon.colcon_core.shell:Creating environment hook '/home/basmala/ros2_ws/install/turtlesim_custom_msgs/share/turtlesim_custom_msgs/hook/cmake_prefix_path.ps1'
[1.022s] INFO:colcon.colcon_core.shell:Creating environment descriptor '/home/basmala/ros2_ws/install/turtlesim_custom_msgs/share/turtlesim_custom_msgs/hook/cmake_prefix_path.dsv'
[1.023s] INFO:colcon.colcon_core.shell:Creating environment hook '/home/basmala/ros2_ws/install/turtlesim_custom_msgs/share/turtlesim_custom_msgs/hook/cmake_prefix_path.sh'
[1.025s] Level 1:colcon.colcon_core.environment:checking '/home/basmala/ros2_ws/install/turtlesim_custom_msgs/lib'
[1.025s] Level 1:colcon.colcon_core.shell:create_environment_hook('turtlesim_custom_msgs', 'ld_library_path_lib')
[1.026s] INFO:colcon.colcon_core.shell:Creating environment hook '/home/basmala/ros2_ws/install/turtlesim_custom_msgs/share/turtlesim_custom_msgs/hook/ld_library_path_lib.ps1'
[1.027s] INFO:colcon.colcon_core.shell:Creating environment descriptor '/home/basmala/ros2_ws/install/turtlesim_custom_msgs/share/turtlesim_custom_msgs/hook/ld_library_path_lib.dsv'
[1.028s] INFO:colcon.colcon_core.shell:Creating environment hook '/home/basmala/ros2_ws/install/turtlesim_custom_msgs/share/turtlesim_custom_msgs/hook/ld_library_path_lib.sh'
[1.029s] Level 1:colcon.colcon_core.environment:checking '/home/basmala/ros2_ws/install/turtlesim_custom_msgs/bin'
[1.029s] Level 1:colcon.colcon_core.environment:checking '/home/basmala/ros2_ws/install/turtlesim_custom_msgs/lib/pkgconfig/turtlesim_custom_msgs.pc'
[1.029s] Level 1:colcon.colcon_core.environment:checking '/home/basmala/ros2_ws/install/turtlesim_custom_msgs/lib/python3.12/site-packages'
[1.029s] Level 1:colcon.colcon_core.shell:create_environment_hook('turtlesim_custom_msgs', 'pythonpath')
[1.030s] INFO:colcon.colcon_core.shell:Creating environment hook '/home/basmala/ros2_ws/install/turtlesim_custom_msgs/share/turtlesim_custom_msgs/hook/pythonpath.ps1'
[1.030s] INFO:colcon.colcon_core.shell:Creating environment descriptor '/home/basmala/ros2_ws/install/turtlesim_custom_msgs/share/turtlesim_custom_msgs/hook/pythonpath.dsv'
[1.031s] INFO:colcon.colcon_core.shell:Creating environment hook '/home/basmala/ros2_ws/install/turtlesim_custom_msgs/share/turtlesim_custom_msgs/hook/pythonpath.sh'
[1.031s] Level 1:colcon.colcon_core.environment:checking '/home/basmala/ros2_ws/install/turtlesim_custom_msgs/bin'
[1.032s] INFO:colcon.colcon_core.shell:Creating package script '/home/basmala/ros2_ws/install/turtlesim_custom_msgs/share/turtlesim_custom_msgs/package.ps1'
[1.032s] INFO:colcon.colcon_core.shell:Creating package descriptor '/home/basmala/ros2_ws/install/turtlesim_custom_msgs/share/turtlesim_custom_msgs/package.dsv'
[1.033s] INFO:colcon.colcon_core.shell:Creating package script '/home/basmala/ros2_ws/install/turtlesim_custom_msgs/share/turtlesim_custom_msgs/package.sh'
[1.034s] INFO:colcon.colcon_core.shell:Creating package script '/home/basmala/ros2_ws/install/turtlesim_custom_msgs/share/turtlesim_custom_msgs/package.bash'
[1.034s] INFO:colcon.colcon_core.shell:Creating package script '/home/basmala/ros2_ws/install/turtlesim_custom_msgs/share/turtlesim_custom_msgs/package.zsh'
[1.035s] Level 1:colcon.colcon_core.environment:create_file_with_runtime_dependencies(/home/basmala/ros2_ws/install/turtlesim_custom_msgs/share/colcon-core/packages/turtlesim_custom_msgs)
[1.036s] Level 1:colcon.colcon_core.environment:create_environment_scripts_only(turtlesim_custom_msgs)
[1.036s] Level 1:colcon.colcon_core.environment:checking '/home/basmala/ros2_ws/install/turtlesim_custom_msgs' for CMake module files
[1.038s] Level 1:colcon.colcon_core.environment:checking '/home/basmala/ros2_ws/install/turtlesim_custom_msgs' for CMake config files
[1.039s] Level 1:colcon.colcon_core.shell:create_environment_hook('turtlesim_custom_msgs', 'cmake_prefix_path')
[1.039s] INFO:colcon.colcon_core.shell:Creating environment hook '/home/basmala/ros2_ws/install/turtlesim_custom_msgs/share/turtlesim_custom_msgs/hook/cmake_prefix_path.ps1'
[1.040s] INFO:colcon.colcon_core.shell:Creating environment descriptor '/home/basmala/ros2_ws/install/turtlesim_custom_msgs/share/turtlesim_custom_msgs/hook/cmake_prefix_path.dsv'
[1.040s] INFO:colcon.colcon_core.shell:Creating environment hook '/home/basmala/ros2_ws/install/turtlesim_custom_msgs/share/turtlesim_custom_msgs/hook/cmake_prefix_path.sh'
[1.041s] Level 1:colcon.colcon_core.environment:checking '/home/basmala/ros2_ws/install/turtlesim_custom_msgs/lib'
[1.042s] Level 1:colcon.colcon_core.shell:create_environment_hook('turtlesim_custom_msgs', 'ld_library_path_lib')
[1.042s] INFO:colcon.colcon_core.shell:Creating environment hook '/home/basmala/ros2_ws/install/turtlesim_custom_msgs/share/turtlesim_custom_msgs/hook/ld_library_path_lib.ps1'
[1.043s] INFO:colcon.colcon_core.shell:Creating environment descriptor '/home/basmala/ros2_ws/install/turtlesim_custom_msgs/share/turtlesim_custom_msgs/hook/ld_library_path_lib.dsv'
[1.043s] INFO:colcon.colcon_core.shell:Creating environment hook '/home/basmala/ros2_ws/install/turtlesim_custom_msgs/share/turtlesim_custom_msgs/hook/ld_library_path_lib.sh'
[1.044s] Level 1:colcon.colcon_core.environment:checking '/home/basmala/ros2_ws/install/turtlesim_custom_msgs/bin'
[1.044s] Level 1:colcon.colcon_core.environment:checking '/home/basmala/ros2_ws/install/turtlesim_custom_msgs/lib/pkgconfig/turtlesim_custom_msgs.pc'
[1.045s] Level 1:colcon.colcon_core.environment:checking '/home/basmala/ros2_ws/install/turtlesim_custom_msgs/lib/python3.12/site-packages'
[1.045s] Level 1:colcon.colcon_core.shell:create_environment_hook('turtlesim_custom_msgs', 'pythonpath')
[1.046s] INFO:colcon.colcon_core.shell:Creating environment hook '/home/basmala/ros2_ws/install/turtlesim_custom_msgs/share/turtlesim_custom_msgs/hook/pythonpath.ps1'
[1.046s] INFO:colcon.colcon_core.shell:Creating environment descriptor '/home/basmala/ros2_ws/install/turtlesim_custom_msgs/share/turtlesim_custom_msgs/hook/pythonpath.dsv'
[1.047s] INFO:colcon.colcon_core.shell:Creating environment hook '/home/basmala/ros2_ws/install/turtlesim_custom_msgs/share/turtlesim_custom_msgs/hook/pythonpath.sh'
[1.048s] Level 1:colcon.colcon_core.environment:checking '/home/basmala/ros2_ws/install/turtlesim_custom_msgs/bin'
[1.048s] INFO:colcon.colcon_core.shell:Creating package script '/home/basmala/ros2_ws/install/turtlesim_custom_msgs/share/turtlesim_custom_msgs/package.ps1'
[1.049s] INFO:colcon.colcon_core.shell:Creating package descriptor '/home/basmala/ros2_ws/install/turtlesim_custom_msgs/share/turtlesim_custom_msgs/package.dsv'
[1.051s] INFO:colcon.colcon_core.shell:Creating package script '/home/basmala/ros2_ws/install/turtlesim_custom_msgs/share/turtlesim_custom_msgs/package.sh'
[1.051s] INFO:colcon.colcon_core.shell:Creating package script '/home/basmala/ros2_ws/install/turtlesim_custom_msgs/share/turtlesim_custom_msgs/package.bash'
[1.052s] INFO:colcon.colcon_core.shell:Creating package script '/home/basmala/ros2_ws/install/turtlesim_custom_msgs/share/turtlesim_custom_msgs/package.zsh'
[1.053s] Level 1:colcon.colcon_core.environment:create_file_with_runtime_dependencies(/home/basmala/ros2_ws/install/turtlesim_custom_msgs/share/colcon-core/packages/turtlesim_custom_msgs)
[1.053s] INFO:colcon.colcon_ros.task.ament_cmake.build:Building ROS package in '/home/basmala/ros2_ws/turtlesim_controller' with build type 'ament_cmake'
[1.053s] INFO:colcon.colcon_cmake.task.cmake.build:Building CMake package in '/home/basmala/ros2_ws/turtlesim_controller'
[1.054s] INFO:colcon.colcon_core.shell:Skip shell extension 'powershell' for command environment: Not usable outside of PowerShell
[1.054s] DEBUG:colcon.colcon_core.shell:Skip shell extension 'dsv' for command environment
[1.077s] DEBUG:colcon.colcon_core.event_handler.log_command:Invoking command in '/home/basmala/ros2_ws/build/turtlesim_controller': CMAKE_PREFIX_PATH=/home/basmala/ros2_ws/install/turtlesim_custom_msgs:/home/basmala/ros2_ws/install/yahboom_rosmaster:/home/basmala/ros2_ws/install/yahboom_rosmaster_system_tests:/home/basmala/ros2_ws/install/yahboom_rosmaster_gazebo:/home/basmala/ros2_ws/install/yahboom_rosmaster_discription:/home/basmala/ros2_ws/install/yahboom_rosmaster_bringup:/home/basmala/ros2_ws/install/turtlesim_controller:/home/basmala/ros2_ws/install/mecanum_drive_controller:/home/basmala/ros2_ws/install/first_package_cpp:/home/basmala/ros2_ws/install/bme_gazebo_sensors:/home/basmala/ros2_ws/install/assignment1_rt:/opt/ros/jazzy/opt/gz_sim_vendor:/opt/ros/jazzy/opt/gz_sensors_vendor:/opt/ros/jazzy/opt/gz_physics_vendor:/opt/ros/jazzy/opt/sdformat_vendor:/opt/ros/jazzy/opt/gz_gui_vendor:/opt/ros/jazzy/opt/gz_transport_vendor:/opt/ros/jazzy/opt/gz_rendering_vendor:/opt/ros/jazzy/opt/gz_plugin_vendor:/opt/ros/jazzy/opt/gz_fuel_tools_vendor:/opt/ros/jazzy/opt/gz_msgs_vendor:/opt/ros/jazzy/opt/gz_common_vendor:/opt/ros/jazzy/opt/gz_math_vendor:/opt/ros/jazzy/opt/gz_utils_vendor:/opt/ros/jazzy/opt/gz_tools_vendor:/opt/ros/jazzy/opt/gz_ogre_next_vendor:/opt/ros/jazzy/opt/gz_dartsim_vendor:/opt/ros/jazzy/opt/gz_cmake_vendor:/home/basmala/ros2_ws/install/first_package_python:/opt/ros/jazzy DEBUGINFOD_URLS=https://debuginfod.ubuntu.com /usr/bin/cmake --build /home/basmala/ros2_ws/build/turtlesim_controller -- -j20 -l20
[1.082s] DEBUG:colcon.colcon_core.event_handler.log_command:Invoked command in '/home/basmala/ros2_ws/build/yahboom_rosmaster' returned '0': AMENT_PREFIX_PATH=/home/basmala/ros2_ws/install/yahboom_rosmaster_description:${AMENT_PREFIX_PATH} CMAKE_PREFIX_PATH=/home/basmala/ros2_ws/install/yahboom_rosmaster_system_tests:/home/basmala/ros2_ws/install/yahboom_rosmaster_gazebo:/home/basmala/ros2_ws/install/yahboom_rosmaster_description:/home/basmala/ros2_ws/install/yahboom_rosmaster_bringup:/home/basmala/ros2_ws/install/yahboom_rosmaster:/home/basmala/ros2_ws/install/yahboom_rosmaster_discription:/home/basmala/ros2_ws/install/turtlesim_controller:/home/basmala/ros2_ws/install/turtlesim_custom_msgs:/home/basmala/ros2_ws/install/mecanum_drive_controller:/home/basmala/ros2_ws/install/first_package_cpp:/home/basmala/ros2_ws/install/bme_gazebo_sensors:/home/basmala/ros2_ws/install/assignment1_rt:/opt/ros/jazzy/opt/gz_sim_vendor:/opt/ros/jazzy/opt/gz_sensors_vendor:/opt/ros/jazzy/opt/gz_physics_vendor:/opt/ros/jazzy/opt/sdformat_vendor:/opt/ros/jazzy/opt/gz_gui_vendor:/opt/ros/jazzy/opt/gz_transport_vendor:/opt/ros/jazzy/opt/gz_rendering_vendor:/opt/ros/jazzy/opt/gz_plugin_vendor:/opt/ros/jazzy/opt/gz_fuel_tools_vendor:/opt/ros/jazzy/opt/gz_msgs_vendor:/opt/ros/jazzy/opt/gz_common_vendor:/opt/ros/jazzy/opt/gz_math_vendor:/opt/ros/jazzy/opt/gz_utils_vendor:/opt/ros/jazzy/opt/gz_tools_vendor:/opt/ros/jazzy/opt/gz_ogre_next_vendor:/opt/ros/jazzy/opt/gz_dartsim_vendor:/opt/ros/jazzy/opt/gz_cmake_vendor:/home/basmala/ros2_ws/install/first_package_python:/opt/ros/jazzy DEBUGINFOD_URLS=https://debuginfod.ubuntu.com /usr/bin/cmake --build /home/basmala/ros2_ws/build/yahboom_rosmaster -- -j20 -l20
[1.083s] DEBUG:colcon.colcon_core.event_handler.log_command:Invoking command in '/home/basmala/ros2_ws/build/yahboom_rosmaster': AMENT_PREFIX_PATH=/home/basmala/ros2_ws/install/yahboom_rosmaster_description:${AMENT_PREFIX_PATH} CMAKE_PREFIX_PATH=/home/basmala/ros2_ws/install/yahboom_rosmaster_system_tests:/home/basmala/ros2_ws/install/yahboom_rosmaster_gazebo:/home/basmala/ros2_ws/install/yahboom_rosmaster_description:/home/basmala/ros2_ws/install/yahboom_rosmaster_bringup:/home/basmala/ros2_ws/install/yahboom_rosmaster:/home/basmala/ros2_ws/install/yahboom_rosmaster_discription:/home/basmala/ros2_ws/install/turtlesim_controller:/home/basmala/ros2_ws/install/turtlesim_custom_msgs:/home/basmala/ros2_ws/install/mecanum_drive_controller:/home/basmala/ros2_ws/install/first_package_cpp:/home/basmala/ros2_ws/install/bme_gazebo_sensors:/home/basmala/ros2_ws/install/assignment1_rt:/opt/ros/jazzy/opt/gz_sim_vendor:/opt/ros/jazzy/opt/gz_sensors_vendor:/opt/ros/jazzy/opt/gz_physics_vendor:/opt/ros/jazzy/opt/sdformat_vendor:/opt/ros/jazzy/opt/gz_gui_vendor:/opt/ros/jazzy/opt/gz_transport_vendor:/opt/ros/jazzy/opt/gz_rendering_vendor:/opt/ros/jazzy/opt/gz_plugin_vendor:/opt/ros/jazzy/opt/gz_fuel_tools_vendor:/opt/ros/jazzy/opt/gz_msgs_vendor:/opt/ros/jazzy/opt/gz_common_vendor:/opt/ros/jazzy/opt/gz_math_vendor:/opt/ros/jazzy/opt/gz_utils_vendor:/opt/ros/jazzy/opt/gz_tools_vendor:/opt/ros/jazzy/opt/gz_ogre_next_vendor:/opt/ros/jazzy/opt/gz_dartsim_vendor:/opt/ros/jazzy/opt/gz_cmake_vendor:/home/basmala/ros2_ws/install/first_package_python:/opt/ros/jazzy DEBUGINFOD_URLS=https://debuginfod.ubuntu.com /usr/bin/cmake --install /home/basmala/ros2_ws/build/yahboom_rosmaster
[1.099s] Level 1:colcon.colcon_core.environment:create_environment_scripts_only(yahboom_rosmaster)
[1.100s] Level 1:colcon.colcon_core.environment:checking '/home/basmala/ros2_ws/install/yahboom_rosmaster' for CMake module files
[1.101s] DEBUG:colcon.colcon_core.event_handler.log_command:Invoked command in '/home/basmala/ros2_ws/build/yahboom_rosmaster' returned '0': AMENT_PREFIX_PATH=/home/basmala/ros2_ws/install/yahboom_rosmaster_description:${AMENT_PREFIX_PATH} CMAKE_PREFIX_PATH=/home/basmala/ros2_ws/install/yahboom_rosmaster_system_tests:/home/basmala/ros2_ws/install/yahboom_rosmaster_gazebo:/home/basmala/ros2_ws/install/yahboom_rosmaster_description:/home/basmala/ros2_ws/install/yahboom_rosmaster_bringup:/home/basmala/ros2_ws/install/yahboom_rosmaster:/home/basmala/ros2_ws/install/yahboom_rosmaster_discription:/home/basmala/ros2_ws/install/turtlesim_controller:/home/basmala/ros2_ws/install/turtlesim_custom_msgs:/home/basmala/ros2_ws/install/mecanum_drive_controller:/home/basmala/ros2_ws/install/first_package_cpp:/home/basmala/ros2_ws/install/bme_gazebo_sensors:/home/basmala/ros2_ws/install/assignment1_rt:/opt/ros/jazzy/opt/gz_sim_vendor:/opt/ros/jazzy/opt/gz_sensors_vendor:/opt/ros/jazzy/opt/gz_physics_vendor:/opt/ros/jazzy/opt/sdformat_vendor:/opt/ros/jazzy/opt/gz_gui_vendor:/opt/ros/jazzy/opt/gz_transport_vendor:/opt/ros/jazzy/opt/gz_rendering_vendor:/opt/ros/jazzy/opt/gz_plugin_vendor:/opt/ros/jazzy/opt/gz_fuel_tools_vendor:/opt/ros/jazzy/opt/gz_msgs_vendor:/opt/ros/jazzy/opt/gz_common_vendor:/opt/ros/jazzy/opt/gz_math_vendor:/opt/ros/jazzy/opt/gz_utils_vendor:/opt/ros/jazzy/opt/gz_tools_vendor:/opt/ros/jazzy/opt/gz_ogre_next_vendor:/opt/ros/jazzy/opt/gz_dartsim_vendor:/opt/ros/jazzy/opt/gz_cmake_vendor:/home/basmala/ros2_ws/install/first_package_python:/opt/ros/jazzy DEBUGINFOD_URLS=https://debuginfod.ubuntu.com /usr/bin/cmake --install /home/basmala/ros2_ws/build/yahboom_rosmaster
[1.101s] Level 1:colcon.colcon_core.environment:checking '/home/basmala/ros2_ws/install/yahboom_rosmaster' for CMake config files
[1.101s] Level 1:colcon.colcon_core.shell:create_environment_hook('yahboom_rosmaster', 'cmake_prefix_path')
[1.102s] INFO:colcon.colcon_core.shell:Creating environment hook '/home/basmala/ros2_ws/install/yahboom_rosmaster/share/yahboom_rosmaster/hook/cmake_prefix_path.ps1'
[1.103s] INFO:colcon.colcon_core.shell:Creating environment descriptor '/home/basmala/ros2_ws/install/yahboom_rosmaster/share/yahboom_rosmaster/hook/cmake_prefix_path.dsv'
[1.103s] INFO:colcon.colcon_core.shell:Creating environment hook '/home/basmala/ros2_ws/install/yahboom_rosmaster/share/yahboom_rosmaster/hook/cmake_prefix_path.sh'
[1.104s] Level 1:colcon.colcon_core.environment:checking '/home/basmala/ros2_ws/install/yahboom_rosmaster/bin'
[1.104s] Level 1:colcon.colcon_core.environment:checking '/home/basmala/ros2_ws/install/yahboom_rosmaster/lib/pkgconfig/yahboom_rosmaster.pc'
[1.105s] Level 1:colcon.colcon_core.environment:checking '/home/basmala/ros2_ws/install/yahboom_rosmaster/lib/python3.12/site-packages'
[1.105s] Level 1:colcon.colcon_core.environment:checking '/home/basmala/ros2_ws/install/yahboom_rosmaster/bin'
[1.106s] INFO:colcon.colcon_core.shell:Creating package script '/home/basmala/ros2_ws/install/yahboom_rosmaster/share/yahboom_rosmaster/package.ps1'
[1.106s] INFO:colcon.colcon_core.shell:Creating package descriptor '/home/basmala/ros2_ws/install/yahboom_rosmaster/share/yahboom_rosmaster/package.dsv'
[1.107s] INFO:colcon.colcon_core.shell:Creating package script '/home/basmala/ros2_ws/install/yahboom_rosmaster/share/yahboom_rosmaster/package.sh'
[1.107s] INFO:colcon.colcon_core.shell:Creating package script '/home/basmala/ros2_ws/install/yahboom_rosmaster/share/yahboom_rosmaster/package.bash'
[1.108s] INFO:colcon.colcon_core.shell:Creating package script '/home/basmala/ros2_ws/install/yahboom_rosmaster/share/yahboom_rosmaster/package.zsh'
[1.108s] Level 1:colcon.colcon_core.environment:create_file_with_runtime_dependencies(/home/basmala/ros2_ws/install/yahboom_rosmaster/share/colcon-core/packages/yahboom_rosmaster)
[1.109s] Level 1:colcon.colcon_core.environment:create_environment_scripts_only(yahboom_rosmaster)
[1.109s] Level 1:colcon.colcon_core.environment:checking '/home/basmala/ros2_ws/install/yahboom_rosmaster' for CMake module files
[1.110s] Level 1:colcon.colcon_core.environment:checking '/home/basmala/ros2_ws/install/yahboom_rosmaster' for CMake config files
[1.110s] Level 1:colcon.colcon_core.shell:create_environment_hook('yahboom_rosmaster', 'cmake_prefix_path')
[1.110s] INFO:colcon.colcon_core.shell:Creating environment hook '/home/basmala/ros2_ws/install/yahboom_rosmaster/share/yahboom_rosmaster/hook/cmake_prefix_path.ps1'
[1.110s] INFO:colcon.colcon_core.shell:Creating environment descriptor '/home/basmala/ros2_ws/install/yahboom_rosmaster/share/yahboom_rosmaster/hook/cmake_prefix_path.dsv'
[1.111s] INFO:colcon.colcon_core.shell:Creating environment hook '/home/basmala/ros2_ws/install/yahboom_rosmaster/share/yahboom_rosmaster/hook/cmake_prefix_path.sh'
[1.111s] Level 1:colcon.colcon_core.environment:checking '/home/basmala/ros2_ws/install/yahboom_rosmaster/bin'
[1.111s] Level 1:colcon.colcon_core.environment:checking '/home/basmala/ros2_ws/install/yahboom_rosmaster/lib/pkgconfig/yahboom_rosmaster.pc'
[1.112s] Level 1:colcon.colcon_core.environment:checking '/home/basmala/ros2_ws/install/yahboom_rosmaster/lib/python3.12/site-packages'
[1.113s] Level 1:colcon.colcon_core.environment:checking '/home/basmala/ros2_ws/install/yahboom_rosmaster/bin'
[1.113s] INFO:colcon.colcon_core.shell:Creating package script '/home/basmala/ros2_ws/install/yahboom_rosmaster/share/yahboom_rosmaster/package.ps1'
[1.114s] INFO:colcon.colcon_core.shell:Creating package descriptor '/home/basmala/ros2_ws/install/yahboom_rosmaster/share/yahboom_rosmaster/package.dsv'
[1.115s] INFO:colcon.colcon_core.shell:Creating package script '/home/basmala/ros2_ws/install/yahboom_rosmaster/share/yahboom_rosmaster/package.sh'
[1.115s] INFO:colcon.colcon_core.shell:Creating package script '/home/basmala/ros2_ws/install/yahboom_rosmaster/share/yahboom_rosmaster/package.bash'
[1.116s] INFO:colcon.colcon_core.shell:Creating package script '/home/basmala/ros2_ws/install/yahboom_rosmaster/share/yahboom_rosmaster/package.zsh'
[1.116s] Level 1:colcon.colcon_core.environment:create_file_with_runtime_dependencies(/home/basmala/ros2_ws/install/yahboom_rosmaster/share/colcon-core/packages/yahboom_rosmaster)
[1.209s] DEBUG:colcon.colcon_core.event_handler.log_command:Invoked command in '/home/basmala/ros2_ws/build/turtlesim_controller' returned '0': CMAKE_PREFIX_PATH=/home/basmala/ros2_ws/install/turtlesim_custom_msgs:/home/basmala/ros2_ws/install/yahboom_rosmaster:/home/basmala/ros2_ws/install/yahboom_rosmaster_system_tests:/home/basmala/ros2_ws/install/yahboom_rosmaster_gazebo:/home/basmala/ros2_ws/install/yahboom_rosmaster_discription:/home/basmala/ros2_ws/install/yahboom_rosmaster_bringup:/home/basmala/ros2_ws/install/turtlesim_controller:/home/basmala/ros2_ws/install/mecanum_drive_controller:/home/basmala/ros2_ws/install/first_package_cpp:/home/basmala/ros2_ws/install/bme_gazebo_sensors:/home/basmala/ros2_ws/install/assignment1_rt:/opt/ros/jazzy/opt/gz_sim_vendor:/opt/ros/jazzy/opt/gz_sensors_vendor:/opt/ros/jazzy/opt/gz_physics_vendor:/opt/ros/jazzy/opt/sdformat_vendor:/opt/ros/jazzy/opt/gz_gui_vendor:/opt/ros/jazzy/opt/gz_transport_vendor:/opt/ros/jazzy/opt/gz_rendering_vendor:/opt/ros/jazzy/opt/gz_plugin_vendor:/opt/ros/jazzy/opt/gz_fuel_tools_vendor:/opt/ros/jazzy/opt/gz_msgs_vendor:/opt/ros/jazzy/opt/gz_common_vendor:/opt/ros/jazzy/opt/gz_math_vendor:/opt/ros/jazzy/opt/gz_utils_vendor:/opt/ros/jazzy/opt/gz_tools_vendor:/opt/ros/jazzy/opt/gz_ogre_next_vendor:/opt/ros/jazzy/opt/gz_dartsim_vendor:/opt/ros/jazzy/opt/gz_cmake_vendor:/home/basmala/ros2_ws/install/first_package_python:/opt/ros/jazzy DEBUGINFOD_URLS=https://debuginfod.ubuntu.com /usr/bin/cmake --build /home/basmala/ros2_ws/build/turtlesim_controller -- -j20 -l20
[1.210s] DEBUG:colcon.colcon_core.event_handler.log_command:Invoking command in '/home/basmala/ros2_ws/build/turtlesim_controller': CMAKE_PREFIX_PATH=/home/basmala/ros2_ws/install/turtlesim_custom_msgs:/home/basmala/ros2_ws/install/yahboom_rosmaster:/home/basmala/ros2_ws/install/yahboom_rosmaster_system_tests:/home/basmala/ros2_ws/install/yahboom_rosmaster_gazebo:/home/basmala/ros2_ws/install/yahboom_rosmaster_discription:/home/basmala/ros2_ws/install/yahboom_rosmaster_bringup:/home/basmala/ros2_ws/install/turtlesim_controller:/home/basmala/ros2_ws/install/mecanum_drive_controller:/home/basmala/ros2_ws/install/first_package_cpp:/home/basmala/ros2_ws/install/bme_gazebo_sensors:/home/basmala/ros2_ws/install/assignment1_rt:/opt/ros/jazzy/opt/gz_sim_vendor:/opt/ros/jazzy/opt/gz_sensors_vendor:/opt/ros/jazzy/opt/gz_physics_vendor:/opt/ros/jazzy/opt/sdformat_vendor:/opt/ros/jazzy/opt/gz_gui_vendor:/opt/ros/jazzy/opt/gz_transport_vendor:/opt/ros/jazzy/opt/gz_rendering_vendor:/opt/ros/jazzy/opt/gz_plugin_vendor:/opt/ros/jazzy/opt/gz_fuel_tools_vendor:/opt/ros/jazzy/opt/gz_msgs_vendor:/opt/ros/jazzy/opt/gz_common_vendor:/opt/ros/jazzy/opt/gz_math_vendor:/opt/ros/jazzy/opt/gz_utils_vendor:/opt/ros/jazzy/opt/gz_tools_vendor:/opt/ros/jazzy/opt/gz_ogre_next_vendor:/opt/ros/jazzy/opt/gz_dartsim_vendor:/opt/ros/jazzy/opt/gz_cmake_vendor:/home/basmala/ros2_ws/install/first_package_python:/opt/ros/jazzy DEBUGINFOD_URLS=https://debuginfod.ubuntu.com /usr/bin/cmake --install /home/basmala/ros2_ws/build/turtlesim_controller
[1.222s] Level 1:colcon.colcon_core.environment:create_environment_scripts_only(turtlesim_controller)
[1.222s] Level 1:colcon.colcon_core.environment:checking '/home/basmala/ros2_ws/install/turtlesim_controller' for CMake module files
[1.223s] Level 1:colcon.colcon_core.environment:checking '/home/basmala/ros2_ws/install/turtlesim_controller' for CMake config files
[1.223s] DEBUG:colcon.colcon_core.event_handler.log_command:Invoked command in '/home/basmala/ros2_ws/build/turtlesim_controller' returned '0': CMAKE_PREFIX_PATH=/home/basmala/ros2_ws/install/turtlesim_custom_msgs:/home/basmala/ros2_ws/install/yahboom_rosmaster:/home/basmala/ros2_ws/install/yahboom_rosmaster_system_tests:/home/basmala/ros2_ws/install/yahboom_rosmaster_gazebo:/home/basmala/ros2_ws/install/yahboom_rosmaster_discription:/home/basmala/ros2_ws/install/yahboom_rosmaster_bringup:/home/basmala/ros2_ws/install/turtlesim_controller:/home/basmala/ros2_ws/install/mecanum_drive_controller:/home/basmala/ros2_ws/install/first_package_cpp:/home/basmala/ros2_ws/install/bme_gazebo_sensors:/home/basmala/ros2_ws/install/assignment1_rt:/opt/ros/jazzy/opt/gz_sim_vendor:/opt/ros/jazzy/opt/gz_sensors_vendor:/opt/ros/jazzy/opt/gz_physics_vendor:/opt/ros/jazzy/opt/sdformat_vendor:/opt/ros/jazzy/opt/gz_gui_vendor:/opt/ros/jazzy/opt/gz_transport_vendor:/opt/ros/jazzy/opt/gz_rendering_vendor:/opt/ros/jazzy/opt/gz_plugin_vendor:/opt/ros/jazzy/opt/gz_fuel_tools_vendor:/opt/ros/jazzy/opt/gz_msgs_vendor:/opt/ros/jazzy/opt/gz_common_vendor:/opt/ros/jazzy/opt/gz_math_vendor:/opt/ros/jazzy/opt/gz_utils_vendor:/opt/ros/jazzy/opt/gz_tools_vendor:/opt/ros/jazzy/opt/gz_ogre_next_vendor:/opt/ros/jazzy/opt/gz_dartsim_vendor:/opt/ros/jazzy/opt/gz_cmake_vendor:/home/basmala/ros2_ws/install/first_package_python:/opt/ros/jazzy DEBUGINFOD_URLS=https://debuginfod.ubuntu.com /usr/bin/cmake --install /home/basmala/ros2_ws/build/turtlesim_controller
[1.223s] Level 1:colcon.colcon_core.shell:create_environment_hook('turtlesim_controller', 'cmake_prefix_path')
[1.224s] INFO:colcon.colcon_core.shell:Creating environment hook '/home/basmala/ros2_ws/install/turtlesim_controller/share/turtlesim_controller/hook/cmake_prefix_path.ps1'
[1.224s] INFO:colcon.colcon_core.shell:Creating environment descriptor '/home/basmala/ros2_ws/install/turtlesim_controller/share/turtlesim_controller/hook/cmake_prefix_path.dsv'
[1.224s] INFO:colcon.colcon_core.shell:Creating environment hook '/home/basmala/ros2_ws/install/turtlesim_controller/share/turtlesim_controller/hook/cmake_prefix_path.sh'
[1.225s] Level 1:colcon.colcon_core.environment:checking '/home/basmala/ros2_ws/install/turtlesim_controller/lib'
[1.225s] Level 1:colcon.colcon_core.environment:checking '/home/basmala/ros2_ws/install/turtlesim_controller/bin'
[1.225s] Level 1:colcon.colcon_core.environment:checking '/home/basmala/ros2_ws/install/turtlesim_controller/lib/pkgconfig/turtlesim_controller.pc'
[1.225s] Level 1:colcon.colcon_core.environment:checking '/home/basmala/ros2_ws/install/turtlesim_controller/lib/python3.12/site-packages'
[1.226s] Level 1:colcon.colcon_core.environment:checking '/home/basmala/ros2_ws/install/turtlesim_controller/bin'
[1.226s] INFO:colcon.colcon_core.shell:Creating package script '/home/basmala/ros2_ws/install/turtlesim_controller/share/turtlesim_controller/package.ps1'
[1.226s] INFO:colcon.colcon_core.shell:Creating package descriptor '/home/basmala/ros2_ws/install/turtlesim_controller/share/turtlesim_controller/package.dsv'
[1.227s] INFO:colcon.colcon_core.shell:Creating package script '/home/basmala/ros2_ws/install/turtlesim_controller/share/turtlesim_controller/package.sh'
[1.227s] INFO:colcon.colcon_core.shell:Creating package script '/home/basmala/ros2_ws/install/turtlesim_controller/share/turtlesim_controller/package.bash'
[1.227s] INFO:colcon.colcon_core.shell:Creating package script '/home/basmala/ros2_ws/install/turtlesim_controller/share/turtlesim_controller/package.zsh'
[1.227s] Level 1:colcon.colcon_core.environment:create_file_with_runtime_dependencies(/home/basmala/ros2_ws/install/turtlesim_controller/share/colcon-core/packages/turtlesim_controller)
[1.228s] Level 1:colcon.colcon_core.environment:create_environment_scripts_only(turtlesim_controller)
[1.228s] Level 1:colcon.colcon_core.environment:checking '/home/basmala/ros2_ws/install/turtlesim_controller' for CMake module files
[1.229s] Level 1:colcon.colcon_core.environment:checking '/home/basmala/ros2_ws/install/turtlesim_controller' for CMake config files
[1.229s] Level 1:colcon.colcon_core.shell:create_environment_hook('turtlesim_controller', 'cmake_prefix_path')
[1.229s] INFO:colcon.colcon_core.shell:Creating environment hook '/home/basmala/ros2_ws/install/turtlesim_controller/share/turtlesim_controller/hook/cmake_prefix_path.ps1'
[1.229s] INFO:colcon.colcon_core.shell:Creating environment descriptor '/home/basmala/ros2_ws/install/turtlesim_controller/share/turtlesim_controller/hook/cmake_prefix_path.dsv'
[1.229s] INFO:colcon.colcon_core.shell:Creating environment hook '/home/basmala/ros2_ws/install/turtlesim_controller/share/turtlesim_controller/hook/cmake_prefix_path.sh'
[1.230s] Level 1:colcon.colcon_core.environment:checking '/home/basmala/ros2_ws/install/turtlesim_controller/lib'
[1.230s] Level 1:colcon.colcon_core.environment:checking '/home/basmala/ros2_ws/install/turtlesim_controller/bin'
[1.230s] Level 1:colcon.colcon_core.environment:checking '/home/basmala/ros2_ws/install/turtlesim_controller/lib/pkgconfig/turtlesim_controller.pc'
[1.230s] Level 1:colcon.colcon_core.environment:checking '/home/basmala/ros2_ws/install/turtlesim_controller/lib/python3.12/site-packages'
[1.231s] Level 1:colcon.colcon_core.environment:checking '/home/basmala/ros2_ws/install/turtlesim_controller/bin'
[1.231s] INFO:colcon.colcon_core.shell:Creating package script '/home/basmala/ros2_ws/install/turtlesim_controller/share/turtlesim_controller/package.ps1'
[1.231s] INFO:colcon.colcon_core.shell:Creating package descriptor '/home/basmala/ros2_ws/install/turtlesim_controller/share/turtlesim_controller/package.dsv'
[1.232s] INFO:colcon.colcon_core.shell:Creating package script '/home/basmala/ros2_ws/install/turtlesim_controller/share/turtlesim_controller/package.sh'
[1.232s] INFO:colcon.colcon_core.shell:Creating package script '/home/basmala/ros2_ws/install/turtlesim_controller/share/turtlesim_controller/package.bash'
[1.232s] INFO:colcon.colcon_core.shell:Creating package script '/home/basmala/ros2_ws/install/turtlesim_controller/share/turtlesim_controller/package.zsh'
[1.233s] Level 1:colcon.colcon_core.environment:create_file_with_runtime_dependencies(/home/basmala/ros2_ws/install/turtlesim_controller/share/colcon-core/packages/turtlesim_controller)
[1.366s] DEBUG:colcon.colcon_core.event_handler.log_command:Invoking command in '/home/basmala/ros2_ws/first_package_python': DEBUGINFOD_URLS=https://debuginfod.ubuntu.com PYTHONPATH=/home/basmala/ros2_ws/build/first_package_python/prefix_override:/usr/lib/python3/dist-packages/colcon_core/task/python/colcon_distutils_commands:/home/basmala/ros2_ws/install/first_package_python/lib/python3.12/site-packages:${PYTHONPATH} /usr/bin/python3 -W ignore:setup.py install is deprecated -W ignore:easy_install command is deprecated setup.py egg_info --egg-base ../build/first_package_python build --build-base /home/basmala/ros2_ws/build/first_package_python/build install --record /home/basmala/ros2_ws/build/first_package_python/install.log --single-version-externally-managed install_data
[1.828s] Level 1:colcon.colcon_core.environment:checking '/home/basmala/ros2_ws/install/first_package_python' for CMake module files
[1.829s] DEBUG:colcon.colcon_core.event_handler.log_command:Invoked command in '/home/basmala/ros2_ws/first_package_python' returned '0': DEBUGINFOD_URLS=https://debuginfod.ubuntu.com PYTHONPATH=/home/basmala/ros2_ws/build/first_package_python/prefix_override:/usr/lib/python3/dist-packages/colcon_core/task/python/colcon_distutils_commands:/home/basmala/ros2_ws/install/first_package_python/lib/python3.12/site-packages:${PYTHONPATH} /usr/bin/python3 -W ignore:setup.py install is deprecated -W ignore:easy_install command is deprecated setup.py egg_info --egg-base ../build/first_package_python build --build-base /home/basmala/ros2_ws/build/first_package_python/build install --record /home/basmala/ros2_ws/build/first_package_python/install.log --single-version-externally-managed install_data
[1.830s] Level 1:colcon.colcon_core.environment:checking '/home/basmala/ros2_ws/install/first_package_python' for CMake config files
[1.830s] Level 1:colcon.colcon_core.environment:checking '/home/basmala/ros2_ws/install/first_package_python/lib'
[1.830s] Level 1:colcon.colcon_core.environment:checking '/home/basmala/ros2_ws/install/first_package_python/bin'
[1.830s] Level 1:colcon.colcon_core.environment:checking '/home/basmala/ros2_ws/install/first_package_python/lib/pkgconfig/first_package_python.pc'
[1.831s] Level 1:colcon.colcon_core.environment:checking '/home/basmala/ros2_ws/install/first_package_python/lib/python3.12/site-packages'
[1.831s] Level 1:colcon.colcon_core.shell:create_environment_hook('first_package_python', 'pythonpath')
[1.831s] INFO:colcon.colcon_core.shell:Creating environment hook '/home/basmala/ros2_ws/install/first_package_python/share/first_package_python/hook/pythonpath.ps1'
[1.832s] INFO:colcon.colcon_core.shell:Creating environment descriptor '/home/basmala/ros2_ws/install/first_package_python/share/first_package_python/hook/pythonpath.dsv'
[1.832s] INFO:colcon.colcon_core.shell:Creating environment hook '/home/basmala/ros2_ws/install/first_package_python/share/first_package_python/hook/pythonpath.sh'
[1.833s] Level 1:colcon.colcon_core.environment:checking '/home/basmala/ros2_ws/install/first_package_python/bin'
[1.833s] Level 1:colcon.colcon_core.environment:create_environment_scripts_only(first_package_python)
[1.834s] INFO:colcon.colcon_core.shell:Creating package script '/home/basmala/ros2_ws/install/first_package_python/share/first_package_python/package.ps1'
[1.834s] INFO:colcon.colcon_core.shell:Creating package descriptor '/home/basmala/ros2_ws/install/first_package_python/share/first_package_python/package.dsv'
[1.835s] INFO:colcon.colcon_core.shell:Creating package script '/home/basmala/ros2_ws/install/first_package_python/share/first_package_python/package.sh'
[1.835s] INFO:colcon.colcon_core.shell:Creating package script '/home/basmala/ros2_ws/install/first_package_python/share/first_package_python/package.bash'
[1.836s] INFO:colcon.colcon_core.shell:Creating package script '/home/basmala/ros2_ws/install/first_package_python/share/first_package_python/package.zsh'
[1.836s] Level 1:colcon.colcon_core.environment:create_file_with_runtime_dependencies(/home/basmala/ros2_ws/install/first_package_python/share/colcon-core/packages/first_package_python)
[1.837s] DEBUG:colcon.colcon_parallel_executor.executor.parallel:closing loop
[1.837s] DEBUG:colcon.colcon_parallel_executor.executor.parallel:loop closed
[1.837s] DEBUG:colcon.colcon_parallel_executor.executor.parallel:run_until_complete finished with '0'
[1.837s] DEBUG:colcon.colcon_core.event_reactor:joining thread
[1.848s] INFO:colcon.colcon_core.plugin_system:Skipping extension 'colcon_notification.desktop_notification.terminal_notifier': Not used on non-Darwin systems
[1.848s] INFO:colcon.colcon_core.plugin_system:Skipping extension 'colcon_notification.desktop_notification.win32': Not used on non-Windows systems
[1.848s] INFO:colcon.colcon_notification.desktop_notification:Sending desktop notification using 'notify2'
[1.877s] DEBUG:colcon.colcon_core.event_reactor:joined thread
[1.877s] INFO:colcon.colcon_core.shell:Creating prefix script '/home/basmala/ros2_ws/install/local_setup.ps1'
[1.878s] INFO:colcon.colcon_core.shell:Creating prefix util module '/home/basmala/ros2_ws/install/_local_setup_util_ps1.py'
[1.880s] INFO:colcon.colcon_core.shell:Creating prefix chain script '/home/basmala/ros2_ws/install/setup.ps1'
[1.881s] INFO:colcon.colcon_core.shell:Creating prefix script '/home/basmala/ros2_ws/install/local_setup.sh'
[1.882s] INFO:colcon.colcon_core.shell:Creating prefix util module '/home/basmala/ros2_ws/install/_local_setup_util_sh.py'
[1.883s] INFO:colcon.colcon_core.shell:Creating prefix chain script '/home/basmala/ros2_ws/install/setup.sh'
[1.884s] INFO:colcon.colcon_core.shell:Creating prefix script '/home/basmala/ros2_ws/install/local_setup.bash'
[1.885s] INFO:colcon.colcon_core.shell:Creating prefix chain script '/home/basmala/ros2_ws/install/setup.bash'
[1.886s] INFO:colcon.colcon_core.shell:Creating prefix script '/home/basmala/ros2_ws/install/local_setup.zsh'
[1.887s] INFO:colcon.colcon_core.shell:Creating prefix chain script '/home/basmala/ros2_ws/install/setup.zsh'
