[0.109s] DEBUG:colcon:Command line arguments: ['/usr/bin/colcon', 'build', '--allow-overriding', 'mecanum_drive_controller']
[0.109s] DEBUG:colcon:Parsed command line arguments: Namespace(log_base=None, log_level=None, verb_name='build', build_base='build', install_base='install', merge_install=False, symlink_install=False, test_result_base=None, continue_on_error=False, executor='parallel', parallel_workers=20, event_handlers=None, ignore_user_meta=False, metas=['./colcon.meta'], base_paths=['.'], packages_ignore=None, packages_ignore_regex=None, paths=None, packages_up_to=None, packages_up_to_regex=None, packages_above=None, packages_above_and_dependencies=None, packages_above_depth=None, packages_select_by_dep=None, packages_skip_by_dep=None, packages_skip_up_to=None, packages_select_build_failed=False, packages_skip_build_finished=False, packages_select_test_failures=False, packages_skip_test_passed=False, packages_select=None, packages_skip=None, packages_select_regex=None, packages_skip_regex=None, packages_start=None, packages_end=None, allow_overriding=['mecanum_drive_controller'], cmake_args=None, cmake_target=None, cmake_target_skip_unavailable=False, cmake_clean_cache=False, cmake_clean_first=False, cmake_force_configure=False, ament_cmake_args=None, catkin_cmake_args=None, catkin_skip_building_tests=False, verb_parser=<colcon_defaults.argument_parser.defaults.DefaultArgumentsDecorator object at 0x7202b6373fe0>, verb_extension=<colcon_core.verb.build.BuildVerb object at 0x7202b64bc2f0>, main=<bound method BuildVerb.main of <colcon_core.verb.build.BuildVerb object at 0x7202b64bc2f0>>)
[0.154s] Level 1:colcon.colcon_core.package_discovery:discover_packages(colcon_meta) check parameters
[0.154s] Level 1:colcon.colcon_core.package_discovery:discover_packages(recursive) check parameters
[0.154s] Level 1:colcon.colcon_core.package_discovery:discover_packages(ignore) check parameters
[0.154s] Level 1:colcon.colcon_core.package_discovery:discover_packages(path) check parameters
[0.154s] Level 1:colcon.colcon_core.package_discovery:discover_packages(colcon_meta) discover
[0.154s] Level 1:colcon.colcon_core.package_discovery:discover_packages(recursive) discover
[0.154s] INFO:colcon.colcon_core.package_discovery:Crawling recursively for packages in '/home/basmala/ros2_ws'
[0.154s] Level 1:colcon.colcon_core.package_identification:_identify(.) by extensions ['ignore', 'ignore_ament_install']
[0.154s] Level 1:colcon.colcon_core.package_identification:_identify(.) by extension 'ignore'
[0.155s] Level 1:colcon.colcon_core.package_identification:_identify(.) by extension 'ignore_ament_install'
[0.155s] Level 1:colcon.colcon_core.package_identification:_identify(.) by extensions ['colcon_pkg']
[0.155s] Level 1:colcon.colcon_core.package_identification:_identify(.) by extension 'colcon_pkg'
[0.155s] Level 1:colcon.colcon_core.package_identification:_identify(.) by extensions ['colcon_meta']
[0.155s] Level 1:colcon.colcon_core.package_identification:_identify(.) by extension 'colcon_meta'
[0.155s] Level 1:colcon.colcon_core.package_identification:_identify(.) by extensions ['ros']
[0.155s] Level 1:colcon.colcon_core.package_identification:_identify(.) by extension 'ros'
[0.190s] Level 1:colcon.colcon_core.package_identification:_identify(.) by extensions ['cmake', 'python']
[0.190s] Level 1:colcon.colcon_core.package_identification:_identify(.) by extension 'cmake'
[0.190s] Level 1:colcon.colcon_core.package_identification:_identify(.) by extension 'python'
[0.190s] Level 1:colcon.colcon_core.package_identification:_identify(.) by extensions ['python_setup_py']
[0.190s] Level 1:colcon.colcon_core.package_identification:_identify(.) by extension 'python_setup_py'
[0.191s] Level 1:colcon.colcon_core.package_identification:_identify(assignment1_rt) by extensions ['ignore', 'ignore_ament_install']
[0.191s] Level 1:colcon.colcon_core.package_identification:_identify(assignment1_rt) by extension 'ignore'
[0.191s] Level 1:colcon.colcon_core.package_identification:_identify(assignment1_rt) by extension 'ignore_ament_install'
[0.191s] Level 1:colcon.colcon_core.package_identification:_identify(assignment1_rt) by extensions ['colcon_pkg']
[0.191s] Level 1:colcon.colcon_core.package_identification:_identify(assignment1_rt) by extension 'colcon_pkg'
[0.191s] Level 1:colcon.colcon_core.package_identification:_identify(assignment1_rt) by extensions ['colcon_meta']
[0.191s] Level 1:colcon.colcon_core.package_identification:_identify(assignment1_rt) by extension 'colcon_meta'
[0.191s] Level 1:colcon.colcon_core.package_identification:_identify(assignment1_rt) by extensions ['ros']
[0.191s] Level 1:colcon.colcon_core.package_identification:_identify(assignment1_rt) by extension 'ros'
[0.193s] DEBUG:colcon.colcon_core.package_identification:Package 'assignment1_rt' with type 'ros.ament_cmake' and name 'assignment1_rt'
[0.194s] Level 1:colcon.colcon_core.package_identification:_identify(build) by extensions ['ignore', 'ignore_ament_install']
[0.194s] Level 1:colcon.colcon_core.package_identification:_identify(build) by extension 'ignore'
[0.194s] Level 1:colcon.colcon_core.package_identification:_identify(build) ignored
[0.194s] Level 1:colcon.colcon_core.package_identification:_identify(first_package_cpp) by extensions ['ignore', 'ignore_ament_install']
[0.194s] Level 1:colcon.colcon_core.package_identification:_identify(first_package_cpp) by extension 'ignore'
[0.194s] Level 1:colcon.colcon_core.package_identification:_identify(first_package_cpp) by extension 'ignore_ament_install'
[0.194s] Level 1:colcon.colcon_core.package_identification:_identify(first_package_cpp) by extensions ['colcon_pkg']
[0.194s] Level 1:colcon.colcon_core.package_identification:_identify(first_package_cpp) by extension 'colcon_pkg'
[0.194s] Level 1:colcon.colcon_core.package_identification:_identify(first_package_cpp) by extensions ['colcon_meta']
[0.194s] Level 1:colcon.colcon_core.package_identification:_identify(first_package_cpp) by extension 'colcon_meta'
[0.194s] Level 1:colcon.colcon_core.package_identification:_identify(first_package_cpp) by extensions ['ros']
[0.194s] Level 1:colcon.colcon_core.package_identification:_identify(first_package_cpp) by extension 'ros'
[0.194s] DEBUG:colcon.colcon_core.package_identification:Package 'first_package_cpp' with type 'ros.ament_cmake' and name 'first_package_cpp'
[0.194s] Level 1:colcon.colcon_core.package_identification:_identify(first_package_python) by extensions ['ignore', 'ignore_ament_install']
[0.195s] Level 1:colcon.colcon_core.package_identification:_identify(first_package_python) by extension 'ignore'
[0.195s] Level 1:colcon.colcon_core.package_identification:_identify(first_package_python) by extension 'ignore_ament_install'
[0.195s] Level 1:colcon.colcon_core.package_identification:_identify(first_package_python) by extensions ['colcon_pkg']
[0.195s] Level 1:colcon.colcon_core.package_identification:_identify(first_package_python) by extension 'colcon_pkg'
[0.195s] Level 1:colcon.colcon_core.package_identification:_identify(first_package_python) by extensions ['colcon_meta']
[0.195s] Level 1:colcon.colcon_core.package_identification:_identify(first_package_python) by extension 'colcon_meta'
[0.195s] Level 1:colcon.colcon_core.package_identification:_identify(first_package_python) by extensions ['ros']
[0.195s] Level 1:colcon.colcon_core.package_identification:_identify(first_package_python) by extension 'ros'
[0.195s] DEBUG:colcon.colcon_core.package_identification:Package 'first_package_python' with type 'ros.ament_python' and name 'first_package_python'
[0.195s] Level 1:colcon.colcon_core.package_identification:_identify(install) by extensions ['ignore', 'ignore_ament_install']
[0.195s] Level 1:colcon.colcon_core.package_identification:_identify(install) by extension 'ignore'
[0.195s] Level 1:colcon.colcon_core.package_identification:_identify(install) ignored
[0.195s] Level 1:colcon.colcon_core.package_identification:_identify(log) by extensions ['ignore', 'ignore_ament_install']
[0.195s] Level 1:colcon.colcon_core.package_identification:_identify(log) by extension 'ignore'
[0.195s] Level 1:colcon.colcon_core.package_identification:_identify(log) ignored
[0.195s] Level 1:colcon.colcon_core.package_identification:_identify(rosbag2_2025_12_02-13_02_19) by extensions ['ignore', 'ignore_ament_install']
[0.196s] Level 1:colcon.colcon_core.package_identification:_identify(rosbag2_2025_12_02-13_02_19) by extension 'ignore'
[0.196s] Level 1:colcon.colcon_core.package_identification:_identify(rosbag2_2025_12_02-13_02_19) by extension 'ignore_ament_install'
[0.196s] Level 1:colcon.colcon_core.package_identification:_identify(rosbag2_2025_12_02-13_02_19) by extensions ['colcon_pkg']
[0.196s] Level 1:colcon.colcon_core.package_identification:_identify(rosbag2_2025_12_02-13_02_19) by extension 'colcon_pkg'
[0.196s] Level 1:colcon.colcon_core.package_identification:_identify(rosbag2_2025_12_02-13_02_19) by extensions ['colcon_meta']
[0.196s] Level 1:colcon.colcon_core.package_identification:_identify(rosbag2_2025_12_02-13_02_19) by extension 'colcon_meta'
[0.196s] Level 1:colcon.colcon_core.package_identification:_identify(rosbag2_2025_12_02-13_02_19) by extensions ['ros']
[0.196s] Level 1:colcon.colcon_core.package_identification:_identify(rosbag2_2025_12_02-13_02_19) by extension 'ros'
[0.196s] Level 1:colcon.colcon_core.package_identification:_identify(rosbag2_2025_12_02-13_02_19) by extensions ['cmake', 'python']
[0.196s] Level 1:colcon.colcon_core.package_identification:_identify(rosbag2_2025_12_02-13_02_19) by extension 'cmake'
[0.196s] Level 1:colcon.colcon_core.package_identification:_identify(rosbag2_2025_12_02-13_02_19) by extension 'python'
[0.196s] Level 1:colcon.colcon_core.package_identification:_identify(rosbag2_2025_12_02-13_02_19) by extensions ['python_setup_py']
[0.196s] Level 1:colcon.colcon_core.package_identification:_identify(rosbag2_2025_12_02-13_02_19) by extension 'python_setup_py'
[0.196s] Level 1:colcon.colcon_core.package_identification:_identify(src) by extensions ['ignore', 'ignore_ament_install']
[0.196s] Level 1:colcon.colcon_core.package_identification:_identify(src) by extension 'ignore'
[0.196s] Level 1:colcon.colcon_core.package_identification:_identify(src) by extension 'ignore_ament_install'
[0.196s] Level 1:colcon.colcon_core.package_identification:_identify(src) by extensions ['colcon_pkg']
[0.196s] Level 1:colcon.colcon_core.package_identification:_identify(src) by extension 'colcon_pkg'
[0.196s] Level 1:colcon.colcon_core.package_identification:_identify(src) by extensions ['colcon_meta']
[0.196s] Level 1:colcon.colcon_core.package_identification:_identify(src) by extension 'colcon_meta'
[0.196s] Level 1:colcon.colcon_core.package_identification:_identify(src) by extensions ['ros']
[0.196s] Level 1:colcon.colcon_core.package_identification:_identify(src) by extension 'ros'
[0.196s] Level 1:colcon.colcon_core.package_identification:_identify(src) by extensions ['cmake', 'python']
[0.196s] Level 1:colcon.colcon_core.package_identification:_identify(src) by extension 'cmake'
[0.196s] Level 1:colcon.colcon_core.package_identification:_identify(src) by extension 'python'
[0.196s] Level 1:colcon.colcon_core.package_identification:_identify(src) by extensions ['python_setup_py']
[0.196s] Level 1:colcon.colcon_core.package_identification:_identify(src) by extension 'python_setup_py'
[0.196s] Level 1:colcon.colcon_core.package_identification:_identify(src/bme_gazebo_sensors) by extensions ['ignore', 'ignore_ament_install']
[0.196s] Level 1:colcon.colcon_core.package_identification:_identify(src/bme_gazebo_sensors) by extension 'ignore'
[0.196s] Level 1:colcon.colcon_core.package_identification:_identify(src/bme_gazebo_sensors) by extension 'ignore_ament_install'
[0.196s] Level 1:colcon.colcon_core.package_identification:_identify(src/bme_gazebo_sensors) by extensions ['colcon_pkg']
[0.196s] Level 1:colcon.colcon_core.package_identification:_identify(src/bme_gazebo_sensors) by extension 'colcon_pkg'
[0.196s] Level 1:colcon.colcon_core.package_identification:_identify(src/bme_gazebo_sensors) by extensions ['colcon_meta']
[0.196s] Level 1:colcon.colcon_core.package_identification:_identify(src/bme_gazebo_sensors) by extension 'colcon_meta'
[0.196s] Level 1:colcon.colcon_core.package_identification:_identify(src/bme_gazebo_sensors) by extensions ['ros']
[0.197s] Level 1:colcon.colcon_core.package_identification:_identify(src/bme_gazebo_sensors) by extension 'ros'
[0.197s] DEBUG:colcon.colcon_core.package_identification:Package 'src/bme_gazebo_sensors' with type 'ros.ament_cmake' and name 'bme_gazebo_sensors'
[0.197s] Level 1:colcon.colcon_core.package_identification:_identify(src/build) by extensions ['ignore', 'ignore_ament_install']
[0.197s] Level 1:colcon.colcon_core.package_identification:_identify(src/build) by extension 'ignore'
[0.197s] Level 1:colcon.colcon_core.package_identification:_identify(src/build) ignored
[0.197s] Level 1:colcon.colcon_core.package_identification:_identify(src/install) by extensions ['ignore', 'ignore_ament_install']
[0.197s] Level 1:colcon.colcon_core.package_identification:_identify(src/install) by extension 'ignore'
[0.197s] Level 1:colcon.colcon_core.package_identification:_identify(src/install) ignored
[0.197s] Level 1:colcon.colcon_core.package_identification:_identify(src/log) by extensions ['ignore', 'ignore_ament_install']
[0.197s] Level 1:colcon.colcon_core.package_identification:_identify(src/log) by extension 'ignore'
[0.197s] Level 1:colcon.colcon_core.package_identification:_identify(src/log) ignored
[0.197s] Level 1:colcon.colcon_core.package_identification:_identify(src/yahboom_rosmaster) by extensions ['ignore', 'ignore_ament_install']
[0.198s] Level 1:colcon.colcon_core.package_identification:_identify(src/yahboom_rosmaster) by extension 'ignore'
[0.198s] Level 1:colcon.colcon_core.package_identification:_identify(src/yahboom_rosmaster) by extension 'ignore_ament_install'
[0.198s] Level 1:colcon.colcon_core.package_identification:_identify(src/yahboom_rosmaster) by extensions ['colcon_pkg']
[0.198s] Level 1:colcon.colcon_core.package_identification:_identify(src/yahboom_rosmaster) by extension 'colcon_pkg'
[0.198s] Level 1:colcon.colcon_core.package_identification:_identify(src/yahboom_rosmaster) by extensions ['colcon_meta']
[0.198s] Level 1:colcon.colcon_core.package_identification:_identify(src/yahboom_rosmaster) by extension 'colcon_meta'
[0.198s] Level 1:colcon.colcon_core.package_identification:_identify(src/yahboom_rosmaster) by extensions ['ros']
[0.198s] Level 1:colcon.colcon_core.package_identification:_identify(src/yahboom_rosmaster) by extension 'ros'
[0.198s] Level 1:colcon.colcon_core.package_identification:_identify(src/yahboom_rosmaster) by extensions ['cmake', 'python']
[0.198s] Level 1:colcon.colcon_core.package_identification:_identify(src/yahboom_rosmaster) by extension 'cmake'
[0.198s] Level 1:colcon.colcon_core.package_identification:_identify(src/yahboom_rosmaster) by extension 'python'
[0.198s] Level 1:colcon.colcon_core.package_identification:_identify(src/yahboom_rosmaster) by extensions ['python_setup_py']
[0.198s] Level 1:colcon.colcon_core.package_identification:_identify(src/yahboom_rosmaster) by extension 'python_setup_py'
[0.198s] Level 1:colcon.colcon_core.package_identification:_identify(src/yahboom_rosmaster/mecanum_drive_controller) by extensions ['ignore', 'ignore_ament_install']
[0.198s] Level 1:colcon.colcon_core.package_identification:_identify(src/yahboom_rosmaster/mecanum_drive_controller) by extension 'ignore'
[0.198s] Level 1:colcon.colcon_core.package_identification:_identify(src/yahboom_rosmaster/mecanum_drive_controller) by extension 'ignore_ament_install'
[0.198s] Level 1:colcon.colcon_core.package_identification:_identify(src/yahboom_rosmaster/mecanum_drive_controller) by extensions ['colcon_pkg']
[0.198s] Level 1:colcon.colcon_core.package_identification:_identify(src/yahboom_rosmaster/mecanum_drive_controller) by extension 'colcon_pkg'
[0.198s] Level 1:colcon.colcon_core.package_identification:_identify(src/yahboom_rosmaster/mecanum_drive_controller) by extensions ['colcon_meta']
[0.198s] Level 1:colcon.colcon_core.package_identification:_identify(src/yahboom_rosmaster/mecanum_drive_controller) by extension 'colcon_meta'
[0.198s] Level 1:colcon.colcon_core.package_identification:_identify(src/yahboom_rosmaster/mecanum_drive_controller) by extensions ['ros']
[0.198s] Level 1:colcon.colcon_core.package_identification:_identify(src/yahboom_rosmaster/mecanum_drive_controller) by extension 'ros'
[0.199s] DEBUG:colcon.colcon_core.package_identification:Package 'src/yahboom_rosmaster/mecanum_drive_controller' with type 'ros.ament_cmake' and name 'mecanum_drive_controller'
[0.199s] Level 1:colcon.colcon_core.package_identification:_identify(src/yahboom_rosmaster/yahboom_rosmaster) by extensions ['ignore', 'ignore_ament_install']
[0.199s] Level 1:colcon.colcon_core.package_identification:_identify(src/yahboom_rosmaster/yahboom_rosmaster) by extension 'ignore'
[0.199s] Level 1:colcon.colcon_core.package_identification:_identify(src/yahboom_rosmaster/yahboom_rosmaster) by extension 'ignore_ament_install'
[0.199s] Level 1:colcon.colcon_core.package_identification:_identify(src/yahboom_rosmaster/yahboom_rosmaster) by extensions ['colcon_pkg']
[0.199s] Level 1:colcon.colcon_core.package_identification:_identify(src/yahboom_rosmaster/yahboom_rosmaster) by extension 'colcon_pkg'
[0.199s] Level 1:colcon.colcon_core.package_identification:_identify(src/yahboom_rosmaster/yahboom_rosmaster) by extensions ['colcon_meta']
[0.199s] Level 1:colcon.colcon_core.package_identification:_identify(src/yahboom_rosmaster/yahboom_rosmaster) by extension 'colcon_meta'
[0.199s] Level 1:colcon.colcon_core.package_identification:_identify(src/yahboom_rosmaster/yahboom_rosmaster) by extensions ['ros']
[0.199s] Level 1:colcon.colcon_core.package_identification:_identify(src/yahboom_rosmaster/yahboom_rosmaster) by extension 'ros'
[0.200s] DEBUG:colcon.colcon_core.package_identification:Package 'src/yahboom_rosmaster/yahboom_rosmaster' with type 'ros.ament_cmake' and name 'yahboom_rosmaster'
[0.200s] Level 1:colcon.colcon_core.package_identification:_identify(src/yahboom_rosmaster/yahboom_rosmaster_bringup) by extensions ['ignore', 'ignore_ament_install']
[0.200s] Level 1:colcon.colcon_core.package_identification:_identify(src/yahboom_rosmaster/yahboom_rosmaster_bringup) by extension 'ignore'
[0.200s] Level 1:colcon.colcon_core.package_identification:_identify(src/yahboom_rosmaster/yahboom_rosmaster_bringup) by extension 'ignore_ament_install'
[0.200s] Level 1:colcon.colcon_core.package_identification:_identify(src/yahboom_rosmaster/yahboom_rosmaster_bringup) by extensions ['colcon_pkg']
[0.200s] Level 1:colcon.colcon_core.package_identification:_identify(src/yahboom_rosmaster/yahboom_rosmaster_bringup) by extension 'colcon_pkg'
[0.200s] Level 1:colcon.colcon_core.package_identification:_identify(src/yahboom_rosmaster/yahboom_rosmaster_bringup) by extensions ['colcon_meta']
[0.200s] Level 1:colcon.colcon_core.package_identification:_identify(src/yahboom_rosmaster/yahboom_rosmaster_bringup) by extension 'colcon_meta'
[0.200s] Level 1:colcon.colcon_core.package_identification:_identify(src/yahboom_rosmaster/yahboom_rosmaster_bringup) by extensions ['ros']
[0.200s] Level 1:colcon.colcon_core.package_identification:_identify(src/yahboom_rosmaster/yahboom_rosmaster_bringup) by extension 'ros'
[0.200s] DEBUG:colcon.colcon_core.package_identification:Package 'src/yahboom_rosmaster/yahboom_rosmaster_bringup' with type 'ros.ament_cmake' and name 'yahboom_rosmaster_bringup'
[0.200s] Level 1:colcon.colcon_core.package_identification:_identify(src/yahboom_rosmaster/yahboom_rosmaster_discription) by extensions ['ignore', 'ignore_ament_install']
[0.200s] Level 1:colcon.colcon_core.package_identification:_identify(src/yahboom_rosmaster/yahboom_rosmaster_discription) by extension 'ignore'
[0.200s] Level 1:colcon.colcon_core.package_identification:_identify(src/yahboom_rosmaster/yahboom_rosmaster_discription) by extension 'ignore_ament_install'
[0.200s] Level 1:colcon.colcon_core.package_identification:_identify(src/yahboom_rosmaster/yahboom_rosmaster_discription) by extensions ['colcon_pkg']
[0.200s] Level 1:colcon.colcon_core.package_identification:_identify(src/yahboom_rosmaster/yahboom_rosmaster_discription) by extension 'colcon_pkg'
[0.200s] Level 1:colcon.colcon_core.package_identification:_identify(src/yahboom_rosmaster/yahboom_rosmaster_discription) by extensions ['colcon_meta']
[0.200s] Level 1:colcon.colcon_core.package_identification:_identify(src/yahboom_rosmaster/yahboom_rosmaster_discription) by extension 'colcon_meta'
[0.200s] Level 1:colcon.colcon_core.package_identification:_identify(src/yahboom_rosmaster/yahboom_rosmaster_discription) by extensions ['ros']
[0.200s] Level 1:colcon.colcon_core.package_identification:_identify(src/yahboom_rosmaster/yahboom_rosmaster_discription) by extension 'ros'
[0.201s] DEBUG:colcon.colcon_core.package_identification:Package 'src/yahboom_rosmaster/yahboom_rosmaster_discription' with type 'ros.ament_cmake' and name 'yahboom_rosmaster_description'
[0.201s] Level 1:colcon.colcon_core.package_identification:_identify(src/yahboom_rosmaster/yahboom_rosmaster_gazebo) by extensions ['ignore', 'ignore_ament_install']
[0.201s] Level 1:colcon.colcon_core.package_identification:_identify(src/yahboom_rosmaster/yahboom_rosmaster_gazebo) by extension 'ignore'
[0.201s] Level 1:colcon.colcon_core.package_identification:_identify(src/yahboom_rosmaster/yahboom_rosmaster_gazebo) by extension 'ignore_ament_install'
[0.201s] Level 1:colcon.colcon_core.package_identification:_identify(src/yahboom_rosmaster/yahboom_rosmaster_gazebo) by extensions ['colcon_pkg']
[0.201s] Level 1:colcon.colcon_core.package_identification:_identify(src/yahboom_rosmaster/yahboom_rosmaster_gazebo) by extension 'colcon_pkg'
[0.201s] Level 1:colcon.colcon_core.package_identification:_identify(src/yahboom_rosmaster/yahboom_rosmaster_gazebo) by extensions ['colcon_meta']
[0.201s] Level 1:colcon.colcon_core.package_identification:_identify(src/yahboom_rosmaster/yahboom_rosmaster_gazebo) by extension 'colcon_meta'
[0.201s] Level 1:colcon.colcon_core.package_identification:_identify(src/yahboom_rosmaster/yahboom_rosmaster_gazebo) by extensions ['ros']
[0.201s] Level 1:colcon.colcon_core.package_identification:_identify(src/yahboom_rosmaster/yahboom_rosmaster_gazebo) by extension 'ros'
[0.202s] DEBUG:colcon.colcon_core.package_identification:Package 'src/yahboom_rosmaster/yahboom_rosmaster_gazebo' with type 'ros.ament_cmake' and name 'yahboom_rosmaster_gazebo'
[0.202s] Level 1:colcon.colcon_core.package_identification:_identify(src/yahboom_rosmaster/yahboom_rosmaster_system_tests) by extensions ['ignore', 'ignore_ament_install']
[0.202s] Level 1:colcon.colcon_core.package_identification:_identify(src/yahboom_rosmaster/yahboom_rosmaster_system_tests) by extension 'ignore'
[0.202s] Level 1:colcon.colcon_core.package_identification:_identify(src/yahboom_rosmaster/yahboom_rosmaster_system_tests) by extension 'ignore_ament_install'
[0.202s] Level 1:colcon.colcon_core.package_identification:_identify(src/yahboom_rosmaster/yahboom_rosmaster_system_tests) by extensions ['colcon_pkg']
[0.202s] Level 1:colcon.colcon_core.package_identification:_identify(src/yahboom_rosmaster/yahboom_rosmaster_system_tests) by extension 'colcon_pkg'
[0.202s] Level 1:colcon.colcon_core.package_identification:_identify(src/yahboom_rosmaster/yahboom_rosmaster_system_tests) by extensions ['colcon_meta']
[0.202s] Level 1:colcon.colcon_core.package_identification:_identify(src/yahboom_rosmaster/yahboom_rosmaster_system_tests) by extension 'colcon_meta'
[0.202s] Level 1:colcon.colcon_core.package_identification:_identify(src/yahboom_rosmaster/yahboom_rosmaster_system_tests) by extensions ['ros']
[0.202s] Level 1:colcon.colcon_core.package_identification:_identify(src/yahboom_rosmaster/yahboom_rosmaster_system_tests) by extension 'ros'
[0.202s] DEBUG:colcon.colcon_core.package_identification:Package 'src/yahboom_rosmaster/yahboom_rosmaster_system_tests' with type 'ros.ament_cmake' and name 'yahboom_rosmaster_system_tests'
[0.203s] Level 1:colcon.colcon_core.package_identification:_identify(turtlesim_controller) by extensions ['ignore', 'ignore_ament_install']
[0.203s] Level 1:colcon.colcon_core.package_identification:_identify(turtlesim_controller) by extension 'ignore'
[0.203s] Level 1:colcon.colcon_core.package_identification:_identify(turtlesim_controller) by extension 'ignore_ament_install'
[0.203s] Level 1:colcon.colcon_core.package_identification:_identify(turtlesim_controller) by extensions ['colcon_pkg']
[0.203s] Level 1:colcon.colcon_core.package_identification:_identify(turtlesim_controller) by extension 'colcon_pkg'
[0.203s] Level 1:colcon.colcon_core.package_identification:_identify(turtlesim_controller) by extensions ['colcon_meta']
[0.203s] Level 1:colcon.colcon_core.package_identification:_identify(turtlesim_controller) by extension 'colcon_meta'
[0.203s] Level 1:colcon.colcon_core.package_identification:_identify(turtlesim_controller) by extensions ['ros']
[0.203s] Level 1:colcon.colcon_core.package_identification:_identify(turtlesim_controller) by extension 'ros'
[0.203s] DEBUG:colcon.colcon_core.package_identification:Package 'turtlesim_controller' with type 'ros.ament_cmake' and name 'turtlesim_controller'
[0.203s] Level 1:colcon.colcon_core.package_identification:_identify(turtlesim_custom_msgs) by extensions ['ignore', 'ignore_ament_install']
[0.203s] Level 1:colcon.colcon_core.package_identification:_identify(turtlesim_custom_msgs) by extension 'ignore'
[0.203s] Level 1:colcon.colcon_core.package_identification:_identify(turtlesim_custom_msgs) by extension 'ignore_ament_install'
[0.203s] Level 1:colcon.colcon_core.package_identification:_identify(turtlesim_custom_msgs) by extensions ['colcon_pkg']
[0.203s] Level 1:colcon.colcon_core.package_identification:_identify(turtlesim_custom_msgs) by extension 'colcon_pkg'
[0.203s] Level 1:colcon.colcon_core.package_identification:_identify(turtlesim_custom_msgs) by extensions ['colcon_meta']
[0.203s] Level 1:colcon.colcon_core.package_identification:_identify(turtlesim_custom_msgs) by extension 'colcon_meta'
[0.203s] Level 1:colcon.colcon_core.package_identification:_identify(turtlesim_custom_msgs) by extensions ['ros']
[0.203s] Level 1:colcon.colcon_core.package_identification:_identify(turtlesim_custom_msgs) by extension 'ros'
[0.204s] DEBUG:colcon.colcon_core.package_identification:Package 'turtlesim_custom_msgs' with type 'ros.ament_cmake' and name 'turtlesim_custom_msgs'
[0.204s] Level 1:colcon.colcon_core.package_discovery:discover_packages(recursive) using defaults
[0.204s] Level 1:colcon.colcon_core.package_discovery:discover_packages(ignore) discover
[0.204s] Level 1:colcon.colcon_core.package_discovery:discover_packages(ignore) using defaults
[0.204s] Level 1:colcon.colcon_core.package_discovery:discover_packages(path) discover
[0.204s] Level 1:colcon.colcon_core.package_discovery:discover_packages(path) using defaults
[0.217s] Level 1:colcon.colcon_core.package_discovery:discover_packages(prefix_path) check parameters
[0.218s] Level 1:colcon.colcon_core.package_discovery:discover_packages(prefix_path) discover
[0.218s] WARNING:colcon.colcon_ros.prefix_path.ament:The path '/home/basmala/ros2_ws/install/yahboom_rosmaster' in the environment variable AMENT_PREFIX_PATH doesn't exist
[0.218s] WARNING:colcon.colcon_ros.prefix_path.ament:The path '/home/basmala/ros2_ws/install/yahboom_rosmaster_system_tests' in the environment variable AMENT_PREFIX_PATH doesn't exist
[0.218s] WARNING:colcon.colcon_ros.prefix_path.ament:The path '/home/basmala/ros2_ws/install/yahboom_rosmaster_gazebo' in the environment variable AMENT_PREFIX_PATH doesn't exist
[0.218s] WARNING:colcon.colcon_ros.prefix_path.ament:The path '/home/basmala/ros2_ws/install/yahboom_rosmaster_discription' in the environment variable AMENT_PREFIX_PATH doesn't exist
[0.218s] WARNING:colcon.colcon_ros.prefix_path.ament:The path '/home/basmala/ros2_ws/install/yahboom_rosmaster_bringup' in the environment variable AMENT_PREFIX_PATH doesn't exist
[0.218s] WARNING:colcon.colcon_ros.prefix_path.ament:The path '/home/basmala/ros2_ws/install/turtlesim_controller' in the environment variable AMENT_PREFIX_PATH doesn't exist
[0.218s] WARNING:colcon.colcon_ros.prefix_path.ament:The path '/home/basmala/ros2_ws/install/turtlesim_custom_msgs' in the environment variable AMENT_PREFIX_PATH doesn't exist
[0.218s] WARNING:colcon.colcon_ros.prefix_path.ament:The path '/home/basmala/ros2_ws/install/mecanum_drive_controller' in the environment variable AMENT_PREFIX_PATH doesn't exist
[0.218s] WARNING:colcon.colcon_ros.prefix_path.ament:The path '/home/basmala/ros2_ws/install/first_package_cpp' in the environment variable AMENT_PREFIX_PATH doesn't exist
[0.218s] WARNING:colcon.colcon_ros.prefix_path.ament:The path '/home/basmala/ros2_ws/install/bme_gazebo_sensors' in the environment variable AMENT_PREFIX_PATH doesn't exist
[0.218s] WARNING:colcon.colcon_ros.prefix_path.ament:The path '/home/basmala/ros2_ws/install/assignment1_rt' in the environment variable AMENT_PREFIX_PATH doesn't exist
[0.218s] WARNING:colcon.colcon_ros.prefix_path.catkin:The path '/home/basmala/ros2_ws/install/yahboom_rosmaster' in the environment variable CMAKE_PREFIX_PATH doesn't exist
[0.219s] WARNING:colcon.colcon_ros.prefix_path.catkin:The path '/home/basmala/ros2_ws/install/yahboom_rosmaster_system_tests' in the environment variable CMAKE_PREFIX_PATH doesn't exist
[0.219s] WARNING:colcon.colcon_ros.prefix_path.catkin:The path '/home/basmala/ros2_ws/install/yahboom_rosmaster_gazebo' in the environment variable CMAKE_PREFIX_PATH doesn't exist
[0.219s] WARNING:colcon.colcon_ros.prefix_path.catkin:The path '/home/basmala/ros2_ws/install/yahboom_rosmaster_discription' in the environment variable CMAKE_PREFIX_PATH doesn't exist
[0.219s] WARNING:colcon.colcon_ros.prefix_path.catkin:The path '/home/basmala/ros2_ws/install/yahboom_rosmaster_bringup' in the environment variable CMAKE_PREFIX_PATH doesn't exist
[0.219s] WARNING:colcon.colcon_ros.prefix_path.catkin:The path '/home/basmala/ros2_ws/install/turtlesim_controller' in the environment variable CMAKE_PREFIX_PATH doesn't exist
[0.219s] WARNING:colcon.colcon_ros.prefix_path.catkin:The path '/home/basmala/ros2_ws/install/turtlesim_custom_msgs' in the environment variable CMAKE_PREFIX_PATH doesn't exist
[0.219s] WARNING:colcon.colcon_ros.prefix_path.catkin:The path '/home/basmala/ros2_ws/install/mecanum_drive_controller' in the environment variable CMAKE_PREFIX_PATH doesn't exist
[0.219s] WARNING:colcon.colcon_ros.prefix_path.catkin:The path '/home/basmala/ros2_ws/install/first_package_cpp' in the environment variable CMAKE_PREFIX_PATH doesn't exist
[0.219s] WARNING:colcon.colcon_ros.prefix_path.catkin:The path '/home/basmala/ros2_ws/install/bme_gazebo_sensors' in the environment variable CMAKE_PREFIX_PATH doesn't exist
[0.219s] WARNING:colcon.colcon_ros.prefix_path.catkin:The path '/home/basmala/ros2_ws/install/assignment1_rt' in the environment variable CMAKE_PREFIX_PATH doesn't exist
[0.219s] DEBUG:colcon.colcon_installed_package_information.package_discovery:Found 1 installed packages in /home/basmala/ros2_ws/install
[0.220s] DEBUG:colcon.colcon_installed_package_information.package_discovery:Found 0 installed packages in /home/basmala/ros2_ws/src/install
[0.221s] DEBUG:colcon.colcon_installed_package_information.package_discovery:Found 374 installed packages in /opt/ros/jazzy
[0.222s] Level 1:colcon.colcon_core.package_discovery:discover_packages(prefix_path) using defaults
[0.260s] Level 5:colcon.colcon_core.verb:set package 'assignment1_rt' build argument 'cmake_args' from command line to 'None'
[0.261s] Level 5:colcon.colcon_core.verb:set package 'assignment1_rt' build argument 'cmake_target' from command line to 'None'
[0.261s] Level 5:colcon.colcon_core.verb:set package 'assignment1_rt' build argument 'cmake_target_skip_unavailable' from command line to 'False'
[0.261s] Level 5:colcon.colcon_core.verb:set package 'assignment1_rt' build argument 'cmake_clean_cache' from command line to 'False'
[0.261s] Level 5:colcon.colcon_core.verb:set package 'assignment1_rt' build argument 'cmake_clean_first' from command line to 'False'
[0.261s] Level 5:colcon.colcon_core.verb:set package 'assignment1_rt' build argument 'cmake_force_configure' from command line to 'False'
[0.261s] Level 5:colcon.colcon_core.verb:set package 'assignment1_rt' build argument 'ament_cmake_args' from command line to 'None'
[0.261s] Level 5:colcon.colcon_core.verb:set package 'assignment1_rt' build argument 'catkin_cmake_args' from command line to 'None'
[0.261s] Level 5:colcon.colcon_core.verb:set package 'assignment1_rt' build argument 'catkin_skip_building_tests' from command line to 'False'
[0.261s] DEBUG:colcon.colcon_core.verb:Building package 'assignment1_rt' with the following arguments: {'ament_cmake_args': None, 'build_base': '/home/basmala/ros2_ws/build/assignment1_rt', 'catkin_cmake_args': None, 'catkin_skip_building_tests': False, 'cmake_args': None, 'cmake_clean_cache': False, 'cmake_clean_first': False, 'cmake_force_configure': False, 'cmake_target': None, 'cmake_target_skip_unavailable': False, 'install_base': '/home/basmala/ros2_ws/install/assignment1_rt', 'merge_install': False, 'path': '/home/basmala/ros2_ws/assignment1_rt', 'symlink_install': False, 'test_result_base': None}
[0.261s] Level 5:colcon.colcon_core.verb:set package 'bme_gazebo_sensors' build argument 'cmake_args' from command line to 'None'
[0.261s] Level 5:colcon.colcon_core.verb:set package 'bme_gazebo_sensors' build argument 'cmake_target' from command line to 'None'
[0.261s] Level 5:colcon.colcon_core.verb:set package 'bme_gazebo_sensors' build argument 'cmake_target_skip_unavailable' from command line to 'False'
[0.261s] Level 5:colcon.colcon_core.verb:set package 'bme_gazebo_sensors' build argument 'cmake_clean_cache' from command line to 'False'
[0.261s] Level 5:colcon.colcon_core.verb:set package 'bme_gazebo_sensors' build argument 'cmake_clean_first' from command line to 'False'
[0.261s] Level 5:colcon.colcon_core.verb:set package 'bme_gazebo_sensors' build argument 'cmake_force_configure' from command line to 'False'
[0.261s] Level 5:colcon.colcon_core.verb:set package 'bme_gazebo_sensors' build argument 'ament_cmake_args' from command line to 'None'
[0.261s] Level 5:colcon.colcon_core.verb:set package 'bme_gazebo_sensors' build argument 'catkin_cmake_args' from command line to 'None'
[0.261s] Level 5:colcon.colcon_core.verb:set package 'bme_gazebo_sensors' build argument 'catkin_skip_building_tests' from command line to 'False'
[0.261s] DEBUG:colcon.colcon_core.verb:Building package 'bme_gazebo_sensors' with the following arguments: {'ament_cmake_args': None, 'build_base': '/home/basmala/ros2_ws/build/bme_gazebo_sensors', 'catkin_cmake_args': None, 'catkin_skip_building_tests': False, 'cmake_args': None, 'cmake_clean_cache': False, 'cmake_clean_first': False, 'cmake_force_configure': False, 'cmake_target': None, 'cmake_target_skip_unavailable': False, 'install_base': '/home/basmala/ros2_ws/install/bme_gazebo_sensors', 'merge_install': False, 'path': '/home/basmala/ros2_ws/src/bme_gazebo_sensors', 'symlink_install': False, 'test_result_base': None}
[0.261s] Level 5:colcon.colcon_core.verb:set package 'first_package_cpp' build argument 'cmake_args' from command line to 'None'
[0.261s] Level 5:colcon.colcon_core.verb:set package 'first_package_cpp' build argument 'cmake_target' from command line to 'None'
[0.261s] Level 5:colcon.colcon_core.verb:set package 'first_package_cpp' build argument 'cmake_target_skip_unavailable' from command line to 'False'
[0.261s] Level 5:colcon.colcon_core.verb:set package 'first_package_cpp' build argument 'cmake_clean_cache' from command line to 'False'
[0.261s] Level 5:colcon.colcon_core.verb:set package 'first_package_cpp' build argument 'cmake_clean_first' from command line to 'False'
[0.261s] Level 5:colcon.colcon_core.verb:set package 'first_package_cpp' build argument 'cmake_force_configure' from command line to 'False'
[0.261s] Level 5:colcon.colcon_core.verb:set package 'first_package_cpp' build argument 'ament_cmake_args' from command line to 'None'
[0.261s] Level 5:colcon.colcon_core.verb:set package 'first_package_cpp' build argument 'catkin_cmake_args' from command line to 'None'
[0.261s] Level 5:colcon.colcon_core.verb:set package 'first_package_cpp' build argument 'catkin_skip_building_tests' from command line to 'False'
[0.261s] DEBUG:colcon.colcon_core.verb:Building package 'first_package_cpp' with the following arguments: {'ament_cmake_args': None, 'build_base': '/home/basmala/ros2_ws/build/first_package_cpp', 'catkin_cmake_args': None, 'catkin_skip_building_tests': False, 'cmake_args': None, 'cmake_clean_cache': False, 'cmake_clean_first': False, 'cmake_force_configure': False, 'cmake_target': None, 'cmake_target_skip_unavailable': False, 'install_base': '/home/basmala/ros2_ws/install/first_package_cpp', 'merge_install': False, 'path': '/home/basmala/ros2_ws/first_package_cpp', 'symlink_install': False, 'test_result_base': None}
[0.262s] Level 5:colcon.colcon_core.verb:set package 'first_package_python' build argument 'cmake_args' from command line to 'None'
[0.262s] Level 5:colcon.colcon_core.verb:set package 'first_package_python' build argument 'cmake_target' from command line to 'None'
[0.262s] Level 5:colcon.colcon_core.verb:set package 'first_package_python' build argument 'cmake_target_skip_unavailable' from command line to 'False'
[0.262s] Level 5:colcon.colcon_core.verb:set package 'first_package_python' build argument 'cmake_clean_cache' from command line to 'False'
[0.262s] Level 5:colcon.colcon_core.verb:set package 'first_package_python' build argument 'cmake_clean_first' from command line to 'False'
[0.262s] Level 5:colcon.colcon_core.verb:set package 'first_package_python' build argument 'cmake_force_configure' from command line to 'False'
[0.262s] Level 5:colcon.colcon_core.verb:set package 'first_package_python' build argument 'ament_cmake_args' from command line to 'None'
[0.262s] Level 5:colcon.colcon_core.verb:set package 'first_package_python' build argument 'catkin_cmake_args' from command line to 'None'
[0.262s] Level 5:colcon.colcon_core.verb:set package 'first_package_python' build argument 'catkin_skip_building_tests' from command line to 'False'
[0.262s] DEBUG:colcon.colcon_core.verb:Building package 'first_package_python' with the following arguments: {'ament_cmake_args': None, 'build_base': '/home/basmala/ros2_ws/build/first_package_python', 'catkin_cmake_args': None, 'catkin_skip_building_tests': False, 'cmake_args': None, 'cmake_clean_cache': False, 'cmake_clean_first': False, 'cmake_force_configure': False, 'cmake_target': None, 'cmake_target_skip_unavailable': False, 'install_base': '/home/basmala/ros2_ws/install/first_package_python', 'merge_install': False, 'path': '/home/basmala/ros2_ws/first_package_python', 'symlink_install': False, 'test_result_base': None}
[0.262s] Level 5:colcon.colcon_core.verb:set package 'mecanum_drive_controller' build argument 'cmake_args' from command line to 'None'
[0.262s] Level 5:colcon.colcon_core.verb:set package 'mecanum_drive_controller' build argument 'cmake_target' from command line to 'None'
[0.262s] Level 5:colcon.colcon_core.verb:set package 'mecanum_drive_controller' build argument 'cmake_target_skip_unavailable' from command line to 'False'
[0.262s] Level 5:colcon.colcon_core.verb:set package 'mecanum_drive_controller' build argument 'cmake_clean_cache' from command line to 'False'
[0.262s] Level 5:colcon.colcon_core.verb:set package 'mecanum_drive_controller' build argument 'cmake_clean_first' from command line to 'False'
[0.262s] Level 5:colcon.colcon_core.verb:set package 'mecanum_drive_controller' build argument 'cmake_force_configure' from command line to 'False'
[0.262s] Level 5:colcon.colcon_core.verb:set package 'mecanum_drive_controller' build argument 'ament_cmake_args' from command line to 'None'
[0.262s] Level 5:colcon.colcon_core.verb:set package 'mecanum_drive_controller' build argument 'catkin_cmake_args' from command line to 'None'
[0.262s] Level 5:colcon.colcon_core.verb:set package 'mecanum_drive_controller' build argument 'catkin_skip_building_tests' from command line to 'False'
[0.262s] DEBUG:colcon.colcon_core.verb:Building package 'mecanum_drive_controller' with the following arguments: {'ament_cmake_args': None, 'build_base': '/home/basmala/ros2_ws/build/mecanum_drive_controller', 'catkin_cmake_args': None, 'catkin_skip_building_tests': False, 'cmake_args': None, 'cmake_clean_cache': False, 'cmake_clean_first': False, 'cmake_force_configure': False, 'cmake_target': None, 'cmake_target_skip_unavailable': False, 'install_base': '/home/basmala/ros2_ws/install/mecanum_drive_controller', 'merge_install': False, 'path': '/home/basmala/ros2_ws/src/yahboom_rosmaster/mecanum_drive_controller', 'symlink_install': False, 'test_result_base': None}
[0.262s] Level 5:colcon.colcon_core.verb:set package 'turtlesim_custom_msgs' build argument 'cmake_args' from command line to 'None'
[0.262s] Level 5:colcon.colcon_core.verb:set package 'turtlesim_custom_msgs' build argument 'cmake_target' from command line to 'None'
[0.262s] Level 5:colcon.colcon_core.verb:set package 'turtlesim_custom_msgs' build argument 'cmake_target_skip_unavailable' from command line to 'False'
[0.262s] Level 5:colcon.colcon_core.verb:set package 'turtlesim_custom_msgs' build argument 'cmake_clean_cache' from command line to 'False'
[0.262s] Level 5:colcon.colcon_core.verb:set package 'turtlesim_custom_msgs' build argument 'cmake_clean_first' from command line to 'False'
[0.262s] Level 5:colcon.colcon_core.verb:set package 'turtlesim_custom_msgs' build argument 'cmake_force_configure' from command line to 'False'
[0.262s] Level 5:colcon.colcon_core.verb:set package 'turtlesim_custom_msgs' build argument 'ament_cmake_args' from command line to 'None'
[0.262s] Level 5:colcon.colcon_core.verb:set package 'turtlesim_custom_msgs' build argument 'catkin_cmake_args' from command line to 'None'
[0.262s] Level 5:colcon.colcon_core.verb:set package 'turtlesim_custom_msgs' build argument 'catkin_skip_building_tests' from command line to 'False'
[0.262s] DEBUG:colcon.colcon_core.verb:Building package 'turtlesim_custom_msgs' with the following arguments: {'ament_cmake_args': None, 'build_base': '/home/basmala/ros2_ws/build/turtlesim_custom_msgs', 'catkin_cmake_args': None, 'catkin_skip_building_tests': False, 'cmake_args': None, 'cmake_clean_cache': False, 'cmake_clean_first': False, 'cmake_force_configure': False, 'cmake_target': None, 'cmake_target_skip_unavailable': False, 'install_base': '/home/basmala/ros2_ws/install/turtlesim_custom_msgs', 'merge_install': False, 'path': '/home/basmala/ros2_ws/turtlesim_custom_msgs', 'symlink_install': False, 'test_result_base': None}
[0.262s] Level 5:colcon.colcon_core.verb:set package 'yahboom_rosmaster_bringup' build argument 'cmake_args' from command line to 'None'
[0.262s] Level 5:colcon.colcon_core.verb:set package 'yahboom_rosmaster_bringup' build argument 'cmake_target' from command line to 'None'
[0.262s] Level 5:colcon.colcon_core.verb:set package 'yahboom_rosmaster_bringup' build argument 'cmake_target_skip_unavailable' from command line to 'False'
[0.262s] Level 5:colcon.colcon_core.verb:set package 'yahboom_rosmaster_bringup' build argument 'cmake_clean_cache' from command line to 'False'
[0.262s] Level 5:colcon.colcon_core.verb:set package 'yahboom_rosmaster_bringup' build argument 'cmake_clean_first' from command line to 'False'
[0.262s] Level 5:colcon.colcon_core.verb:set package 'yahboom_rosmaster_bringup' build argument 'cmake_force_configure' from command line to 'False'
[0.262s] Level 5:colcon.colcon_core.verb:set package 'yahboom_rosmaster_bringup' build argument 'ament_cmake_args' from command line to 'None'
[0.262s] Level 5:colcon.colcon_core.verb:set package 'yahboom_rosmaster_bringup' build argument 'catkin_cmake_args' from command line to 'None'
[0.262s] Level 5:colcon.colcon_core.verb:set package 'yahboom_rosmaster_bringup' build argument 'catkin_skip_building_tests' from command line to 'False'
[0.262s] DEBUG:colcon.colcon_core.verb:Building package 'yahboom_rosmaster_bringup' with the following arguments: {'ament_cmake_args': None, 'build_base': '/home/basmala/ros2_ws/build/yahboom_rosmaster_bringup', 'catkin_cmake_args': None, 'catkin_skip_building_tests': False, 'cmake_args': None, 'cmake_clean_cache': False, 'cmake_clean_first': False, 'cmake_force_configure': False, 'cmake_target': None, 'cmake_target_skip_unavailable': False, 'install_base': '/home/basmala/ros2_ws/install/yahboom_rosmaster_bringup', 'merge_install': False, 'path': '/home/basmala/ros2_ws/src/yahboom_rosmaster/yahboom_rosmaster_bringup', 'symlink_install': False, 'test_result_base': None}
[0.263s] Level 5:colcon.colcon_core.verb:set package 'yahboom_rosmaster_description' build argument 'cmake_args' from command line to 'None'
[0.263s] Level 5:colcon.colcon_core.verb:set package 'yahboom_rosmaster_description' build argument 'cmake_target' from command line to 'None'
[0.263s] Level 5:colcon.colcon_core.verb:set package 'yahboom_rosmaster_description' build argument 'cmake_target_skip_unavailable' from command line to 'False'
[0.263s] Level 5:colcon.colcon_core.verb:set package 'yahboom_rosmaster_description' build argument 'cmake_clean_cache' from command line to 'False'
[0.263s] Level 5:colcon.colcon_core.verb:set package 'yahboom_rosmaster_description' build argument 'cmake_clean_first' from command line to 'False'
[0.263s] Level 5:colcon.colcon_core.verb:set package 'yahboom_rosmaster_description' build argument 'cmake_force_configure' from command line to 'False'
[0.263s] Level 5:colcon.colcon_core.verb:set package 'yahboom_rosmaster_description' build argument 'ament_cmake_args' from command line to 'None'
[0.263s] Level 5:colcon.colcon_core.verb:set package 'yahboom_rosmaster_description' build argument 'catkin_cmake_args' from command line to 'None'
[0.263s] Level 5:colcon.colcon_core.verb:set package 'yahboom_rosmaster_description' build argument 'catkin_skip_building_tests' from command line to 'False'
[0.263s] DEBUG:colcon.colcon_core.verb:Building package 'yahboom_rosmaster_description' with the following arguments: {'ament_cmake_args': None, 'build_base': '/home/basmala/ros2_ws/build/yahboom_rosmaster_description', 'catkin_cmake_args': None, 'catkin_skip_building_tests': False, 'cmake_args': None, 'cmake_clean_cache': False, 'cmake_clean_first': False, 'cmake_force_configure': False, 'cmake_target': None, 'cmake_target_skip_unavailable': False, 'install_base': '/home/basmala/ros2_ws/install/yahboom_rosmaster_description', 'merge_install': False, 'path': '/home/basmala/ros2_ws/src/yahboom_rosmaster/yahboom_rosmaster_discription', 'symlink_install': False, 'test_result_base': None}
[0.263s] Level 5:colcon.colcon_core.verb:set package 'yahboom_rosmaster_gazebo' build argument 'cmake_args' from command line to 'None'
[0.263s] Level 5:colcon.colcon_core.verb:set package 'yahboom_rosmaster_gazebo' build argument 'cmake_target' from command line to 'None'
[0.263s] Level 5:colcon.colcon_core.verb:set package 'yahboom_rosmaster_gazebo' build argument 'cmake_target_skip_unavailable' from command line to 'False'
[0.263s] Level 5:colcon.colcon_core.verb:set package 'yahboom_rosmaster_gazebo' build argument 'cmake_clean_cache' from command line to 'False'
[0.263s] Level 5:colcon.colcon_core.verb:set package 'yahboom_rosmaster_gazebo' build argument 'cmake_clean_first' from command line to 'False'
[0.263s] Level 5:colcon.colcon_core.verb:set package 'yahboom_rosmaster_gazebo' build argument 'cmake_force_configure' from command line to 'False'
[0.263s] Level 5:colcon.colcon_core.verb:set package 'yahboom_rosmaster_gazebo' build argument 'ament_cmake_args' from command line to 'None'
[0.263s] Level 5:colcon.colcon_core.verb:set package 'yahboom_rosmaster_gazebo' build argument 'catkin_cmake_args' from command line to 'None'
[0.263s] Level 5:colcon.colcon_core.verb:set package 'yahboom_rosmaster_gazebo' build argument 'catkin_skip_building_tests' from command line to 'False'
[0.263s] DEBUG:colcon.colcon_core.verb:Building package 'yahboom_rosmaster_gazebo' with the following arguments: {'ament_cmake_args': None, 'build_base': '/home/basmala/ros2_ws/build/yahboom_rosmaster_gazebo', 'catkin_cmake_args': None, 'catkin_skip_building_tests': False, 'cmake_args': None, 'cmake_clean_cache': False, 'cmake_clean_first': False, 'cmake_force_configure': False, 'cmake_target': None, 'cmake_target_skip_unavailable': False, 'install_base': '/home/basmala/ros2_ws/install/yahboom_rosmaster_gazebo', 'merge_install': False, 'path': '/home/basmala/ros2_ws/src/yahboom_rosmaster/yahboom_rosmaster_gazebo', 'symlink_install': False, 'test_result_base': None}
[0.263s] Level 5:colcon.colcon_core.verb:set package 'yahboom_rosmaster_system_tests' build argument 'cmake_args' from command line to 'None'
[0.263s] Level 5:colcon.colcon_core.verb:set package 'yahboom_rosmaster_system_tests' build argument 'cmake_target' from command line to 'None'
[0.263s] Level 5:colcon.colcon_core.verb:set package 'yahboom_rosmaster_system_tests' build argument 'cmake_target_skip_unavailable' from command line to 'False'
[0.263s] Level 5:colcon.colcon_core.verb:set package 'yahboom_rosmaster_system_tests' build argument 'cmake_clean_cache' from command line to 'False'
[0.263s] Level 5:colcon.colcon_core.verb:set package 'yahboom_rosmaster_system_tests' build argument 'cmake_clean_first' from command line to 'False'
[0.263s] Level 5:colcon.colcon_core.verb:set package 'yahboom_rosmaster_system_tests' build argument 'cmake_force_configure' from command line to 'False'
[0.263s] Level 5:colcon.colcon_core.verb:set package 'yahboom_rosmaster_system_tests' build argument 'ament_cmake_args' from command line to 'None'
[0.263s] Level 5:colcon.colcon_core.verb:set package 'yahboom_rosmaster_system_tests' build argument 'catkin_cmake_args' from command line to 'None'
[0.263s] Level 5:colcon.colcon_core.verb:set package 'yahboom_rosmaster_system_tests' build argument 'catkin_skip_building_tests' from command line to 'False'
[0.263s] DEBUG:colcon.colcon_core.verb:Building package 'yahboom_rosmaster_system_tests' with the following arguments: {'ament_cmake_args': None, 'build_base': '/home/basmala/ros2_ws/build/yahboom_rosmaster_system_tests', 'catkin_cmake_args': None, 'catkin_skip_building_tests': False, 'cmake_args': None, 'cmake_clean_cache': False, 'cmake_clean_first': False, 'cmake_force_configure': False, 'cmake_target': None, 'cmake_target_skip_unavailable': False, 'install_base': '/home/basmala/ros2_ws/install/yahboom_rosmaster_system_tests', 'merge_install': False, 'path': '/home/basmala/ros2_ws/src/yahboom_rosmaster/yahboom_rosmaster_system_tests', 'symlink_install': False, 'test_result_base': None}
[0.263s] Level 5:colcon.colcon_core.verb:set package 'turtlesim_controller' build argument 'cmake_args' from command line to 'None'
[0.263s] Level 5:colcon.colcon_core.verb:set package 'turtlesim_controller' build argument 'cmake_target' from command line to 'None'
[0.263s] Level 5:colcon.colcon_core.verb:set package 'turtlesim_controller' build argument 'cmake_target_skip_unavailable' from command line to 'False'
[0.263s] Level 5:colcon.colcon_core.verb:set package 'turtlesim_controller' build argument 'cmake_clean_cache' from command line to 'False'
[0.263s] Level 5:colcon.colcon_core.verb:set package 'turtlesim_controller' build argument 'cmake_clean_first' from command line to 'False'
[0.263s] Level 5:colcon.colcon_core.verb:set package 'turtlesim_controller' build argument 'cmake_force_configure' from command line to 'False'
[0.263s] Level 5:colcon.colcon_core.verb:set package 'turtlesim_controller' build argument 'ament_cmake_args' from command line to 'None'
[0.263s] Level 5:colcon.colcon_core.verb:set package 'turtlesim_controller' build argument 'catkin_cmake_args' from command line to 'None'
[0.263s] Level 5:colcon.colcon_core.verb:set package 'turtlesim_controller' build argument 'catkin_skip_building_tests' from command line to 'False'
[0.263s] DEBUG:colcon.colcon_core.verb:Building package 'turtlesim_controller' with the following arguments: {'ament_cmake_args': None, 'build_base': '/home/basmala/ros2_ws/build/turtlesim_controller', 'catkin_cmake_args': None, 'catkin_skip_building_tests': False, 'cmake_args': None, 'cmake_clean_cache': False, 'cmake_clean_first': False, 'cmake_force_configure': False, 'cmake_target': None, 'cmake_target_skip_unavailable': False, 'install_base': '/home/basmala/ros2_ws/install/turtlesim_controller', 'merge_install': False, 'path': '/home/basmala/ros2_ws/turtlesim_controller', 'symlink_install': False, 'test_result_base': None}
[0.264s] Level 5:colcon.colcon_core.verb:set package 'yahboom_rosmaster' build argument 'cmake_args' from command line to 'None'
[0.264s] Level 5:colcon.colcon_core.verb:set package 'yahboom_rosmaster' build argument 'cmake_target' from command line to 'None'
[0.264s] Level 5:colcon.colcon_core.verb:set package 'yahboom_rosmaster' build argument 'cmake_target_skip_unavailable' from command line to 'False'
[0.264s] Level 5:colcon.colcon_core.verb:set package 'yahboom_rosmaster' build argument 'cmake_clean_cache' from command line to 'False'
[0.264s] Level 5:colcon.colcon_core.verb:set package 'yahboom_rosmaster' build argument 'cmake_clean_first' from command line to 'False'
[0.264s] Level 5:colcon.colcon_core.verb:set package 'yahboom_rosmaster' build argument 'cmake_force_configure' from command line to 'False'
[0.264s] Level 5:colcon.colcon_core.verb:set package 'yahboom_rosmaster' build argument 'ament_cmake_args' from command line to 'None'
[0.264s] Level 5:colcon.colcon_core.verb:set package 'yahboom_rosmaster' build argument 'catkin_cmake_args' from command line to 'None'
[0.264s] Level 5:colcon.colcon_core.verb:set package 'yahboom_rosmaster' build argument 'catkin_skip_building_tests' from command line to 'False'
[0.264s] DEBUG:colcon.colcon_core.verb:Building package 'yahboom_rosmaster' with the following arguments: {'ament_cmake_args': None, 'build_base': '/home/basmala/ros2_ws/build/yahboom_rosmaster', 'catkin_cmake_args': None, 'catkin_skip_building_tests': False, 'cmake_args': None, 'cmake_clean_cache': False, 'cmake_clean_first': False, 'cmake_force_configure': False, 'cmake_target': None, 'cmake_target_skip_unavailable': False, 'install_base': '/home/basmala/ros2_ws/install/yahboom_rosmaster', 'merge_install': False, 'path': '/home/basmala/ros2_ws/src/yahboom_rosmaster/yahboom_rosmaster', 'symlink_install': False, 'test_result_base': None}
[0.264s] INFO:colcon.colcon_core.executor:Executing jobs using 'parallel' executor
[0.265s] DEBUG:colcon.colcon_parallel_executor.executor.parallel:run_until_complete
[0.265s] INFO:colcon.colcon_ros.task.ament_cmake.build:Building ROS package in '/home/basmala/ros2_ws/turtlesim_custom_msgs' with build type 'ament_cmake'
[0.265s] INFO:colcon.colcon_cmake.task.cmake.build:Building CMake package in '/home/basmala/ros2_ws/turtlesim_custom_msgs'
[0.267s] INFO:colcon.colcon_core.plugin_system:Skipping extension 'colcon_core.shell.bat': Not used on non-Windows systems
[0.267s] INFO:colcon.colcon_core.shell:Skip shell extension 'powershell' for command environment: Not usable outside of PowerShell
[0.268s] DEBUG:colcon.colcon_core.shell:Skip shell extension 'dsv' for command environment
[0.271s] INFO:colcon.colcon_ros.task.ament_cmake.build:Building ROS package in '/home/basmala/ros2_ws/src/yahboom_rosmaster/yahboom_rosmaster_bringup' with build type 'ament_cmake'
[0.271s] INFO:colcon.colcon_cmake.task.cmake.build:Building CMake package in '/home/basmala/ros2_ws/src/yahboom_rosmaster/yahboom_rosmaster_bringup'
[0.271s] INFO:colcon.colcon_core.shell:Skip shell extension 'powershell' for command environment: Not usable outside of PowerShell
[0.271s] DEBUG:colcon.colcon_core.shell:Skip shell extension 'dsv' for command environment
[0.274s] INFO:colcon.colcon_ros.task.ament_cmake.build:Building ROS package in '/home/basmala/ros2_ws/src/yahboom_rosmaster/yahboom_rosmaster_discription' with build type 'ament_cmake'
[0.274s] INFO:colcon.colcon_cmake.task.cmake.build:Building CMake package in '/home/basmala/ros2_ws/src/yahboom_rosmaster/yahboom_rosmaster_discription'
[0.274s] INFO:colcon.colcon_core.shell:Skip shell extension 'powershell' for command environment: Not usable outside of PowerShell
[0.275s] DEBUG:colcon.colcon_core.shell:Skip shell extension 'dsv' for command environment
[0.278s] INFO:colcon.colcon_ros.task.ament_cmake.build:Building ROS package in '/home/basmala/ros2_ws/src/yahboom_rosmaster/yahboom_rosmaster_gazebo' with build type 'ament_cmake'
[0.278s] INFO:colcon.colcon_cmake.task.cmake.build:Building CMake package in '/home/basmala/ros2_ws/src/yahboom_rosmaster/yahboom_rosmaster_gazebo'
[0.278s] INFO:colcon.colcon_core.shell:Skip shell extension 'powershell' for command environment: Not usable outside of PowerShell
[0.278s] DEBUG:colcon.colcon_core.shell:Skip shell extension 'dsv' for command environment
[0.285s] INFO:colcon.colcon_ros.task.ament_cmake.build:Building ROS package in '/home/basmala/ros2_ws/src/yahboom_rosmaster/yahboom_rosmaster_system_tests' with build type 'ament_cmake'
[0.285s] INFO:colcon.colcon_cmake.task.cmake.build:Building CMake package in '/home/basmala/ros2_ws/src/yahboom_rosmaster/yahboom_rosmaster_system_tests'
[0.285s] INFO:colcon.colcon_core.shell:Skip shell extension 'powershell' for command environment: Not usable outside of PowerShell
[0.285s] DEBUG:colcon.colcon_core.shell:Skip shell extension 'dsv' for command environment
[0.290s] INFO:colcon.colcon_ros.task.ament_cmake.build:Building ROS package in '/home/basmala/ros2_ws/assignment1_rt' with build type 'ament_cmake'
[0.291s] INFO:colcon.colcon_cmake.task.cmake.build:Building CMake package in '/home/basmala/ros2_ws/assignment1_rt'
[0.291s] INFO:colcon.colcon_core.shell:Skip shell extension 'powershell' for command environment: Not usable outside of PowerShell
[0.291s] DEBUG:colcon.colcon_core.shell:Skip shell extension 'dsv' for command environment
[0.298s] INFO:colcon.colcon_ros.task.ament_cmake.build:Building ROS package in '/home/basmala/ros2_ws/src/bme_gazebo_sensors' with build type 'ament_cmake'
[0.298s] INFO:colcon.colcon_cmake.task.cmake.build:Building CMake package in '/home/basmala/ros2_ws/src/bme_gazebo_sensors'
[0.298s] INFO:colcon.colcon_core.shell:Skip shell extension 'powershell' for command environment: Not usable outside of PowerShell
[0.299s] DEBUG:colcon.colcon_core.shell:Skip shell extension 'dsv' for command environment
[0.305s] INFO:colcon.colcon_ros.task.ament_cmake.build:Building ROS package in '/home/basmala/ros2_ws/first_package_cpp' with build type 'ament_cmake'
[0.305s] INFO:colcon.colcon_cmake.task.cmake.build:Building CMake package in '/home/basmala/ros2_ws/first_package_cpp'
[0.306s] INFO:colcon.colcon_core.shell:Skip shell extension 'powershell' for command environment: Not usable outside of PowerShell
[0.306s] DEBUG:colcon.colcon_core.shell:Skip shell extension 'dsv' for command environment
[0.313s] INFO:colcon.colcon_ros.task.ament_python.build:Building ROS package in '/home/basmala/ros2_ws/first_package_python' with build type 'ament_python'
[0.313s] Level 1:colcon.colcon_core.shell:create_environment_hook('first_package_python', 'ament_prefix_path')
[0.313s] INFO:colcon.colcon_core.shell:Creating environment hook '/home/basmala/ros2_ws/install/first_package_python/share/first_package_python/hook/ament_prefix_path.ps1'
[0.314s] INFO:colcon.colcon_core.shell:Creating environment descriptor '/home/basmala/ros2_ws/install/first_package_python/share/first_package_python/hook/ament_prefix_path.dsv'
[0.315s] INFO:colcon.colcon_core.shell:Creating environment hook '/home/basmala/ros2_ws/install/first_package_python/share/first_package_python/hook/ament_prefix_path.sh'
[0.316s] INFO:colcon.colcon_core.shell:Skip shell extension 'powershell' for command environment: Not usable outside of PowerShell
[0.316s] DEBUG:colcon.colcon_core.shell:Skip shell extension 'dsv' for command environment
[0.323s] INFO:colcon.colcon_ros.task.ament_cmake.build:Building ROS package in '/home/basmala/ros2_ws/src/yahboom_rosmaster/mecanum_drive_controller' with build type 'ament_cmake'
[0.323s] INFO:colcon.colcon_cmake.task.cmake.build:Building CMake package in '/home/basmala/ros2_ws/src/yahboom_rosmaster/mecanum_drive_controller'
[0.324s] INFO:colcon.colcon_core.shell:Skip shell extension 'powershell' for command environment: Not usable outside of PowerShell
[0.324s] DEBUG:colcon.colcon_core.shell:Skip shell extension 'dsv' for command environment
[0.340s] DEBUG:colcon.colcon_core.event_handler.log_command:Invoking command in '/home/basmala/ros2_ws/build/turtlesim_custom_msgs': CMAKE_PREFIX_PATH=${CMAKE_PREFIX_PATH}:/home/basmala/ros2_ws/install/first_package_python:/opt/ros/jazzy DEBUGINFOD_URLS=https://debuginfod.ubuntu.com /usr/bin/cmake --build /home/basmala/ros2_ws/build/turtlesim_custom_msgs -- -j20 -l20
[0.345s] DEBUG:colcon.colcon_core.event_handler.log_command:Invoking command in '/home/basmala/ros2_ws/build/yahboom_rosmaster_bringup': CMAKE_PREFIX_PATH=${CMAKE_PREFIX_PATH}:/home/basmala/ros2_ws/install/first_package_python:/opt/ros/jazzy DEBUGINFOD_URLS=https://debuginfod.ubuntu.com /usr/bin/cmake --build /home/basmala/ros2_ws/build/yahboom_rosmaster_bringup -- -j20 -l20
[0.348s] DEBUG:colcon.colcon_core.event_handler.log_command:Invoking command in '/home/basmala/ros2_ws/build/yahboom_rosmaster_description': CMAKE_PREFIX_PATH=${CMAKE_PREFIX_PATH}:/home/basmala/ros2_ws/install/first_package_python:/opt/ros/jazzy DEBUGINFOD_URLS=https://debuginfod.ubuntu.com /usr/bin/cmake /home/basmala/ros2_ws/src/yahboom_rosmaster/yahboom_rosmaster_discription -DCMAKE_INSTALL_PREFIX=/home/basmala/ros2_ws/install/yahboom_rosmaster_description
[0.355s] DEBUG:colcon.colcon_core.event_handler.log_command:Invoking command in '/home/basmala/ros2_ws/build/yahboom_rosmaster_gazebo': CMAKE_PREFIX_PATH=${CMAKE_PREFIX_PATH}:/home/basmala/ros2_ws/install/first_package_python:/opt/ros/jazzy DEBUGINFOD_URLS=https://debuginfod.ubuntu.com /usr/bin/cmake --build /home/basmala/ros2_ws/build/yahboom_rosmaster_gazebo -- -j20 -l20
[0.361s] DEBUG:colcon.colcon_core.event_handler.log_command:Invoking command in '/home/basmala/ros2_ws/build/yahboom_rosmaster_system_tests': CMAKE_PREFIX_PATH=${CMAKE_PREFIX_PATH}:/home/basmala/ros2_ws/install/first_package_python:/opt/ros/jazzy DEBUGINFOD_URLS=https://debuginfod.ubuntu.com /usr/bin/cmake --build /home/basmala/ros2_ws/build/yahboom_rosmaster_system_tests -- -j20 -l20
[0.367s] DEBUG:colcon.colcon_core.event_handler.log_command:Invoking command in '/home/basmala/ros2_ws/build/assignment1_rt': CMAKE_PREFIX_PATH=${CMAKE_PREFIX_PATH}:/home/basmala/ros2_ws/install/first_package_python:/opt/ros/jazzy DEBUGINFOD_URLS=https://debuginfod.ubuntu.com /usr/bin/cmake --build /home/basmala/ros2_ws/build/assignment1_rt -- -j20 -l20
[0.374s] DEBUG:colcon.colcon_core.event_handler.log_command:Invoking command in '/home/basmala/ros2_ws/build/bme_gazebo_sensors': CMAKE_PREFIX_PATH=${CMAKE_PREFIX_PATH}:/home/basmala/ros2_ws/install/first_package_python:/opt/ros/jazzy DEBUGINFOD_URLS=https://debuginfod.ubuntu.com /usr/bin/cmake --build /home/basmala/ros2_ws/build/bme_gazebo_sensors -- -j20 -l20
[0.383s] DEBUG:colcon.colcon_core.event_handler.log_command:Invoking command in '/home/basmala/ros2_ws/build/first_package_cpp': CMAKE_PREFIX_PATH=${CMAKE_PREFIX_PATH}:/home/basmala/ros2_ws/install/first_package_python:/opt/ros/jazzy DEBUGINFOD_URLS=https://debuginfod.ubuntu.com /usr/bin/cmake --build /home/basmala/ros2_ws/build/first_package_cpp -- -j20 -l20
[0.732s] INFO:colcon.colcon_core.task.python.build:Building Python package in '/home/basmala/ros2_ws/first_package_python'
[0.732s] INFO:colcon.colcon_core.shell:Skip shell extension 'powershell' for command environment: Not usable outside of PowerShell
[0.732s] DEBUG:colcon.colcon_core.shell:Skip shell extension 'dsv' for command environment
[0.751s] DEBUG:colcon.colcon_core.event_handler.log_command:Invoking command in '/home/basmala/ros2_ws/build/mecanum_drive_controller': CMAKE_PREFIX_PATH=${CMAKE_PREFIX_PATH}:/home/basmala/ros2_ws/install/first_package_python:/opt/ros/jazzy DEBUGINFOD_URLS=https://debuginfod.ubuntu.com /usr/bin/cmake --build /home/basmala/ros2_ws/build/mecanum_drive_controller -- -j20 -l20
[0.752s] DEBUG:colcon.colcon_core.event_handler.log_command:Invoked command in '/home/basmala/ros2_ws/build/yahboom_rosmaster_bringup' returned '0': CMAKE_PREFIX_PATH=${CMAKE_PREFIX_PATH}:/home/basmala/ros2_ws/install/first_package_python:/opt/ros/jazzy DEBUGINFOD_URLS=https://debuginfod.ubuntu.com /usr/bin/cmake --build /home/basmala/ros2_ws/build/yahboom_rosmaster_bringup -- -j20 -l20
[0.767s] DEBUG:colcon.colcon_core.event_handler.log_command:Invoking command in '/home/basmala/ros2_ws/build/yahboom_rosmaster_bringup': CMAKE_PREFIX_PATH=${CMAKE_PREFIX_PATH}:/home/basmala/ros2_ws/install/first_package_python:/opt/ros/jazzy DEBUGINFOD_URLS=https://debuginfod.ubuntu.com /usr/bin/cmake --install /home/basmala/ros2_ws/build/yahboom_rosmaster_bringup
[0.769s] DEBUG:colcon.colcon_core.event_handler.log_command:Invoked command in '/home/basmala/ros2_ws/build/yahboom_rosmaster_gazebo' returned '0': CMAKE_PREFIX_PATH=${CMAKE_PREFIX_PATH}:/home/basmala/ros2_ws/install/first_package_python:/opt/ros/jazzy DEBUGINFOD_URLS=https://debuginfod.ubuntu.com /usr/bin/cmake --build /home/basmala/ros2_ws/build/yahboom_rosmaster_gazebo -- -j20 -l20
[0.771s] DEBUG:colcon.colcon_core.event_handler.log_command:Invoking command in '/home/basmala/ros2_ws/build/yahboom_rosmaster_gazebo': CMAKE_PREFIX_PATH=${CMAKE_PREFIX_PATH}:/home/basmala/ros2_ws/install/first_package_python:/opt/ros/jazzy DEBUGINFOD_URLS=https://debuginfod.ubuntu.com /usr/bin/cmake --install /home/basmala/ros2_ws/build/yahboom_rosmaster_gazebo
[0.771s] DEBUG:colcon.colcon_core.event_handler.log_command:Invoked command in '/home/basmala/ros2_ws/build/yahboom_rosmaster_system_tests' returned '0': CMAKE_PREFIX_PATH=${CMAKE_PREFIX_PATH}:/home/basmala/ros2_ws/install/first_package_python:/opt/ros/jazzy DEBUGINFOD_URLS=https://debuginfod.ubuntu.com /usr/bin/cmake --build /home/basmala/ros2_ws/build/yahboom_rosmaster_system_tests -- -j20 -l20
[0.773s] DEBUG:colcon.colcon_core.event_handler.log_command:Invoking command in '/home/basmala/ros2_ws/build/yahboom_rosmaster_system_tests': CMAKE_PREFIX_PATH=${CMAKE_PREFIX_PATH}:/home/basmala/ros2_ws/install/first_package_python:/opt/ros/jazzy DEBUGINFOD_URLS=https://debuginfod.ubuntu.com /usr/bin/cmake --install /home/basmala/ros2_ws/build/yahboom_rosmaster_system_tests
[0.775s] DEBUG:colcon.colcon_core.event_handler.log_command:Invoked command in '/home/basmala/ros2_ws/build/bme_gazebo_sensors' returned '0': CMAKE_PREFIX_PATH=${CMAKE_PREFIX_PATH}:/home/basmala/ros2_ws/install/first_package_python:/opt/ros/jazzy DEBUGINFOD_URLS=https://debuginfod.ubuntu.com /usr/bin/cmake --build /home/basmala/ros2_ws/build/bme_gazebo_sensors -- -j20 -l20
[0.778s] DEBUG:colcon.colcon_core.event_handler.log_command:Invoking command in '/home/basmala/ros2_ws/build/bme_gazebo_sensors': CMAKE_PREFIX_PATH=${CMAKE_PREFIX_PATH}:/home/basmala/ros2_ws/install/first_package_python:/opt/ros/jazzy DEBUGINFOD_URLS=https://debuginfod.ubuntu.com /usr/bin/cmake --install /home/basmala/ros2_ws/build/bme_gazebo_sensors
[0.797s] Level 1:colcon.colcon_core.environment:create_environment_scripts_only(yahboom_rosmaster_bringup)
[0.814s] DEBUG:colcon.colcon_core.event_handler.log_command:Invoked command in '/home/basmala/ros2_ws/build/yahboom_rosmaster_bringup' returned '0': CMAKE_PREFIX_PATH=${CMAKE_PREFIX_PATH}:/home/basmala/ros2_ws/install/first_package_python:/opt/ros/jazzy DEBUGINFOD_URLS=https://debuginfod.ubuntu.com /usr/bin/cmake --install /home/basmala/ros2_ws/build/yahboom_rosmaster_bringup
[0.814s] Level 1:colcon.colcon_core.environment:checking '/home/basmala/ros2_ws/install/yahboom_rosmaster_bringup' for CMake module files
[0.819s] Level 1:colcon.colcon_core.environment:checking '/home/basmala/ros2_ws/install/yahboom_rosmaster_bringup' for CMake config files
[0.832s] Level 1:colcon.colcon_core.shell:create_environment_hook('yahboom_rosmaster_bringup', 'cmake_prefix_path')
[0.832s] INFO:colcon.colcon_core.shell:Creating environment hook '/home/basmala/ros2_ws/install/yahboom_rosmaster_bringup/share/yahboom_rosmaster_bringup/hook/cmake_prefix_path.ps1'
[0.833s] INFO:colcon.colcon_core.shell:Creating environment descriptor '/home/basmala/ros2_ws/install/yahboom_rosmaster_bringup/share/yahboom_rosmaster_bringup/hook/cmake_prefix_path.dsv'
[0.833s] INFO:colcon.colcon_core.shell:Creating environment hook '/home/basmala/ros2_ws/install/yahboom_rosmaster_bringup/share/yahboom_rosmaster_bringup/hook/cmake_prefix_path.sh'
[0.834s] Level 1:colcon.colcon_core.environment:checking '/home/basmala/ros2_ws/install/yahboom_rosmaster_bringup/bin'
[0.835s] Level 1:colcon.colcon_core.environment:checking '/home/basmala/ros2_ws/install/yahboom_rosmaster_bringup/lib/pkgconfig/yahboom_rosmaster_bringup.pc'
[0.835s] Level 1:colcon.colcon_core.environment:checking '/home/basmala/ros2_ws/install/yahboom_rosmaster_bringup/lib/python3.12/site-packages'
[0.836s] Level 1:colcon.colcon_core.environment:checking '/home/basmala/ros2_ws/install/yahboom_rosmaster_bringup/bin'
[0.836s] INFO:colcon.colcon_core.shell:Creating package script '/home/basmala/ros2_ws/install/yahboom_rosmaster_bringup/share/yahboom_rosmaster_bringup/package.ps1'
[0.838s] INFO:colcon.colcon_core.shell:Creating package descriptor '/home/basmala/ros2_ws/install/yahboom_rosmaster_bringup/share/yahboom_rosmaster_bringup/package.dsv'
[0.839s] INFO:colcon.colcon_core.shell:Creating package script '/home/basmala/ros2_ws/install/yahboom_rosmaster_bringup/share/yahboom_rosmaster_bringup/package.sh'
[0.841s] INFO:colcon.colcon_core.shell:Creating package script '/home/basmala/ros2_ws/install/yahboom_rosmaster_bringup/share/yahboom_rosmaster_bringup/package.bash'
[0.842s] INFO:colcon.colcon_core.shell:Creating package script '/home/basmala/ros2_ws/install/yahboom_rosmaster_bringup/share/yahboom_rosmaster_bringup/package.zsh'
[0.843s] Level 1:colcon.colcon_core.environment:create_file_with_runtime_dependencies(/home/basmala/ros2_ws/install/yahboom_rosmaster_bringup/share/colcon-core/packages/yahboom_rosmaster_bringup)
[0.846s] Level 1:colcon.colcon_core.environment:create_environment_scripts_only(yahboom_rosmaster_bringup)
[0.846s] Level 1:colcon.colcon_core.environment:checking '/home/basmala/ros2_ws/install/yahboom_rosmaster_bringup' for CMake module files
[0.849s] Level 1:colcon.colcon_core.environment:checking '/home/basmala/ros2_ws/install/yahboom_rosmaster_bringup' for CMake config files
[0.851s] Level 1:colcon.colcon_core.shell:create_environment_hook('yahboom_rosmaster_bringup', 'cmake_prefix_path')
[0.852s] INFO:colcon.colcon_core.shell:Creating environment hook '/home/basmala/ros2_ws/install/yahboom_rosmaster_bringup/share/yahboom_rosmaster_bringup/hook/cmake_prefix_path.ps1'
[0.853s] INFO:colcon.colcon_core.shell:Creating environment descriptor '/home/basmala/ros2_ws/install/yahboom_rosmaster_bringup/share/yahboom_rosmaster_bringup/hook/cmake_prefix_path.dsv'
[0.854s] INFO:colcon.colcon_core.shell:Creating environment hook '/home/basmala/ros2_ws/install/yahboom_rosmaster_bringup/share/yahboom_rosmaster_bringup/hook/cmake_prefix_path.sh'
[0.855s] Level 1:colcon.colcon_core.environment:checking '/home/basmala/ros2_ws/install/yahboom_rosmaster_bringup/bin'
[0.855s] Level 1:colcon.colcon_core.environment:checking '/home/basmala/ros2_ws/install/yahboom_rosmaster_bringup/lib/pkgconfig/yahboom_rosmaster_bringup.pc'
[0.855s] Level 1:colcon.colcon_core.environment:checking '/home/basmala/ros2_ws/install/yahboom_rosmaster_bringup/lib/python3.12/site-packages'
[0.856s] Level 1:colcon.colcon_core.environment:checking '/home/basmala/ros2_ws/install/yahboom_rosmaster_bringup/bin'
[0.857s] INFO:colcon.colcon_core.shell:Creating package script '/home/basmala/ros2_ws/install/yahboom_rosmaster_bringup/share/yahboom_rosmaster_bringup/package.ps1'
[0.858s] INFO:colcon.colcon_core.shell:Creating package descriptor '/home/basmala/ros2_ws/install/yahboom_rosmaster_bringup/share/yahboom_rosmaster_bringup/package.dsv'
[0.859s] INFO:colcon.colcon_core.shell:Creating package script '/home/basmala/ros2_ws/install/yahboom_rosmaster_bringup/share/yahboom_rosmaster_bringup/package.sh'
[0.860s] INFO:colcon.colcon_core.shell:Creating package script '/home/basmala/ros2_ws/install/yahboom_rosmaster_bringup/share/yahboom_rosmaster_bringup/package.bash'
[0.861s] INFO:colcon.colcon_core.shell:Creating package script '/home/basmala/ros2_ws/install/yahboom_rosmaster_bringup/share/yahboom_rosmaster_bringup/package.zsh'
[0.865s] Level 1:colcon.colcon_core.environment:create_file_with_runtime_dependencies(/home/basmala/ros2_ws/install/yahboom_rosmaster_bringup/share/colcon-core/packages/yahboom_rosmaster_bringup)
[0.871s] Level 1:colcon.colcon_core.environment:create_environment_scripts_only(yahboom_rosmaster_system_tests)
[0.871s] Level 1:colcon.colcon_core.environment:checking '/home/basmala/ros2_ws/install/yahboom_rosmaster_system_tests' for CMake module files
[0.873s] DEBUG:colcon.colcon_core.event_handler.log_command:Invoked command in '/home/basmala/ros2_ws/build/yahboom_rosmaster_system_tests' returned '0': CMAKE_PREFIX_PATH=${CMAKE_PREFIX_PATH}:/home/basmala/ros2_ws/install/first_package_python:/opt/ros/jazzy DEBUGINFOD_URLS=https://debuginfod.ubuntu.com /usr/bin/cmake --install /home/basmala/ros2_ws/build/yahboom_rosmaster_system_tests
[0.874s] Level 1:colcon.colcon_core.environment:checking '/home/basmala/ros2_ws/install/yahboom_rosmaster_system_tests' for CMake config files
[0.874s] Level 1:colcon.colcon_core.shell:create_environment_hook('yahboom_rosmaster_system_tests', 'cmake_prefix_path')
[0.874s] INFO:colcon.colcon_core.shell:Creating environment hook '/home/basmala/ros2_ws/install/yahboom_rosmaster_system_tests/share/yahboom_rosmaster_system_tests/hook/cmake_prefix_path.ps1'
[0.875s] INFO:colcon.colcon_core.shell:Creating environment descriptor '/home/basmala/ros2_ws/install/yahboom_rosmaster_system_tests/share/yahboom_rosmaster_system_tests/hook/cmake_prefix_path.dsv'
[0.876s] INFO:colcon.colcon_core.shell:Creating environment hook '/home/basmala/ros2_ws/install/yahboom_rosmaster_system_tests/share/yahboom_rosmaster_system_tests/hook/cmake_prefix_path.sh'
[0.877s] Level 1:colcon.colcon_core.environment:checking '/home/basmala/ros2_ws/install/yahboom_rosmaster_system_tests/bin'
[0.877s] Level 1:colcon.colcon_core.environment:checking '/home/basmala/ros2_ws/install/yahboom_rosmaster_system_tests/lib/pkgconfig/yahboom_rosmaster_system_tests.pc'
[0.877s] Level 1:colcon.colcon_core.environment:checking '/home/basmala/ros2_ws/install/yahboom_rosmaster_system_tests/lib/python3.12/site-packages'
[0.878s] Level 1:colcon.colcon_core.environment:checking '/home/basmala/ros2_ws/install/yahboom_rosmaster_system_tests/bin'
[0.878s] INFO:colcon.colcon_core.shell:Creating package script '/home/basmala/ros2_ws/install/yahboom_rosmaster_system_tests/share/yahboom_rosmaster_system_tests/package.ps1'
[0.880s] INFO:colcon.colcon_core.shell:Creating package descriptor '/home/basmala/ros2_ws/install/yahboom_rosmaster_system_tests/share/yahboom_rosmaster_system_tests/package.dsv'
[0.881s] INFO:colcon.colcon_core.shell:Creating package script '/home/basmala/ros2_ws/install/yahboom_rosmaster_system_tests/share/yahboom_rosmaster_system_tests/package.sh'
[0.881s] INFO:colcon.colcon_core.shell:Creating package script '/home/basmala/ros2_ws/install/yahboom_rosmaster_system_tests/share/yahboom_rosmaster_system_tests/package.bash'
[0.882s] INFO:colcon.colcon_core.shell:Creating package script '/home/basmala/ros2_ws/install/yahboom_rosmaster_system_tests/share/yahboom_rosmaster_system_tests/package.zsh'
[0.882s] Level 1:colcon.colcon_core.environment:create_file_with_runtime_dependencies(/home/basmala/ros2_ws/install/yahboom_rosmaster_system_tests/share/colcon-core/packages/yahboom_rosmaster_system_tests)
[0.883s] Level 1:colcon.colcon_core.environment:create_environment_scripts_only(yahboom_rosmaster_system_tests)
[0.883s] Level 1:colcon.colcon_core.environment:checking '/home/basmala/ros2_ws/install/yahboom_rosmaster_system_tests' for CMake module files
[0.884s] Level 1:colcon.colcon_core.environment:checking '/home/basmala/ros2_ws/install/yahboom_rosmaster_system_tests' for CMake config files
[0.885s] Level 1:colcon.colcon_core.shell:create_environment_hook('yahboom_rosmaster_system_tests', 'cmake_prefix_path')
[0.885s] INFO:colcon.colcon_core.shell:Creating environment hook '/home/basmala/ros2_ws/install/yahboom_rosmaster_system_tests/share/yahboom_rosmaster_system_tests/hook/cmake_prefix_path.ps1'
[0.886s] INFO:colcon.colcon_core.shell:Creating environment descriptor '/home/basmala/ros2_ws/install/yahboom_rosmaster_system_tests/share/yahboom_rosmaster_system_tests/hook/cmake_prefix_path.dsv'
[0.886s] INFO:colcon.colcon_core.shell:Creating environment hook '/home/basmala/ros2_ws/install/yahboom_rosmaster_system_tests/share/yahboom_rosmaster_system_tests/hook/cmake_prefix_path.sh'
[0.888s] Level 1:colcon.colcon_core.environment:checking '/home/basmala/ros2_ws/install/yahboom_rosmaster_system_tests/bin'
[0.888s] Level 1:colcon.colcon_core.environment:checking '/home/basmala/ros2_ws/install/yahboom_rosmaster_system_tests/lib/pkgconfig/yahboom_rosmaster_system_tests.pc'
[0.888s] Level 1:colcon.colcon_core.environment:checking '/home/basmala/ros2_ws/install/yahboom_rosmaster_system_tests/lib/python3.12/site-packages'
[0.889s] Level 1:colcon.colcon_core.environment:checking '/home/basmala/ros2_ws/install/yahboom_rosmaster_system_tests/bin'
[0.889s] INFO:colcon.colcon_core.shell:Creating package script '/home/basmala/ros2_ws/install/yahboom_rosmaster_system_tests/share/yahboom_rosmaster_system_tests/package.ps1'
[0.893s] INFO:colcon.colcon_core.shell:Creating package descriptor '/home/basmala/ros2_ws/install/yahboom_rosmaster_system_tests/share/yahboom_rosmaster_system_tests/package.dsv'
[0.899s] INFO:colcon.colcon_core.shell:Creating package script '/home/basmala/ros2_ws/install/yahboom_rosmaster_system_tests/share/yahboom_rosmaster_system_tests/package.sh'
[0.901s] INFO:colcon.colcon_core.shell:Creating package script '/home/basmala/ros2_ws/install/yahboom_rosmaster_system_tests/share/yahboom_rosmaster_system_tests/package.bash'
[0.902s] INFO:colcon.colcon_core.shell:Creating package script '/home/basmala/ros2_ws/install/yahboom_rosmaster_system_tests/share/yahboom_rosmaster_system_tests/package.zsh'
[0.903s] Level 1:colcon.colcon_core.environment:create_file_with_runtime_dependencies(/home/basmala/ros2_ws/install/yahboom_rosmaster_system_tests/share/colcon-core/packages/yahboom_rosmaster_system_tests)
[0.904s] Level 1:colcon.colcon_core.environment:create_environment_scripts_only(bme_gazebo_sensors)
[0.905s] Level 1:colcon.colcon_core.environment:checking '/home/basmala/ros2_ws/install/bme_gazebo_sensors' for CMake module files
[0.907s] Level 1:colcon.colcon_core.environment:checking '/home/basmala/ros2_ws/install/bme_gazebo_sensors' for CMake config files
[0.908s] DEBUG:colcon.colcon_core.event_handler.log_command:Invoked command in '/home/basmala/ros2_ws/build/bme_gazebo_sensors' returned '0': CMAKE_PREFIX_PATH=${CMAKE_PREFIX_PATH}:/home/basmala/ros2_ws/install/first_package_python:/opt/ros/jazzy DEBUGINFOD_URLS=https://debuginfod.ubuntu.com /usr/bin/cmake --install /home/basmala/ros2_ws/build/bme_gazebo_sensors
[0.909s] Level 1:colcon.colcon_core.shell:create_environment_hook('bme_gazebo_sensors', 'cmake_prefix_path')
[0.909s] INFO:colcon.colcon_core.shell:Creating environment hook '/home/basmala/ros2_ws/install/bme_gazebo_sensors/share/bme_gazebo_sensors/hook/cmake_prefix_path.ps1'
[0.910s] INFO:colcon.colcon_core.shell:Creating environment descriptor '/home/basmala/ros2_ws/install/bme_gazebo_sensors/share/bme_gazebo_sensors/hook/cmake_prefix_path.dsv'
[0.914s] INFO:colcon.colcon_core.shell:Creating environment hook '/home/basmala/ros2_ws/install/bme_gazebo_sensors/share/bme_gazebo_sensors/hook/cmake_prefix_path.sh'
[0.916s] Level 1:colcon.colcon_core.environment:checking '/home/basmala/ros2_ws/install/bme_gazebo_sensors/bin'
[0.917s] Level 1:colcon.colcon_core.environment:checking '/home/basmala/ros2_ws/install/bme_gazebo_sensors/lib/pkgconfig/bme_gazebo_sensors.pc'
[0.917s] Level 1:colcon.colcon_core.environment:checking '/home/basmala/ros2_ws/install/bme_gazebo_sensors/lib/python3.12/site-packages'
[0.918s] Level 1:colcon.colcon_core.environment:checking '/home/basmala/ros2_ws/install/bme_gazebo_sensors/bin'
[0.919s] INFO:colcon.colcon_core.shell:Creating package script '/home/basmala/ros2_ws/install/bme_gazebo_sensors/share/bme_gazebo_sensors/package.ps1'
[0.920s] INFO:colcon.colcon_core.shell:Creating package descriptor '/home/basmala/ros2_ws/install/bme_gazebo_sensors/share/bme_gazebo_sensors/package.dsv'
[0.923s] INFO:colcon.colcon_core.shell:Creating package script '/home/basmala/ros2_ws/install/bme_gazebo_sensors/share/bme_gazebo_sensors/package.sh'
[0.924s] INFO:colcon.colcon_core.shell:Creating package script '/home/basmala/ros2_ws/install/bme_gazebo_sensors/share/bme_gazebo_sensors/package.bash'
[0.926s] INFO:colcon.colcon_core.shell:Creating package script '/home/basmala/ros2_ws/install/bme_gazebo_sensors/share/bme_gazebo_sensors/package.zsh'
[0.926s] Level 1:colcon.colcon_core.environment:create_file_with_runtime_dependencies(/home/basmala/ros2_ws/install/bme_gazebo_sensors/share/colcon-core/packages/bme_gazebo_sensors)
[0.929s] Level 1:colcon.colcon_core.environment:create_environment_scripts_only(bme_gazebo_sensors)
[0.929s] Level 1:colcon.colcon_core.environment:checking '/home/basmala/ros2_ws/install/bme_gazebo_sensors' for CMake module files
[0.936s] Level 1:colcon.colcon_core.environment:checking '/home/basmala/ros2_ws/install/bme_gazebo_sensors' for CMake config files
[0.937s] Level 1:colcon.colcon_core.shell:create_environment_hook('bme_gazebo_sensors', 'cmake_prefix_path')
[0.937s] INFO:colcon.colcon_core.shell:Creating environment hook '/home/basmala/ros2_ws/install/bme_gazebo_sensors/share/bme_gazebo_sensors/hook/cmake_prefix_path.ps1'
[0.942s] INFO:colcon.colcon_core.shell:Creating environment descriptor '/home/basmala/ros2_ws/install/bme_gazebo_sensors/share/bme_gazebo_sensors/hook/cmake_prefix_path.dsv'
[0.946s] INFO:colcon.colcon_core.shell:Creating environment hook '/home/basmala/ros2_ws/install/bme_gazebo_sensors/share/bme_gazebo_sensors/hook/cmake_prefix_path.sh'
[0.948s] Level 1:colcon.colcon_core.environment:checking '/home/basmala/ros2_ws/install/bme_gazebo_sensors/bin'
[0.949s] Level 1:colcon.colcon_core.environment:checking '/home/basmala/ros2_ws/install/bme_gazebo_sensors/lib/pkgconfig/bme_gazebo_sensors.pc'
[0.949s] Level 1:colcon.colcon_core.environment:checking '/home/basmala/ros2_ws/install/bme_gazebo_sensors/lib/python3.12/site-packages'
[0.949s] Level 1:colcon.colcon_core.environment:checking '/home/basmala/ros2_ws/install/bme_gazebo_sensors/bin'
[0.950s] INFO:colcon.colcon_core.shell:Creating package script '/home/basmala/ros2_ws/install/bme_gazebo_sensors/share/bme_gazebo_sensors/package.ps1'
[0.951s] INFO:colcon.colcon_core.shell:Creating package descriptor '/home/basmala/ros2_ws/install/bme_gazebo_sensors/share/bme_gazebo_sensors/package.dsv'
[0.952s] INFO:colcon.colcon_core.shell:Creating package script '/home/basmala/ros2_ws/install/bme_gazebo_sensors/share/bme_gazebo_sensors/package.sh'
[0.954s] INFO:colcon.colcon_core.shell:Creating package script '/home/basmala/ros2_ws/install/bme_gazebo_sensors/share/bme_gazebo_sensors/package.bash'
[0.955s] INFO:colcon.colcon_core.shell:Creating package script '/home/basmala/ros2_ws/install/bme_gazebo_sensors/share/bme_gazebo_sensors/package.zsh'
[0.956s] Level 1:colcon.colcon_core.environment:create_file_with_runtime_dependencies(/home/basmala/ros2_ws/install/bme_gazebo_sensors/share/colcon-core/packages/bme_gazebo_sensors)
[1.117s] DEBUG:colcon.colcon_core.event_handler.log_command:Invoked command in '/home/basmala/ros2_ws/build/yahboom_rosmaster_description' returned '0': CMAKE_PREFIX_PATH=${CMAKE_PREFIX_PATH}:/home/basmala/ros2_ws/install/first_package_python:/opt/ros/jazzy DEBUGINFOD_URLS=https://debuginfod.ubuntu.com /usr/bin/cmake /home/basmala/ros2_ws/src/yahboom_rosmaster/yahboom_rosmaster_discription -DCMAKE_INSTALL_PREFIX=/home/basmala/ros2_ws/install/yahboom_rosmaster_description
[1.118s] DEBUG:colcon.colcon_core.event_handler.log_command:Invoking command in '/home/basmala/ros2_ws/build/yahboom_rosmaster_description': CMAKE_PREFIX_PATH=${CMAKE_PREFIX_PATH}:/home/basmala/ros2_ws/install/first_package_python:/opt/ros/jazzy DEBUGINFOD_URLS=https://debuginfod.ubuntu.com /usr/bin/cmake --build /home/basmala/ros2_ws/build/yahboom_rosmaster_description -- -j20 -l20
[1.215s] DEBUG:colcon.colcon_core.event_handler.log_command:Invoked command in '/home/basmala/ros2_ws/build/yahboom_rosmaster_description' returned '0': CMAKE_PREFIX_PATH=${CMAKE_PREFIX_PATH}:/home/basmala/ros2_ws/install/first_package_python:/opt/ros/jazzy DEBUGINFOD_URLS=https://debuginfod.ubuntu.com /usr/bin/cmake --build /home/basmala/ros2_ws/build/yahboom_rosmaster_description -- -j20 -l20
[1.217s] DEBUG:colcon.colcon_core.event_handler.log_command:Invoking command in '/home/basmala/ros2_ws/build/yahboom_rosmaster_description': CMAKE_PREFIX_PATH=${CMAKE_PREFIX_PATH}:/home/basmala/ros2_ws/install/first_package_python:/opt/ros/jazzy DEBUGINFOD_URLS=https://debuginfod.ubuntu.com /usr/bin/cmake --install /home/basmala/ros2_ws/build/yahboom_rosmaster_description
[1.320s] Level 1:colcon.colcon_core.environment:create_environment_scripts_only(yahboom_rosmaster_gazebo)
[1.320s] Level 1:colcon.colcon_core.environment:checking '/home/basmala/ros2_ws/install/yahboom_rosmaster_gazebo' for CMake module files
[1.321s] DEBUG:colcon.colcon_core.event_handler.log_command:Invoked command in '/home/basmala/ros2_ws/build/yahboom_rosmaster_gazebo' returned '0': CMAKE_PREFIX_PATH=${CMAKE_PREFIX_PATH}:/home/basmala/ros2_ws/install/first_package_python:/opt/ros/jazzy DEBUGINFOD_URLS=https://debuginfod.ubuntu.com /usr/bin/cmake --install /home/basmala/ros2_ws/build/yahboom_rosmaster_gazebo
[1.322s] Level 1:colcon.colcon_core.environment:checking '/home/basmala/ros2_ws/install/yahboom_rosmaster_gazebo' for CMake config files
[1.323s] Level 1:colcon.colcon_core.shell:create_environment_hook('yahboom_rosmaster_gazebo', 'cmake_prefix_path')
[1.323s] INFO:colcon.colcon_core.shell:Creating environment hook '/home/basmala/ros2_ws/install/yahboom_rosmaster_gazebo/share/yahboom_rosmaster_gazebo/hook/cmake_prefix_path.ps1'
[1.324s] INFO:colcon.colcon_core.shell:Creating environment descriptor '/home/basmala/ros2_ws/install/yahboom_rosmaster_gazebo/share/yahboom_rosmaster_gazebo/hook/cmake_prefix_path.dsv'
[1.324s] INFO:colcon.colcon_core.shell:Creating environment hook '/home/basmala/ros2_ws/install/yahboom_rosmaster_gazebo/share/yahboom_rosmaster_gazebo/hook/cmake_prefix_path.sh'
[1.325s] Level 1:colcon.colcon_core.environment:checking '/home/basmala/ros2_ws/install/yahboom_rosmaster_gazebo/bin'
[1.326s] Level 1:colcon.colcon_core.environment:checking '/home/basmala/ros2_ws/install/yahboom_rosmaster_gazebo/lib/pkgconfig/yahboom_rosmaster_gazebo.pc'
[1.326s] Level 1:colcon.colcon_core.environment:checking '/home/basmala/ros2_ws/install/yahboom_rosmaster_gazebo/lib/python3.12/site-packages'
[1.327s] Level 1:colcon.colcon_core.environment:checking '/home/basmala/ros2_ws/install/yahboom_rosmaster_gazebo/bin'
[1.327s] INFO:colcon.colcon_core.shell:Creating package script '/home/basmala/ros2_ws/install/yahboom_rosmaster_gazebo/share/yahboom_rosmaster_gazebo/package.ps1'
[1.329s] INFO:colcon.colcon_core.shell:Creating package descriptor '/home/basmala/ros2_ws/install/yahboom_rosmaster_gazebo/share/yahboom_rosmaster_gazebo/package.dsv'
[1.330s] INFO:colcon.colcon_core.shell:Creating package script '/home/basmala/ros2_ws/install/yahboom_rosmaster_gazebo/share/yahboom_rosmaster_gazebo/package.sh'
[1.332s] INFO:colcon.colcon_core.shell:Creating package script '/home/basmala/ros2_ws/install/yahboom_rosmaster_gazebo/share/yahboom_rosmaster_gazebo/package.bash'
[1.336s] INFO:colcon.colcon_core.shell:Creating package script '/home/basmala/ros2_ws/install/yahboom_rosmaster_gazebo/share/yahboom_rosmaster_gazebo/package.zsh'
[1.337s] Level 1:colcon.colcon_core.environment:create_file_with_runtime_dependencies(/home/basmala/ros2_ws/install/yahboom_rosmaster_gazebo/share/colcon-core/packages/yahboom_rosmaster_gazebo)
[1.339s] Level 1:colcon.colcon_core.environment:create_environment_scripts_only(yahboom_rosmaster_gazebo)
[1.339s] Level 1:colcon.colcon_core.environment:checking '/home/basmala/ros2_ws/install/yahboom_rosmaster_gazebo' for CMake module files
[1.340s] Level 1:colcon.colcon_core.environment:checking '/home/basmala/ros2_ws/install/yahboom_rosmaster_gazebo' for CMake config files
[1.340s] Level 1:colcon.colcon_core.shell:create_environment_hook('yahboom_rosmaster_gazebo', 'cmake_prefix_path')
[1.341s] INFO:colcon.colcon_core.shell:Creating environment hook '/home/basmala/ros2_ws/install/yahboom_rosmaster_gazebo/share/yahboom_rosmaster_gazebo/hook/cmake_prefix_path.ps1'
[1.341s] INFO:colcon.colcon_core.shell:Creating environment descriptor '/home/basmala/ros2_ws/install/yahboom_rosmaster_gazebo/share/yahboom_rosmaster_gazebo/hook/cmake_prefix_path.dsv'
[1.342s] INFO:colcon.colcon_core.shell:Creating environment hook '/home/basmala/ros2_ws/install/yahboom_rosmaster_gazebo/share/yahboom_rosmaster_gazebo/hook/cmake_prefix_path.sh'
[1.343s] Level 1:colcon.colcon_core.environment:checking '/home/basmala/ros2_ws/install/yahboom_rosmaster_gazebo/bin'
[1.343s] Level 1:colcon.colcon_core.environment:checking '/home/basmala/ros2_ws/install/yahboom_rosmaster_gazebo/lib/pkgconfig/yahboom_rosmaster_gazebo.pc'
[1.344s] Level 1:colcon.colcon_core.environment:checking '/home/basmala/ros2_ws/install/yahboom_rosmaster_gazebo/lib/python3.12/site-packages'
[1.344s] Level 1:colcon.colcon_core.environment:checking '/home/basmala/ros2_ws/install/yahboom_rosmaster_gazebo/bin'
[1.345s] INFO:colcon.colcon_core.shell:Creating package script '/home/basmala/ros2_ws/install/yahboom_rosmaster_gazebo/share/yahboom_rosmaster_gazebo/package.ps1'
[1.346s] INFO:colcon.colcon_core.shell:Creating package descriptor '/home/basmala/ros2_ws/install/yahboom_rosmaster_gazebo/share/yahboom_rosmaster_gazebo/package.dsv'
[1.347s] INFO:colcon.colcon_core.shell:Creating package script '/home/basmala/ros2_ws/install/yahboom_rosmaster_gazebo/share/yahboom_rosmaster_gazebo/package.sh'
[1.347s] INFO:colcon.colcon_core.shell:Creating package script '/home/basmala/ros2_ws/install/yahboom_rosmaster_gazebo/share/yahboom_rosmaster_gazebo/package.bash'
[1.348s] INFO:colcon.colcon_core.shell:Creating package script '/home/basmala/ros2_ws/install/yahboom_rosmaster_gazebo/share/yahboom_rosmaster_gazebo/package.zsh'
[1.349s] Level 1:colcon.colcon_core.environment:create_file_with_runtime_dependencies(/home/basmala/ros2_ws/install/yahboom_rosmaster_gazebo/share/colcon-core/packages/yahboom_rosmaster_gazebo)
[1.351s] Level 1:colcon.colcon_core.environment:create_environment_scripts_only(yahboom_rosmaster_description)
[1.351s] Level 1:colcon.colcon_core.environment:checking '/home/basmala/ros2_ws/install/yahboom_rosmaster_description' for CMake module files
[1.352s] DEBUG:colcon.colcon_core.event_handler.log_command:Invoked command in '/home/basmala/ros2_ws/build/yahboom_rosmaster_description' returned '0': CMAKE_PREFIX_PATH=${CMAKE_PREFIX_PATH}:/home/basmala/ros2_ws/install/first_package_python:/opt/ros/jazzy DEBUGINFOD_URLS=https://debuginfod.ubuntu.com /usr/bin/cmake --install /home/basmala/ros2_ws/build/yahboom_rosmaster_description
[1.353s] Level 1:colcon.colcon_core.environment:checking '/home/basmala/ros2_ws/install/yahboom_rosmaster_description' for CMake config files
[1.354s] Level 1:colcon.colcon_core.shell:create_environment_hook('yahboom_rosmaster_description', 'cmake_prefix_path')
[1.354s] INFO:colcon.colcon_core.shell:Creating environment hook '/home/basmala/ros2_ws/install/yahboom_rosmaster_description/share/yahboom_rosmaster_description/hook/cmake_prefix_path.ps1'
[1.355s] INFO:colcon.colcon_core.shell:Creating environment descriptor '/home/basmala/ros2_ws/install/yahboom_rosmaster_description/share/yahboom_rosmaster_description/hook/cmake_prefix_path.dsv'
[1.356s] INFO:colcon.colcon_core.shell:Creating environment hook '/home/basmala/ros2_ws/install/yahboom_rosmaster_description/share/yahboom_rosmaster_description/hook/cmake_prefix_path.sh'
[1.357s] Level 1:colcon.colcon_core.environment:checking '/home/basmala/ros2_ws/install/yahboom_rosmaster_description/bin'
[1.357s] Level 1:colcon.colcon_core.environment:checking '/home/basmala/ros2_ws/install/yahboom_rosmaster_description/lib/pkgconfig/yahboom_rosmaster_description.pc'
[1.358s] Level 1:colcon.colcon_core.environment:checking '/home/basmala/ros2_ws/install/yahboom_rosmaster_description/lib/python3.12/site-packages'
[1.358s] Level 1:colcon.colcon_core.environment:checking '/home/basmala/ros2_ws/install/yahboom_rosmaster_description/bin'
[1.359s] INFO:colcon.colcon_core.shell:Creating package script '/home/basmala/ros2_ws/install/yahboom_rosmaster_description/share/yahboom_rosmaster_description/package.ps1'
[1.360s] INFO:colcon.colcon_core.shell:Creating package descriptor '/home/basmala/ros2_ws/install/yahboom_rosmaster_description/share/yahboom_rosmaster_description/package.dsv'
[1.361s] INFO:colcon.colcon_core.shell:Creating package script '/home/basmala/ros2_ws/install/yahboom_rosmaster_description/share/yahboom_rosmaster_description/package.sh'
[1.362s] INFO:colcon.colcon_core.shell:Creating package script '/home/basmala/ros2_ws/install/yahboom_rosmaster_description/share/yahboom_rosmaster_description/package.bash'
[1.363s] INFO:colcon.colcon_core.shell:Creating package script '/home/basmala/ros2_ws/install/yahboom_rosmaster_description/share/yahboom_rosmaster_description/package.zsh'
[1.364s] Level 1:colcon.colcon_core.environment:create_file_with_runtime_dependencies(/home/basmala/ros2_ws/install/yahboom_rosmaster_description/share/colcon-core/packages/yahboom_rosmaster_description)
[1.365s] Level 1:colcon.colcon_core.environment:create_environment_scripts_only(yahboom_rosmaster_description)
[1.365s] Level 1:colcon.colcon_core.environment:checking '/home/basmala/ros2_ws/install/yahboom_rosmaster_description' for CMake module files
[1.367s] Level 1:colcon.colcon_core.environment:checking '/home/basmala/ros2_ws/install/yahboom_rosmaster_description' for CMake config files
[1.367s] Level 1:colcon.colcon_core.shell:create_environment_hook('yahboom_rosmaster_description', 'cmake_prefix_path')
[1.368s] INFO:colcon.colcon_core.shell:Creating environment hook '/home/basmala/ros2_ws/install/yahboom_rosmaster_description/share/yahboom_rosmaster_description/hook/cmake_prefix_path.ps1'
[1.369s] INFO:colcon.colcon_core.shell:Creating environment descriptor '/home/basmala/ros2_ws/install/yahboom_rosmaster_description/share/yahboom_rosmaster_description/hook/cmake_prefix_path.dsv'
[1.371s] INFO:colcon.colcon_core.shell:Creating environment hook '/home/basmala/ros2_ws/install/yahboom_rosmaster_description/share/yahboom_rosmaster_description/hook/cmake_prefix_path.sh'
[1.372s] Level 1:colcon.colcon_core.environment:checking '/home/basmala/ros2_ws/install/yahboom_rosmaster_description/bin'
[1.372s] Level 1:colcon.colcon_core.environment:checking '/home/basmala/ros2_ws/install/yahboom_rosmaster_description/lib/pkgconfig/yahboom_rosmaster_description.pc'
[1.373s] Level 1:colcon.colcon_core.environment:checking '/home/basmala/ros2_ws/install/yahboom_rosmaster_description/lib/python3.12/site-packages'
[1.374s] Level 1:colcon.colcon_core.environment:checking '/home/basmala/ros2_ws/install/yahboom_rosmaster_description/bin'
[1.376s] INFO:colcon.colcon_core.shell:Creating package script '/home/basmala/ros2_ws/install/yahboom_rosmaster_description/share/yahboom_rosmaster_description/package.ps1'
[1.379s] INFO:colcon.colcon_core.shell:Creating package descriptor '/home/basmala/ros2_ws/install/yahboom_rosmaster_description/share/yahboom_rosmaster_description/package.dsv'
[1.381s] INFO:colcon.colcon_core.shell:Creating package script '/home/basmala/ros2_ws/install/yahboom_rosmaster_description/share/yahboom_rosmaster_description/package.sh'
[1.382s] INFO:colcon.colcon_core.shell:Creating package script '/home/basmala/ros2_ws/install/yahboom_rosmaster_description/share/yahboom_rosmaster_description/package.bash'
[1.383s] INFO:colcon.colcon_core.shell:Creating package script '/home/basmala/ros2_ws/install/yahboom_rosmaster_description/share/yahboom_rosmaster_description/package.zsh'
[1.384s] Level 1:colcon.colcon_core.environment:create_file_with_runtime_dependencies(/home/basmala/ros2_ws/install/yahboom_rosmaster_description/share/colcon-core/packages/yahboom_rosmaster_description)
[1.384s] INFO:colcon.colcon_ros.task.ament_cmake.build:Building ROS package in '/home/basmala/ros2_ws/src/yahboom_rosmaster/yahboom_rosmaster' with build type 'ament_cmake'
[1.384s] INFO:colcon.colcon_cmake.task.cmake.build:Building CMake package in '/home/basmala/ros2_ws/src/yahboom_rosmaster/yahboom_rosmaster'
[1.385s] INFO:colcon.colcon_core.shell:Skip shell extension 'powershell' for command environment: Not usable outside of PowerShell
[1.385s] DEBUG:colcon.colcon_core.shell:Skip shell extension 'dsv' for command environment
[1.414s] DEBUG:colcon.colcon_core.event_handler.log_command:Invoking command in '/home/basmala/ros2_ws/build/yahboom_rosmaster': AMENT_PREFIX_PATH=/home/basmala/ros2_ws/install/yahboom_rosmaster_description:${AMENT_PREFIX_PATH} CMAKE_PREFIX_PATH=/home/basmala/ros2_ws/install/yahboom_rosmaster_system_tests:/home/basmala/ros2_ws/install/yahboom_rosmaster_gazebo:/home/basmala/ros2_ws/install/yahboom_rosmaster_description:/home/basmala/ros2_ws/install/yahboom_rosmaster_bringup:/home/basmala/ros2_ws/install/yahboom_rosmaster:/home/basmala/ros2_ws/install/yahboom_rosmaster_discription:/home/basmala/ros2_ws/install/turtlesim_controller:/home/basmala/ros2_ws/install/turtlesim_custom_msgs:/home/basmala/ros2_ws/install/mecanum_drive_controller:/home/basmala/ros2_ws/install/first_package_cpp:/home/basmala/ros2_ws/install/bme_gazebo_sensors:/home/basmala/ros2_ws/install/assignment1_rt:/opt/ros/jazzy/opt/gz_sim_vendor:/opt/ros/jazzy/opt/gz_sensors_vendor:/opt/ros/jazzy/opt/gz_physics_vendor:/opt/ros/jazzy/opt/sdformat_vendor:/opt/ros/jazzy/opt/gz_gui_vendor:/opt/ros/jazzy/opt/gz_transport_vendor:/opt/ros/jazzy/opt/gz_rendering_vendor:/opt/ros/jazzy/opt/gz_plugin_vendor:/opt/ros/jazzy/opt/gz_fuel_tools_vendor:/opt/ros/jazzy/opt/gz_msgs_vendor:/opt/ros/jazzy/opt/gz_common_vendor:/opt/ros/jazzy/opt/gz_math_vendor:/opt/ros/jazzy/opt/gz_utils_vendor:/opt/ros/jazzy/opt/gz_tools_vendor:/opt/ros/jazzy/opt/gz_ogre_next_vendor:/opt/ros/jazzy/opt/gz_dartsim_vendor:/opt/ros/jazzy/opt/gz_cmake_vendor:/home/basmala/ros2_ws/install/first_package_python:/opt/ros/jazzy DEBUGINFOD_URLS=https://debuginfod.ubuntu.com /usr/bin/cmake /home/basmala/ros2_ws/src/yahboom_rosmaster/yahboom_rosmaster -DCMAKE_INSTALL_PREFIX=/home/basmala/ros2_ws/install/yahboom_rosmaster
[1.753s] DEBUG:colcon.colcon_core.event_handler.log_command:Invoking command in '/home/basmala/ros2_ws/first_package_python': DEBUGINFOD_URLS=https://debuginfod.ubuntu.com PYTHONPATH=/home/basmala/ros2_ws/build/first_package_python/prefix_override:/usr/lib/python3/dist-packages/colcon_core/task/python/colcon_distutils_commands:/home/basmala/ros2_ws/install/first_package_python/lib/python3.12/site-packages:${PYTHONPATH} /usr/bin/python3 -W ignore:setup.py install is deprecated -W ignore:easy_install command is deprecated setup.py egg_info --egg-base ../build/first_package_python build --build-base /home/basmala/ros2_ws/build/first_package_python/build install --record /home/basmala/ros2_ws/build/first_package_python/install.log --single-version-externally-managed install_data
[2.648s] Level 1:colcon.colcon_core.environment:checking '/home/basmala/ros2_ws/install/first_package_python' for CMake module files
[2.649s] Level 1:colcon.colcon_core.environment:checking '/home/basmala/ros2_ws/install/first_package_python' for CMake config files
[2.650s] DEBUG:colcon.colcon_core.event_handler.log_command:Invoked command in '/home/basmala/ros2_ws/first_package_python' returned '0': DEBUGINFOD_URLS=https://debuginfod.ubuntu.com PYTHONPATH=/home/basmala/ros2_ws/build/first_package_python/prefix_override:/usr/lib/python3/dist-packages/colcon_core/task/python/colcon_distutils_commands:/home/basmala/ros2_ws/install/first_package_python/lib/python3.12/site-packages:${PYTHONPATH} /usr/bin/python3 -W ignore:setup.py install is deprecated -W ignore:easy_install command is deprecated setup.py egg_info --egg-base ../build/first_package_python build --build-base /home/basmala/ros2_ws/build/first_package_python/build install --record /home/basmala/ros2_ws/build/first_package_python/install.log --single-version-externally-managed install_data
[2.651s] Level 1:colcon.colcon_core.environment:checking '/home/basmala/ros2_ws/install/first_package_python/lib'
[2.651s] Level 1:colcon.colcon_core.environment:checking '/home/basmala/ros2_ws/install/first_package_python/bin'
[2.652s] Level 1:colcon.colcon_core.environment:checking '/home/basmala/ros2_ws/install/first_package_python/lib/pkgconfig/first_package_python.pc'
[2.652s] Level 1:colcon.colcon_core.environment:checking '/home/basmala/ros2_ws/install/first_package_python/lib/python3.12/site-packages'
[2.652s] Level 1:colcon.colcon_core.shell:create_environment_hook('first_package_python', 'pythonpath')
[2.653s] INFO:colcon.colcon_core.shell:Creating environment hook '/home/basmala/ros2_ws/install/first_package_python/share/first_package_python/hook/pythonpath.ps1'
[2.654s] INFO:colcon.colcon_core.shell:Creating environment descriptor '/home/basmala/ros2_ws/install/first_package_python/share/first_package_python/hook/pythonpath.dsv'
[2.654s] INFO:colcon.colcon_core.shell:Creating environment hook '/home/basmala/ros2_ws/install/first_package_python/share/first_package_python/hook/pythonpath.sh'
[2.656s] Level 1:colcon.colcon_core.environment:checking '/home/basmala/ros2_ws/install/first_package_python/bin'
[2.656s] Level 1:colcon.colcon_core.environment:create_environment_scripts_only(first_package_python)
[2.657s] INFO:colcon.colcon_core.shell:Creating package script '/home/basmala/ros2_ws/install/first_package_python/share/first_package_python/package.ps1'
[2.658s] INFO:colcon.colcon_core.shell:Creating package descriptor '/home/basmala/ros2_ws/install/first_package_python/share/first_package_python/package.dsv'
[2.659s] INFO:colcon.colcon_core.shell:Creating package script '/home/basmala/ros2_ws/install/first_package_python/share/first_package_python/package.sh'
[2.659s] INFO:colcon.colcon_core.shell:Creating package script '/home/basmala/ros2_ws/install/first_package_python/share/first_package_python/package.bash'
[2.660s] INFO:colcon.colcon_core.shell:Creating package script '/home/basmala/ros2_ws/install/first_package_python/share/first_package_python/package.zsh'
[2.661s] Level 1:colcon.colcon_core.environment:create_file_with_runtime_dependencies(/home/basmala/ros2_ws/install/first_package_python/share/colcon-core/packages/first_package_python)
[3.056s] DEBUG:colcon.colcon_core.event_handler.log_command:Invoked command in '/home/basmala/ros2_ws/build/yahboom_rosmaster' returned '0': AMENT_PREFIX_PATH=/home/basmala/ros2_ws/install/yahboom_rosmaster_description:${AMENT_PREFIX_PATH} CMAKE_PREFIX_PATH=/home/basmala/ros2_ws/install/yahboom_rosmaster_system_tests:/home/basmala/ros2_ws/install/yahboom_rosmaster_gazebo:/home/basmala/ros2_ws/install/yahboom_rosmaster_description:/home/basmala/ros2_ws/install/yahboom_rosmaster_bringup:/home/basmala/ros2_ws/install/yahboom_rosmaster:/home/basmala/ros2_ws/install/yahboom_rosmaster_discription:/home/basmala/ros2_ws/install/turtlesim_controller:/home/basmala/ros2_ws/install/turtlesim_custom_msgs:/home/basmala/ros2_ws/install/mecanum_drive_controller:/home/basmala/ros2_ws/install/first_package_cpp:/home/basmala/ros2_ws/install/bme_gazebo_sensors:/home/basmala/ros2_ws/install/assignment1_rt:/opt/ros/jazzy/opt/gz_sim_vendor:/opt/ros/jazzy/opt/gz_sensors_vendor:/opt/ros/jazzy/opt/gz_physics_vendor:/opt/ros/jazzy/opt/sdformat_vendor:/opt/ros/jazzy/opt/gz_gui_vendor:/opt/ros/jazzy/opt/gz_transport_vendor:/opt/ros/jazzy/opt/gz_rendering_vendor:/opt/ros/jazzy/opt/gz_plugin_vendor:/opt/ros/jazzy/opt/gz_fuel_tools_vendor:/opt/ros/jazzy/opt/gz_msgs_vendor:/opt/ros/jazzy/opt/gz_common_vendor:/opt/ros/jazzy/opt/gz_math_vendor:/opt/ros/jazzy/opt/gz_utils_vendor:/opt/ros/jazzy/opt/gz_tools_vendor:/opt/ros/jazzy/opt/gz_ogre_next_vendor:/opt/ros/jazzy/opt/gz_dartsim_vendor:/opt/ros/jazzy/opt/gz_cmake_vendor:/home/basmala/ros2_ws/install/first_package_python:/opt/ros/jazzy DEBUGINFOD_URLS=https://debuginfod.ubuntu.com /usr/bin/cmake /home/basmala/ros2_ws/src/yahboom_rosmaster/yahboom_rosmaster -DCMAKE_INSTALL_PREFIX=/home/basmala/ros2_ws/install/yahboom_rosmaster
[3.057s] DEBUG:colcon.colcon_core.event_handler.log_command:Invoking command in '/home/basmala/ros2_ws/build/yahboom_rosmaster': AMENT_PREFIX_PATH=/home/basmala/ros2_ws/install/yahboom_rosmaster_description:${AMENT_PREFIX_PATH} CMAKE_PREFIX_PATH=/home/basmala/ros2_ws/install/yahboom_rosmaster_system_tests:/home/basmala/ros2_ws/install/yahboom_rosmaster_gazebo:/home/basmala/ros2_ws/install/yahboom_rosmaster_description:/home/basmala/ros2_ws/install/yahboom_rosmaster_bringup:/home/basmala/ros2_ws/install/yahboom_rosmaster:/home/basmala/ros2_ws/install/yahboom_rosmaster_discription:/home/basmala/ros2_ws/install/turtlesim_controller:/home/basmala/ros2_ws/install/turtlesim_custom_msgs:/home/basmala/ros2_ws/install/mecanum_drive_controller:/home/basmala/ros2_ws/install/first_package_cpp:/home/basmala/ros2_ws/install/bme_gazebo_sensors:/home/basmala/ros2_ws/install/assignment1_rt:/opt/ros/jazzy/opt/gz_sim_vendor:/opt/ros/jazzy/opt/gz_sensors_vendor:/opt/ros/jazzy/opt/gz_physics_vendor:/opt/ros/jazzy/opt/sdformat_vendor:/opt/ros/jazzy/opt/gz_gui_vendor:/opt/ros/jazzy/opt/gz_transport_vendor:/opt/ros/jazzy/opt/gz_rendering_vendor:/opt/ros/jazzy/opt/gz_plugin_vendor:/opt/ros/jazzy/opt/gz_fuel_tools_vendor:/opt/ros/jazzy/opt/gz_msgs_vendor:/opt/ros/jazzy/opt/gz_common_vendor:/opt/ros/jazzy/opt/gz_math_vendor:/opt/ros/jazzy/opt/gz_utils_vendor:/opt/ros/jazzy/opt/gz_tools_vendor:/opt/ros/jazzy/opt/gz_ogre_next_vendor:/opt/ros/jazzy/opt/gz_dartsim_vendor:/opt/ros/jazzy/opt/gz_cmake_vendor:/home/basmala/ros2_ws/install/first_package_python:/opt/ros/jazzy DEBUGINFOD_URLS=https://debuginfod.ubuntu.com /usr/bin/cmake --build /home/basmala/ros2_ws/build/yahboom_rosmaster -- -j20 -l20
[3.128s] DEBUG:colcon.colcon_core.event_handler.log_command:Invoked command in '/home/basmala/ros2_ws/build/yahboom_rosmaster' returned '0': AMENT_PREFIX_PATH=/home/basmala/ros2_ws/install/yahboom_rosmaster_description:${AMENT_PREFIX_PATH} CMAKE_PREFIX_PATH=/home/basmala/ros2_ws/install/yahboom_rosmaster_system_tests:/home/basmala/ros2_ws/install/yahboom_rosmaster_gazebo:/home/basmala/ros2_ws/install/yahboom_rosmaster_description:/home/basmala/ros2_ws/install/yahboom_rosmaster_bringup:/home/basmala/ros2_ws/install/yahboom_rosmaster:/home/basmala/ros2_ws/install/yahboom_rosmaster_discription:/home/basmala/ros2_ws/install/turtlesim_controller:/home/basmala/ros2_ws/install/turtlesim_custom_msgs:/home/basmala/ros2_ws/install/mecanum_drive_controller:/home/basmala/ros2_ws/install/first_package_cpp:/home/basmala/ros2_ws/install/bme_gazebo_sensors:/home/basmala/ros2_ws/install/assignment1_rt:/opt/ros/jazzy/opt/gz_sim_vendor:/opt/ros/jazzy/opt/gz_sensors_vendor:/opt/ros/jazzy/opt/gz_physics_vendor:/opt/ros/jazzy/opt/sdformat_vendor:/opt/ros/jazzy/opt/gz_gui_vendor:/opt/ros/jazzy/opt/gz_transport_vendor:/opt/ros/jazzy/opt/gz_rendering_vendor:/opt/ros/jazzy/opt/gz_plugin_vendor:/opt/ros/jazzy/opt/gz_fuel_tools_vendor:/opt/ros/jazzy/opt/gz_msgs_vendor:/opt/ros/jazzy/opt/gz_common_vendor:/opt/ros/jazzy/opt/gz_math_vendor:/opt/ros/jazzy/opt/gz_utils_vendor:/opt/ros/jazzy/opt/gz_tools_vendor:/opt/ros/jazzy/opt/gz_ogre_next_vendor:/opt/ros/jazzy/opt/gz_dartsim_vendor:/opt/ros/jazzy/opt/gz_cmake_vendor:/home/basmala/ros2_ws/install/first_package_python:/opt/ros/jazzy DEBUGINFOD_URLS=https://debuginfod.ubuntu.com /usr/bin/cmake --build /home/basmala/ros2_ws/build/yahboom_rosmaster -- -j20 -l20
[3.130s] DEBUG:colcon.colcon_core.event_handler.log_command:Invoking command in '/home/basmala/ros2_ws/build/yahboom_rosmaster': AMENT_PREFIX_PATH=/home/basmala/ros2_ws/install/yahboom_rosmaster_description:${AMENT_PREFIX_PATH} CMAKE_PREFIX_PATH=/home/basmala/ros2_ws/install/yahboom_rosmaster_system_tests:/home/basmala/ros2_ws/install/yahboom_rosmaster_gazebo:/home/basmala/ros2_ws/install/yahboom_rosmaster_description:/home/basmala/ros2_ws/install/yahboom_rosmaster_bringup:/home/basmala/ros2_ws/install/yahboom_rosmaster:/home/basmala/ros2_ws/install/yahboom_rosmaster_discription:/home/basmala/ros2_ws/install/turtlesim_controller:/home/basmala/ros2_ws/install/turtlesim_custom_msgs:/home/basmala/ros2_ws/install/mecanum_drive_controller:/home/basmala/ros2_ws/install/first_package_cpp:/home/basmala/ros2_ws/install/bme_gazebo_sensors:/home/basmala/ros2_ws/install/assignment1_rt:/opt/ros/jazzy/opt/gz_sim_vendor:/opt/ros/jazzy/opt/gz_sensors_vendor:/opt/ros/jazzy/opt/gz_physics_vendor:/opt/ros/jazzy/opt/sdformat_vendor:/opt/ros/jazzy/opt/gz_gui_vendor:/opt/ros/jazzy/opt/gz_transport_vendor:/opt/ros/jazzy/opt/gz_rendering_vendor:/opt/ros/jazzy/opt/gz_plugin_vendor:/opt/ros/jazzy/opt/gz_fuel_tools_vendor:/opt/ros/jazzy/opt/gz_msgs_vendor:/opt/ros/jazzy/opt/gz_common_vendor:/opt/ros/jazzy/opt/gz_math_vendor:/opt/ros/jazzy/opt/gz_utils_vendor:/opt/ros/jazzy/opt/gz_tools_vendor:/opt/ros/jazzy/opt/gz_ogre_next_vendor:/opt/ros/jazzy/opt/gz_dartsim_vendor:/opt/ros/jazzy/opt/gz_cmake_vendor:/home/basmala/ros2_ws/install/first_package_python:/opt/ros/jazzy DEBUGINFOD_URLS=https://debuginfod.ubuntu.com /usr/bin/cmake --install /home/basmala/ros2_ws/build/yahboom_rosmaster
[3.153s] Level 1:colcon.colcon_core.environment:create_environment_scripts_only(yahboom_rosmaster)
[3.154s] Level 1:colcon.colcon_core.environment:checking '/home/basmala/ros2_ws/install/yahboom_rosmaster' for CMake module files
[3.155s] DEBUG:colcon.colcon_core.event_handler.log_command:Invoked command in '/home/basmala/ros2_ws/build/yahboom_rosmaster' returned '0': AMENT_PREFIX_PATH=/home/basmala/ros2_ws/install/yahboom_rosmaster_description:${AMENT_PREFIX_PATH} CMAKE_PREFIX_PATH=/home/basmala/ros2_ws/install/yahboom_rosmaster_system_tests:/home/basmala/ros2_ws/install/yahboom_rosmaster_gazebo:/home/basmala/ros2_ws/install/yahboom_rosmaster_description:/home/basmala/ros2_ws/install/yahboom_rosmaster_bringup:/home/basmala/ros2_ws/install/yahboom_rosmaster:/home/basmala/ros2_ws/install/yahboom_rosmaster_discription:/home/basmala/ros2_ws/install/turtlesim_controller:/home/basmala/ros2_ws/install/turtlesim_custom_msgs:/home/basmala/ros2_ws/install/mecanum_drive_controller:/home/basmala/ros2_ws/install/first_package_cpp:/home/basmala/ros2_ws/install/bme_gazebo_sensors:/home/basmala/ros2_ws/install/assignment1_rt:/opt/ros/jazzy/opt/gz_sim_vendor:/opt/ros/jazzy/opt/gz_sensors_vendor:/opt/ros/jazzy/opt/gz_physics_vendor:/opt/ros/jazzy/opt/sdformat_vendor:/opt/ros/jazzy/opt/gz_gui_vendor:/opt/ros/jazzy/opt/gz_transport_vendor:/opt/ros/jazzy/opt/gz_rendering_vendor:/opt/ros/jazzy/opt/gz_plugin_vendor:/opt/ros/jazzy/opt/gz_fuel_tools_vendor:/opt/ros/jazzy/opt/gz_msgs_vendor:/opt/ros/jazzy/opt/gz_common_vendor:/opt/ros/jazzy/opt/gz_math_vendor:/opt/ros/jazzy/opt/gz_utils_vendor:/opt/ros/jazzy/opt/gz_tools_vendor:/opt/ros/jazzy/opt/gz_ogre_next_vendor:/opt/ros/jazzy/opt/gz_dartsim_vendor:/opt/ros/jazzy/opt/gz_cmake_vendor:/home/basmala/ros2_ws/install/first_package_python:/opt/ros/jazzy DEBUGINFOD_URLS=https://debuginfod.ubuntu.com /usr/bin/cmake --install /home/basmala/ros2_ws/build/yahboom_rosmaster
[3.155s] Level 1:colcon.colcon_core.environment:checking '/home/basmala/ros2_ws/install/yahboom_rosmaster' for CMake config files
[3.155s] Level 1:colcon.colcon_core.shell:create_environment_hook('yahboom_rosmaster', 'cmake_prefix_path')
[3.156s] INFO:colcon.colcon_core.shell:Creating environment hook '/home/basmala/ros2_ws/install/yahboom_rosmaster/share/yahboom_rosmaster/hook/cmake_prefix_path.ps1'
[3.156s] INFO:colcon.colcon_core.shell:Creating environment descriptor '/home/basmala/ros2_ws/install/yahboom_rosmaster/share/yahboom_rosmaster/hook/cmake_prefix_path.dsv'
[3.157s] INFO:colcon.colcon_core.shell:Creating environment hook '/home/basmala/ros2_ws/install/yahboom_rosmaster/share/yahboom_rosmaster/hook/cmake_prefix_path.sh'
[3.157s] Level 1:colcon.colcon_core.environment:checking '/home/basmala/ros2_ws/install/yahboom_rosmaster/bin'
[3.158s] Level 1:colcon.colcon_core.environment:checking '/home/basmala/ros2_ws/install/yahboom_rosmaster/lib/pkgconfig/yahboom_rosmaster.pc'
[3.158s] Level 1:colcon.colcon_core.environment:checking '/home/basmala/ros2_ws/install/yahboom_rosmaster/lib/python3.12/site-packages'
[3.158s] Level 1:colcon.colcon_core.environment:checking '/home/basmala/ros2_ws/install/yahboom_rosmaster/bin'
[3.159s] INFO:colcon.colcon_core.shell:Creating package script '/home/basmala/ros2_ws/install/yahboom_rosmaster/share/yahboom_rosmaster/package.ps1'
[3.159s] INFO:colcon.colcon_core.shell:Creating package descriptor '/home/basmala/ros2_ws/install/yahboom_rosmaster/share/yahboom_rosmaster/package.dsv'
[3.160s] INFO:colcon.colcon_core.shell:Creating package script '/home/basmala/ros2_ws/install/yahboom_rosmaster/share/yahboom_rosmaster/package.sh'
[3.160s] INFO:colcon.colcon_core.shell:Creating package script '/home/basmala/ros2_ws/install/yahboom_rosmaster/share/yahboom_rosmaster/package.bash'
[3.161s] INFO:colcon.colcon_core.shell:Creating package script '/home/basmala/ros2_ws/install/yahboom_rosmaster/share/yahboom_rosmaster/package.zsh'
[3.161s] Level 1:colcon.colcon_core.environment:create_file_with_runtime_dependencies(/home/basmala/ros2_ws/install/yahboom_rosmaster/share/colcon-core/packages/yahboom_rosmaster)
[3.162s] Level 1:colcon.colcon_core.environment:create_environment_scripts_only(yahboom_rosmaster)
[3.162s] Level 1:colcon.colcon_core.environment:checking '/home/basmala/ros2_ws/install/yahboom_rosmaster' for CMake module files
[3.163s] Level 1:colcon.colcon_core.environment:checking '/home/basmala/ros2_ws/install/yahboom_rosmaster' for CMake config files
[3.163s] Level 1:colcon.colcon_core.shell:create_environment_hook('yahboom_rosmaster', 'cmake_prefix_path')
[3.163s] INFO:colcon.colcon_core.shell:Creating environment hook '/home/basmala/ros2_ws/install/yahboom_rosmaster/share/yahboom_rosmaster/hook/cmake_prefix_path.ps1'
[3.164s] INFO:colcon.colcon_core.shell:Creating environment descriptor '/home/basmala/ros2_ws/install/yahboom_rosmaster/share/yahboom_rosmaster/hook/cmake_prefix_path.dsv'
[3.164s] INFO:colcon.colcon_core.shell:Creating environment hook '/home/basmala/ros2_ws/install/yahboom_rosmaster/share/yahboom_rosmaster/hook/cmake_prefix_path.sh'
[3.165s] Level 1:colcon.colcon_core.environment:checking '/home/basmala/ros2_ws/install/yahboom_rosmaster/bin'
[3.165s] Level 1:colcon.colcon_core.environment:checking '/home/basmala/ros2_ws/install/yahboom_rosmaster/lib/pkgconfig/yahboom_rosmaster.pc'
[3.165s] Level 1:colcon.colcon_core.environment:checking '/home/basmala/ros2_ws/install/yahboom_rosmaster/lib/python3.12/site-packages'
[3.166s] Level 1:colcon.colcon_core.environment:checking '/home/basmala/ros2_ws/install/yahboom_rosmaster/bin'
[3.166s] INFO:colcon.colcon_core.shell:Creating package script '/home/basmala/ros2_ws/install/yahboom_rosmaster/share/yahboom_rosmaster/package.ps1'
[3.167s] INFO:colcon.colcon_core.shell:Creating package descriptor '/home/basmala/ros2_ws/install/yahboom_rosmaster/share/yahboom_rosmaster/package.dsv'
[3.167s] INFO:colcon.colcon_core.shell:Creating package script '/home/basmala/ros2_ws/install/yahboom_rosmaster/share/yahboom_rosmaster/package.sh'
[3.168s] INFO:colcon.colcon_core.shell:Creating package script '/home/basmala/ros2_ws/install/yahboom_rosmaster/share/yahboom_rosmaster/package.bash'
[3.169s] INFO:colcon.colcon_core.shell:Creating package script '/home/basmala/ros2_ws/install/yahboom_rosmaster/share/yahboom_rosmaster/package.zsh'
[3.169s] Level 1:colcon.colcon_core.environment:create_file_with_runtime_dependencies(/home/basmala/ros2_ws/install/yahboom_rosmaster/share/colcon-core/packages/yahboom_rosmaster)
[5.267s] DEBUG:colcon.colcon_core.event_handler.log_command:Invoked command in '/home/basmala/ros2_ws/build/turtlesim_custom_msgs' returned '0': CMAKE_PREFIX_PATH=${CMAKE_PREFIX_PATH}:/home/basmala/ros2_ws/install/first_package_python:/opt/ros/jazzy DEBUGINFOD_URLS=https://debuginfod.ubuntu.com /usr/bin/cmake --build /home/basmala/ros2_ws/build/turtlesim_custom_msgs -- -j20 -l20
[5.268s] DEBUG:colcon.colcon_core.event_handler.log_command:Invoking command in '/home/basmala/ros2_ws/build/turtlesim_custom_msgs': CMAKE_PREFIX_PATH=${CMAKE_PREFIX_PATH}:/home/basmala/ros2_ws/install/first_package_python:/opt/ros/jazzy DEBUGINFOD_URLS=https://debuginfod.ubuntu.com /usr/bin/cmake --install /home/basmala/ros2_ws/build/turtlesim_custom_msgs
[5.379s] Level 1:colcon.colcon_core.environment:create_environment_scripts_only(turtlesim_custom_msgs)
[5.380s] Level 1:colcon.colcon_core.environment:checking '/home/basmala/ros2_ws/install/turtlesim_custom_msgs' for CMake module files
[5.380s] DEBUG:colcon.colcon_core.event_handler.log_command:Invoked command in '/home/basmala/ros2_ws/build/turtlesim_custom_msgs' returned '0': CMAKE_PREFIX_PATH=${CMAKE_PREFIX_PATH}:/home/basmala/ros2_ws/install/first_package_python:/opt/ros/jazzy DEBUGINFOD_URLS=https://debuginfod.ubuntu.com /usr/bin/cmake --install /home/basmala/ros2_ws/build/turtlesim_custom_msgs
[5.382s] Level 1:colcon.colcon_core.environment:checking '/home/basmala/ros2_ws/install/turtlesim_custom_msgs' for CMake config files
[5.383s] Level 1:colcon.colcon_core.shell:create_environment_hook('turtlesim_custom_msgs', 'cmake_prefix_path')
[5.383s] INFO:colcon.colcon_core.shell:Creating environment hook '/home/basmala/ros2_ws/install/turtlesim_custom_msgs/share/turtlesim_custom_msgs/hook/cmake_prefix_path.ps1'
[5.384s] INFO:colcon.colcon_core.shell:Creating environment descriptor '/home/basmala/ros2_ws/install/turtlesim_custom_msgs/share/turtlesim_custom_msgs/hook/cmake_prefix_path.dsv'
[5.384s] INFO:colcon.colcon_core.shell:Creating environment hook '/home/basmala/ros2_ws/install/turtlesim_custom_msgs/share/turtlesim_custom_msgs/hook/cmake_prefix_path.sh'
[5.385s] Level 1:colcon.colcon_core.environment:checking '/home/basmala/ros2_ws/install/turtlesim_custom_msgs/lib'
[5.386s] Level 1:colcon.colcon_core.shell:create_environment_hook('turtlesim_custom_msgs', 'ld_library_path_lib')
[5.386s] INFO:colcon.colcon_core.shell:Creating environment hook '/home/basmala/ros2_ws/install/turtlesim_custom_msgs/share/turtlesim_custom_msgs/hook/ld_library_path_lib.ps1'
[5.387s] INFO:colcon.colcon_core.shell:Creating environment descriptor '/home/basmala/ros2_ws/install/turtlesim_custom_msgs/share/turtlesim_custom_msgs/hook/ld_library_path_lib.dsv'
[5.387s] INFO:colcon.colcon_core.shell:Creating environment hook '/home/basmala/ros2_ws/install/turtlesim_custom_msgs/share/turtlesim_custom_msgs/hook/ld_library_path_lib.sh'
[5.388s] Level 1:colcon.colcon_core.environment:checking '/home/basmala/ros2_ws/install/turtlesim_custom_msgs/bin'
[5.388s] Level 1:colcon.colcon_core.environment:checking '/home/basmala/ros2_ws/install/turtlesim_custom_msgs/lib/pkgconfig/turtlesim_custom_msgs.pc'
[5.388s] Level 1:colcon.colcon_core.environment:checking '/home/basmala/ros2_ws/install/turtlesim_custom_msgs/lib/python3.12/site-packages'
[5.388s] Level 1:colcon.colcon_core.shell:create_environment_hook('turtlesim_custom_msgs', 'pythonpath')
[5.389s] INFO:colcon.colcon_core.shell:Creating environment hook '/home/basmala/ros2_ws/install/turtlesim_custom_msgs/share/turtlesim_custom_msgs/hook/pythonpath.ps1'
[5.389s] INFO:colcon.colcon_core.shell:Creating environment descriptor '/home/basmala/ros2_ws/install/turtlesim_custom_msgs/share/turtlesim_custom_msgs/hook/pythonpath.dsv'
[5.390s] INFO:colcon.colcon_core.shell:Creating environment hook '/home/basmala/ros2_ws/install/turtlesim_custom_msgs/share/turtlesim_custom_msgs/hook/pythonpath.sh'
[5.391s] Level 1:colcon.colcon_core.environment:checking '/home/basmala/ros2_ws/install/turtlesim_custom_msgs/bin'
[5.391s] INFO:colcon.colcon_core.shell:Creating package script '/home/basmala/ros2_ws/install/turtlesim_custom_msgs/share/turtlesim_custom_msgs/package.ps1'
[5.392s] INFO:colcon.colcon_core.shell:Creating package descriptor '/home/basmala/ros2_ws/install/turtlesim_custom_msgs/share/turtlesim_custom_msgs/package.dsv'
[5.393s] INFO:colcon.colcon_core.shell:Creating package script '/home/basmala/ros2_ws/install/turtlesim_custom_msgs/share/turtlesim_custom_msgs/package.sh'
[5.393s] INFO:colcon.colcon_core.shell:Creating package script '/home/basmala/ros2_ws/install/turtlesim_custom_msgs/share/turtlesim_custom_msgs/package.bash'
[5.394s] INFO:colcon.colcon_core.shell:Creating package script '/home/basmala/ros2_ws/install/turtlesim_custom_msgs/share/turtlesim_custom_msgs/package.zsh'
[5.394s] Level 1:colcon.colcon_core.environment:create_file_with_runtime_dependencies(/home/basmala/ros2_ws/install/turtlesim_custom_msgs/share/colcon-core/packages/turtlesim_custom_msgs)
[5.395s] Level 1:colcon.colcon_core.environment:create_environment_scripts_only(turtlesim_custom_msgs)
[5.395s] Level 1:colcon.colcon_core.environment:checking '/home/basmala/ros2_ws/install/turtlesim_custom_msgs' for CMake module files
[5.396s] Level 1:colcon.colcon_core.environment:checking '/home/basmala/ros2_ws/install/turtlesim_custom_msgs' for CMake config files
[5.397s] Level 1:colcon.colcon_core.shell:create_environment_hook('turtlesim_custom_msgs', 'cmake_prefix_path')
[5.397s] INFO:colcon.colcon_core.shell:Creating environment hook '/home/basmala/ros2_ws/install/turtlesim_custom_msgs/share/turtlesim_custom_msgs/hook/cmake_prefix_path.ps1'
[5.397s] INFO:colcon.colcon_core.shell:Creating environment descriptor '/home/basmala/ros2_ws/install/turtlesim_custom_msgs/share/turtlesim_custom_msgs/hook/cmake_prefix_path.dsv'
[5.398s] INFO:colcon.colcon_core.shell:Creating environment hook '/home/basmala/ros2_ws/install/turtlesim_custom_msgs/share/turtlesim_custom_msgs/hook/cmake_prefix_path.sh'
[5.399s] Level 1:colcon.colcon_core.environment:checking '/home/basmala/ros2_ws/install/turtlesim_custom_msgs/lib'
[5.400s] Level 1:colcon.colcon_core.shell:create_environment_hook('turtlesim_custom_msgs', 'ld_library_path_lib')
[5.400s] INFO:colcon.colcon_core.shell:Creating environment hook '/home/basmala/ros2_ws/install/turtlesim_custom_msgs/share/turtlesim_custom_msgs/hook/ld_library_path_lib.ps1'
[5.400s] INFO:colcon.colcon_core.shell:Creating environment descriptor '/home/basmala/ros2_ws/install/turtlesim_custom_msgs/share/turtlesim_custom_msgs/hook/ld_library_path_lib.dsv'
[5.401s] INFO:colcon.colcon_core.shell:Creating environment hook '/home/basmala/ros2_ws/install/turtlesim_custom_msgs/share/turtlesim_custom_msgs/hook/ld_library_path_lib.sh'
[5.401s] Level 1:colcon.colcon_core.environment:checking '/home/basmala/ros2_ws/install/turtlesim_custom_msgs/bin'
[5.401s] Level 1:colcon.colcon_core.environment:checking '/home/basmala/ros2_ws/install/turtlesim_custom_msgs/lib/pkgconfig/turtlesim_custom_msgs.pc'
[5.402s] Level 1:colcon.colcon_core.environment:checking '/home/basmala/ros2_ws/install/turtlesim_custom_msgs/lib/python3.12/site-packages'
[5.402s] Level 1:colcon.colcon_core.shell:create_environment_hook('turtlesim_custom_msgs', 'pythonpath')
[5.403s] INFO:colcon.colcon_core.shell:Creating environment hook '/home/basmala/ros2_ws/install/turtlesim_custom_msgs/share/turtlesim_custom_msgs/hook/pythonpath.ps1'
[5.403s] INFO:colcon.colcon_core.shell:Creating environment descriptor '/home/basmala/ros2_ws/install/turtlesim_custom_msgs/share/turtlesim_custom_msgs/hook/pythonpath.dsv'
[5.404s] INFO:colcon.colcon_core.shell:Creating environment hook '/home/basmala/ros2_ws/install/turtlesim_custom_msgs/share/turtlesim_custom_msgs/hook/pythonpath.sh'
[5.405s] Level 1:colcon.colcon_core.environment:checking '/home/basmala/ros2_ws/install/turtlesim_custom_msgs/bin'
[5.405s] INFO:colcon.colcon_core.shell:Creating package script '/home/basmala/ros2_ws/install/turtlesim_custom_msgs/share/turtlesim_custom_msgs/package.ps1'
[5.407s] INFO:colcon.colcon_core.shell:Creating package descriptor '/home/basmala/ros2_ws/install/turtlesim_custom_msgs/share/turtlesim_custom_msgs/package.dsv'
[5.407s] INFO:colcon.colcon_core.shell:Creating package script '/home/basmala/ros2_ws/install/turtlesim_custom_msgs/share/turtlesim_custom_msgs/package.sh'
[5.408s] INFO:colcon.colcon_core.shell:Creating package script '/home/basmala/ros2_ws/install/turtlesim_custom_msgs/share/turtlesim_custom_msgs/package.bash'
[5.408s] INFO:colcon.colcon_core.shell:Creating package script '/home/basmala/ros2_ws/install/turtlesim_custom_msgs/share/turtlesim_custom_msgs/package.zsh'
[5.409s] Level 1:colcon.colcon_core.environment:create_file_with_runtime_dependencies(/home/basmala/ros2_ws/install/turtlesim_custom_msgs/share/colcon-core/packages/turtlesim_custom_msgs)
[5.409s] INFO:colcon.colcon_ros.task.ament_cmake.build:Building ROS package in '/home/basmala/ros2_ws/turtlesim_controller' with build type 'ament_cmake'
[5.409s] INFO:colcon.colcon_cmake.task.cmake.build:Building CMake package in '/home/basmala/ros2_ws/turtlesim_controller'
[5.409s] INFO:colcon.colcon_core.shell:Skip shell extension 'powershell' for command environment: Not usable outside of PowerShell
[5.409s] DEBUG:colcon.colcon_core.shell:Skip shell extension 'dsv' for command environment
[5.434s] DEBUG:colcon.colcon_core.event_handler.log_command:Invoking command in '/home/basmala/ros2_ws/build/turtlesim_controller': CMAKE_PREFIX_PATH=/home/basmala/ros2_ws/install/turtlesim_custom_msgs:/home/basmala/ros2_ws/install/yahboom_rosmaster:/home/basmala/ros2_ws/install/yahboom_rosmaster_system_tests:/home/basmala/ros2_ws/install/yahboom_rosmaster_gazebo:/home/basmala/ros2_ws/install/yahboom_rosmaster_discription:/home/basmala/ros2_ws/install/yahboom_rosmaster_bringup:/home/basmala/ros2_ws/install/turtlesim_controller:/home/basmala/ros2_ws/install/mecanum_drive_controller:/home/basmala/ros2_ws/install/first_package_cpp:/home/basmala/ros2_ws/install/bme_gazebo_sensors:/home/basmala/ros2_ws/install/assignment1_rt:/opt/ros/jazzy/opt/gz_sim_vendor:/opt/ros/jazzy/opt/gz_sensors_vendor:/opt/ros/jazzy/opt/gz_physics_vendor:/opt/ros/jazzy/opt/sdformat_vendor:/opt/ros/jazzy/opt/gz_gui_vendor:/opt/ros/jazzy/opt/gz_transport_vendor:/opt/ros/jazzy/opt/gz_rendering_vendor:/opt/ros/jazzy/opt/gz_plugin_vendor:/opt/ros/jazzy/opt/gz_fuel_tools_vendor:/opt/ros/jazzy/opt/gz_msgs_vendor:/opt/ros/jazzy/opt/gz_common_vendor:/opt/ros/jazzy/opt/gz_math_vendor:/opt/ros/jazzy/opt/gz_utils_vendor:/opt/ros/jazzy/opt/gz_tools_vendor:/opt/ros/jazzy/opt/gz_ogre_next_vendor:/opt/ros/jazzy/opt/gz_dartsim_vendor:/opt/ros/jazzy/opt/gz_cmake_vendor:/home/basmala/ros2_ws/install/first_package_python:/opt/ros/jazzy DEBUGINFOD_URLS=https://debuginfod.ubuntu.com /usr/bin/cmake /home/basmala/ros2_ws/turtlesim_controller -DCMAKE_INSTALL_PREFIX=/home/basmala/ros2_ws/install/turtlesim_controller
[7.469s] DEBUG:colcon.colcon_core.event_handler.log_command:Invoked command in '/home/basmala/ros2_ws/build/turtlesim_controller' returned '0': CMAKE_PREFIX_PATH=/home/basmala/ros2_ws/install/turtlesim_custom_msgs:/home/basmala/ros2_ws/install/yahboom_rosmaster:/home/basmala/ros2_ws/install/yahboom_rosmaster_system_tests:/home/basmala/ros2_ws/install/yahboom_rosmaster_gazebo:/home/basmala/ros2_ws/install/yahboom_rosmaster_discription:/home/basmala/ros2_ws/install/yahboom_rosmaster_bringup:/home/basmala/ros2_ws/install/turtlesim_controller:/home/basmala/ros2_ws/install/mecanum_drive_controller:/home/basmala/ros2_ws/install/first_package_cpp:/home/basmala/ros2_ws/install/bme_gazebo_sensors:/home/basmala/ros2_ws/install/assignment1_rt:/opt/ros/jazzy/opt/gz_sim_vendor:/opt/ros/jazzy/opt/gz_sensors_vendor:/opt/ros/jazzy/opt/gz_physics_vendor:/opt/ros/jazzy/opt/sdformat_vendor:/opt/ros/jazzy/opt/gz_gui_vendor:/opt/ros/jazzy/opt/gz_transport_vendor:/opt/ros/jazzy/opt/gz_rendering_vendor:/opt/ros/jazzy/opt/gz_plugin_vendor:/opt/ros/jazzy/opt/gz_fuel_tools_vendor:/opt/ros/jazzy/opt/gz_msgs_vendor:/opt/ros/jazzy/opt/gz_common_vendor:/opt/ros/jazzy/opt/gz_math_vendor:/opt/ros/jazzy/opt/gz_utils_vendor:/opt/ros/jazzy/opt/gz_tools_vendor:/opt/ros/jazzy/opt/gz_ogre_next_vendor:/opt/ros/jazzy/opt/gz_dartsim_vendor:/opt/ros/jazzy/opt/gz_cmake_vendor:/home/basmala/ros2_ws/install/first_package_python:/opt/ros/jazzy DEBUGINFOD_URLS=https://debuginfod.ubuntu.com /usr/bin/cmake /home/basmala/ros2_ws/turtlesim_controller -DCMAKE_INSTALL_PREFIX=/home/basmala/ros2_ws/install/turtlesim_controller
[7.471s] DEBUG:colcon.colcon_core.event_handler.log_command:Invoking command in '/home/basmala/ros2_ws/build/turtlesim_controller': CMAKE_PREFIX_PATH=/home/basmala/ros2_ws/install/turtlesim_custom_msgs:/home/basmala/ros2_ws/install/yahboom_rosmaster:/home/basmala/ros2_ws/install/yahboom_rosmaster_system_tests:/home/basmala/ros2_ws/install/yahboom_rosmaster_gazebo:/home/basmala/ros2_ws/install/yahboom_rosmaster_discription:/home/basmala/ros2_ws/install/yahboom_rosmaster_bringup:/home/basmala/ros2_ws/install/turtlesim_controller:/home/basmala/ros2_ws/install/mecanum_drive_controller:/home/basmala/ros2_ws/install/first_package_cpp:/home/basmala/ros2_ws/install/bme_gazebo_sensors:/home/basmala/ros2_ws/install/assignment1_rt:/opt/ros/jazzy/opt/gz_sim_vendor:/opt/ros/jazzy/opt/gz_sensors_vendor:/opt/ros/jazzy/opt/gz_physics_vendor:/opt/ros/jazzy/opt/sdformat_vendor:/opt/ros/jazzy/opt/gz_gui_vendor:/opt/ros/jazzy/opt/gz_transport_vendor:/opt/ros/jazzy/opt/gz_rendering_vendor:/opt/ros/jazzy/opt/gz_plugin_vendor:/opt/ros/jazzy/opt/gz_fuel_tools_vendor:/opt/ros/jazzy/opt/gz_msgs_vendor:/opt/ros/jazzy/opt/gz_common_vendor:/opt/ros/jazzy/opt/gz_math_vendor:/opt/ros/jazzy/opt/gz_utils_vendor:/opt/ros/jazzy/opt/gz_tools_vendor:/opt/ros/jazzy/opt/gz_ogre_next_vendor:/opt/ros/jazzy/opt/gz_dartsim_vendor:/opt/ros/jazzy/opt/gz_cmake_vendor:/home/basmala/ros2_ws/install/first_package_python:/opt/ros/jazzy DEBUGINFOD_URLS=https://debuginfod.ubuntu.com /usr/bin/cmake --build /home/basmala/ros2_ws/build/turtlesim_controller -- -j20 -l20
[11.849s] DEBUG:colcon.colcon_core.event_handler.log_command:Invoked command in '/home/basmala/ros2_ws/build/first_package_cpp' returned '0': CMAKE_PREFIX_PATH=${CMAKE_PREFIX_PATH}:/home/basmala/ros2_ws/install/first_package_python:/opt/ros/jazzy DEBUGINFOD_URLS=https://debuginfod.ubuntu.com /usr/bin/cmake --build /home/basmala/ros2_ws/build/first_package_cpp -- -j20 -l20
[11.851s] DEBUG:colcon.colcon_core.event_handler.log_command:Invoking command in '/home/basmala/ros2_ws/build/first_package_cpp': CMAKE_PREFIX_PATH=${CMAKE_PREFIX_PATH}:/home/basmala/ros2_ws/install/first_package_python:/opt/ros/jazzy DEBUGINFOD_URLS=https://debuginfod.ubuntu.com /usr/bin/cmake --install /home/basmala/ros2_ws/build/first_package_cpp
[11.871s] Level 1:colcon.colcon_core.environment:create_environment_scripts_only(first_package_cpp)
[11.871s] Level 1:colcon.colcon_core.environment:checking '/home/basmala/ros2_ws/install/first_package_cpp' for CMake module files
[11.872s] DEBUG:colcon.colcon_core.event_handler.log_command:Invoked command in '/home/basmala/ros2_ws/build/first_package_cpp' returned '0': CMAKE_PREFIX_PATH=${CMAKE_PREFIX_PATH}:/home/basmala/ros2_ws/install/first_package_python:/opt/ros/jazzy DEBUGINFOD_URLS=https://debuginfod.ubuntu.com /usr/bin/cmake --install /home/basmala/ros2_ws/build/first_package_cpp
[11.873s] Level 1:colcon.colcon_core.environment:checking '/home/basmala/ros2_ws/install/first_package_cpp' for CMake config files
[11.874s] Level 1:colcon.colcon_core.shell:create_environment_hook('first_package_cpp', 'cmake_prefix_path')
[11.874s] INFO:colcon.colcon_core.shell:Creating environment hook '/home/basmala/ros2_ws/install/first_package_cpp/share/first_package_cpp/hook/cmake_prefix_path.ps1'
[11.875s] INFO:colcon.colcon_core.shell:Creating environment descriptor '/home/basmala/ros2_ws/install/first_package_cpp/share/first_package_cpp/hook/cmake_prefix_path.dsv'
[11.876s] INFO:colcon.colcon_core.shell:Creating environment hook '/home/basmala/ros2_ws/install/first_package_cpp/share/first_package_cpp/hook/cmake_prefix_path.sh'
[11.877s] Level 1:colcon.colcon_core.environment:checking '/home/basmala/ros2_ws/install/first_package_cpp/lib'
[11.877s] Level 1:colcon.colcon_core.environment:checking '/home/basmala/ros2_ws/install/first_package_cpp/bin'
[11.877s] Level 1:colcon.colcon_core.environment:checking '/home/basmala/ros2_ws/install/first_package_cpp/lib/pkgconfig/first_package_cpp.pc'
[11.878s] Level 1:colcon.colcon_core.environment:checking '/home/basmala/ros2_ws/install/first_package_cpp/lib/python3.12/site-packages'
[11.879s] Level 1:colcon.colcon_core.environment:checking '/home/basmala/ros2_ws/install/first_package_cpp/bin'
[11.879s] INFO:colcon.colcon_core.shell:Creating package script '/home/basmala/ros2_ws/install/first_package_cpp/share/first_package_cpp/package.ps1'
[11.880s] INFO:colcon.colcon_core.shell:Creating package descriptor '/home/basmala/ros2_ws/install/first_package_cpp/share/first_package_cpp/package.dsv'
[11.881s] INFO:colcon.colcon_core.shell:Creating package script '/home/basmala/ros2_ws/install/first_package_cpp/share/first_package_cpp/package.sh'
[11.882s] INFO:colcon.colcon_core.shell:Creating package script '/home/basmala/ros2_ws/install/first_package_cpp/share/first_package_cpp/package.bash'
[11.882s] INFO:colcon.colcon_core.shell:Creating package script '/home/basmala/ros2_ws/install/first_package_cpp/share/first_package_cpp/package.zsh'
[11.883s] Level 1:colcon.colcon_core.environment:create_file_with_runtime_dependencies(/home/basmala/ros2_ws/install/first_package_cpp/share/colcon-core/packages/first_package_cpp)
[11.884s] Level 1:colcon.colcon_core.environment:create_environment_scripts_only(first_package_cpp)
[11.884s] Level 1:colcon.colcon_core.environment:checking '/home/basmala/ros2_ws/install/first_package_cpp' for CMake module files
[11.886s] Level 1:colcon.colcon_core.environment:checking '/home/basmala/ros2_ws/install/first_package_cpp' for CMake config files
[11.886s] Level 1:colcon.colcon_core.shell:create_environment_hook('first_package_cpp', 'cmake_prefix_path')
[11.886s] INFO:colcon.colcon_core.shell:Creating environment hook '/home/basmala/ros2_ws/install/first_package_cpp/share/first_package_cpp/hook/cmake_prefix_path.ps1'
[11.887s] INFO:colcon.colcon_core.shell:Creating environment descriptor '/home/basmala/ros2_ws/install/first_package_cpp/share/first_package_cpp/hook/cmake_prefix_path.dsv'
[11.888s] INFO:colcon.colcon_core.shell:Creating environment hook '/home/basmala/ros2_ws/install/first_package_cpp/share/first_package_cpp/hook/cmake_prefix_path.sh'
[11.889s] Level 1:colcon.colcon_core.environment:checking '/home/basmala/ros2_ws/install/first_package_cpp/lib'
[11.889s] Level 1:colcon.colcon_core.environment:checking '/home/basmala/ros2_ws/install/first_package_cpp/bin'
[11.889s] Level 1:colcon.colcon_core.environment:checking '/home/basmala/ros2_ws/install/first_package_cpp/lib/pkgconfig/first_package_cpp.pc'
[11.890s] Level 1:colcon.colcon_core.environment:checking '/home/basmala/ros2_ws/install/first_package_cpp/lib/python3.12/site-packages'
[11.891s] Level 1:colcon.colcon_core.environment:checking '/home/basmala/ros2_ws/install/first_package_cpp/bin'
[11.891s] INFO:colcon.colcon_core.shell:Creating package script '/home/basmala/ros2_ws/install/first_package_cpp/share/first_package_cpp/package.ps1'
[11.892s] INFO:colcon.colcon_core.shell:Creating package descriptor '/home/basmala/ros2_ws/install/first_package_cpp/share/first_package_cpp/package.dsv'
[11.893s] INFO:colcon.colcon_core.shell:Creating package script '/home/basmala/ros2_ws/install/first_package_cpp/share/first_package_cpp/package.sh'
[11.894s] INFO:colcon.colcon_core.shell:Creating package script '/home/basmala/ros2_ws/install/first_package_cpp/share/first_package_cpp/package.bash'
[11.895s] INFO:colcon.colcon_core.shell:Creating package script '/home/basmala/ros2_ws/install/first_package_cpp/share/first_package_cpp/package.zsh'
[11.895s] Level 1:colcon.colcon_core.environment:create_file_with_runtime_dependencies(/home/basmala/ros2_ws/install/first_package_cpp/share/colcon-core/packages/first_package_cpp)
[14.222s] DEBUG:colcon.colcon_core.event_handler.log_command:Invoked command in '/home/basmala/ros2_ws/build/assignment1_rt' returned '0': CMAKE_PREFIX_PATH=${CMAKE_PREFIX_PATH}:/home/basmala/ros2_ws/install/first_package_python:/opt/ros/jazzy DEBUGINFOD_URLS=https://debuginfod.ubuntu.com /usr/bin/cmake --build /home/basmala/ros2_ws/build/assignment1_rt -- -j20 -l20
[14.224s] DEBUG:colcon.colcon_core.event_handler.log_command:Invoking command in '/home/basmala/ros2_ws/build/assignment1_rt': CMAKE_PREFIX_PATH=${CMAKE_PREFIX_PATH}:/home/basmala/ros2_ws/install/first_package_python:/opt/ros/jazzy DEBUGINFOD_URLS=https://debuginfod.ubuntu.com /usr/bin/cmake --install /home/basmala/ros2_ws/build/assignment1_rt
[14.259s] Level 1:colcon.colcon_core.environment:create_environment_scripts_only(assignment1_rt)
[14.260s] Level 1:colcon.colcon_core.environment:checking '/home/basmala/ros2_ws/install/assignment1_rt' for CMake module files
[14.261s] DEBUG:colcon.colcon_core.event_handler.log_command:Invoked command in '/home/basmala/ros2_ws/build/assignment1_rt' returned '0': CMAKE_PREFIX_PATH=${CMAKE_PREFIX_PATH}:/home/basmala/ros2_ws/install/first_package_python:/opt/ros/jazzy DEBUGINFOD_URLS=https://debuginfod.ubuntu.com /usr/bin/cmake --install /home/basmala/ros2_ws/build/assignment1_rt
[14.261s] Level 1:colcon.colcon_core.environment:checking '/home/basmala/ros2_ws/install/assignment1_rt' for CMake config files
[14.262s] Level 1:colcon.colcon_core.shell:create_environment_hook('assignment1_rt', 'cmake_prefix_path')
[14.262s] INFO:colcon.colcon_core.shell:Creating environment hook '/home/basmala/ros2_ws/install/assignment1_rt/share/assignment1_rt/hook/cmake_prefix_path.ps1'
[14.263s] INFO:colcon.colcon_core.shell:Creating environment descriptor '/home/basmala/ros2_ws/install/assignment1_rt/share/assignment1_rt/hook/cmake_prefix_path.dsv'
[14.264s] INFO:colcon.colcon_core.shell:Creating environment hook '/home/basmala/ros2_ws/install/assignment1_rt/share/assignment1_rt/hook/cmake_prefix_path.sh'
[14.265s] Level 1:colcon.colcon_core.environment:checking '/home/basmala/ros2_ws/install/assignment1_rt/lib'
[14.265s] Level 1:colcon.colcon_core.environment:checking '/home/basmala/ros2_ws/install/assignment1_rt/bin'
[14.265s] Level 1:colcon.colcon_core.environment:checking '/home/basmala/ros2_ws/install/assignment1_rt/lib/pkgconfig/assignment1_rt.pc'
[14.265s] Level 1:colcon.colcon_core.environment:checking '/home/basmala/ros2_ws/install/assignment1_rt/lib/python3.12/site-packages'
[14.266s] Level 1:colcon.colcon_core.environment:checking '/home/basmala/ros2_ws/install/assignment1_rt/bin'
[14.266s] INFO:colcon.colcon_core.shell:Creating package script '/home/basmala/ros2_ws/install/assignment1_rt/share/assignment1_rt/package.ps1'
[14.267s] INFO:colcon.colcon_core.shell:Creating package descriptor '/home/basmala/ros2_ws/install/assignment1_rt/share/assignment1_rt/package.dsv'
[14.268s] INFO:colcon.colcon_core.shell:Creating package script '/home/basmala/ros2_ws/install/assignment1_rt/share/assignment1_rt/package.sh'
[14.268s] INFO:colcon.colcon_core.shell:Creating package script '/home/basmala/ros2_ws/install/assignment1_rt/share/assignment1_rt/package.bash'
[14.269s] INFO:colcon.colcon_core.shell:Creating package script '/home/basmala/ros2_ws/install/assignment1_rt/share/assignment1_rt/package.zsh'
[14.269s] Level 1:colcon.colcon_core.environment:create_file_with_runtime_dependencies(/home/basmala/ros2_ws/install/assignment1_rt/share/colcon-core/packages/assignment1_rt)
[14.270s] Level 1:colcon.colcon_core.environment:create_environment_scripts_only(assignment1_rt)
[14.271s] Level 1:colcon.colcon_core.environment:checking '/home/basmala/ros2_ws/install/assignment1_rt' for CMake module files
[14.272s] Level 1:colcon.colcon_core.environment:checking '/home/basmala/ros2_ws/install/assignment1_rt' for CMake config files
[14.272s] Level 1:colcon.colcon_core.shell:create_environment_hook('assignment1_rt', 'cmake_prefix_path')
[14.272s] INFO:colcon.colcon_core.shell:Creating environment hook '/home/basmala/ros2_ws/install/assignment1_rt/share/assignment1_rt/hook/cmake_prefix_path.ps1'
[14.273s] INFO:colcon.colcon_core.shell:Creating environment descriptor '/home/basmala/ros2_ws/install/assignment1_rt/share/assignment1_rt/hook/cmake_prefix_path.dsv'
[14.274s] INFO:colcon.colcon_core.shell:Creating environment hook '/home/basmala/ros2_ws/install/assignment1_rt/share/assignment1_rt/hook/cmake_prefix_path.sh'
[14.275s] Level 1:colcon.colcon_core.environment:checking '/home/basmala/ros2_ws/install/assignment1_rt/lib'
[14.275s] Level 1:colcon.colcon_core.environment:checking '/home/basmala/ros2_ws/install/assignment1_rt/bin'
[14.275s] Level 1:colcon.colcon_core.environment:checking '/home/basmala/ros2_ws/install/assignment1_rt/lib/pkgconfig/assignment1_rt.pc'
[14.275s] Level 1:colcon.colcon_core.environment:checking '/home/basmala/ros2_ws/install/assignment1_rt/lib/python3.12/site-packages'
[14.276s] Level 1:colcon.colcon_core.environment:checking '/home/basmala/ros2_ws/install/assignment1_rt/bin'
[14.276s] INFO:colcon.colcon_core.shell:Creating package script '/home/basmala/ros2_ws/install/assignment1_rt/share/assignment1_rt/package.ps1'
[14.277s] INFO:colcon.colcon_core.shell:Creating package descriptor '/home/basmala/ros2_ws/install/assignment1_rt/share/assignment1_rt/package.dsv'
[14.279s] INFO:colcon.colcon_core.shell:Creating package script '/home/basmala/ros2_ws/install/assignment1_rt/share/assignment1_rt/package.sh'
[14.280s] INFO:colcon.colcon_core.shell:Creating package script '/home/basmala/ros2_ws/install/assignment1_rt/share/assignment1_rt/package.bash'
[14.281s] INFO:colcon.colcon_core.shell:Creating package script '/home/basmala/ros2_ws/install/assignment1_rt/share/assignment1_rt/package.zsh'
[14.281s] Level 1:colcon.colcon_core.environment:create_file_with_runtime_dependencies(/home/basmala/ros2_ws/install/assignment1_rt/share/colcon-core/packages/assignment1_rt)
[21.082s] DEBUG:colcon.colcon_core.event_handler.log_command:Invoked command in '/home/basmala/ros2_ws/build/mecanum_drive_controller' returned '0': CMAKE_PREFIX_PATH=${CMAKE_PREFIX_PATH}:/home/basmala/ros2_ws/install/first_package_python:/opt/ros/jazzy DEBUGINFOD_URLS=https://debuginfod.ubuntu.com /usr/bin/cmake --build /home/basmala/ros2_ws/build/mecanum_drive_controller -- -j20 -l20
[21.083s] DEBUG:colcon.colcon_core.event_handler.log_command:Invoking command in '/home/basmala/ros2_ws/build/mecanum_drive_controller': CMAKE_PREFIX_PATH=${CMAKE_PREFIX_PATH}:/home/basmala/ros2_ws/install/first_package_python:/opt/ros/jazzy DEBUGINFOD_URLS=https://debuginfod.ubuntu.com /usr/bin/cmake --install /home/basmala/ros2_ws/build/mecanum_drive_controller
[21.102s] Level 1:colcon.colcon_core.environment:create_environment_scripts_only(mecanum_drive_controller)
[21.103s] DEBUG:colcon.colcon_core.event_handler.log_command:Invoked command in '/home/basmala/ros2_ws/build/mecanum_drive_controller' returned '0': CMAKE_PREFIX_PATH=${CMAKE_PREFIX_PATH}:/home/basmala/ros2_ws/install/first_package_python:/opt/ros/jazzy DEBUGINFOD_URLS=https://debuginfod.ubuntu.com /usr/bin/cmake --install /home/basmala/ros2_ws/build/mecanum_drive_controller
[21.103s] Level 1:colcon.colcon_core.environment:checking '/home/basmala/ros2_ws/install/mecanum_drive_controller' for CMake module files
[21.103s] Level 1:colcon.colcon_core.environment:checking '/home/basmala/ros2_ws/install/mecanum_drive_controller' for CMake config files
[21.104s] Level 1:colcon.colcon_core.shell:create_environment_hook('mecanum_drive_controller', 'cmake_prefix_path')
[21.104s] INFO:colcon.colcon_core.shell:Creating environment hook '/home/basmala/ros2_ws/install/mecanum_drive_controller/share/mecanum_drive_controller/hook/cmake_prefix_path.ps1'
[21.104s] INFO:colcon.colcon_core.shell:Creating environment descriptor '/home/basmala/ros2_ws/install/mecanum_drive_controller/share/mecanum_drive_controller/hook/cmake_prefix_path.dsv'
[21.104s] INFO:colcon.colcon_core.shell:Creating environment hook '/home/basmala/ros2_ws/install/mecanum_drive_controller/share/mecanum_drive_controller/hook/cmake_prefix_path.sh'
[21.105s] Level 1:colcon.colcon_core.environment:checking '/home/basmala/ros2_ws/install/mecanum_drive_controller/lib'
[21.105s] Level 1:colcon.colcon_core.shell:create_environment_hook('mecanum_drive_controller', 'ld_library_path_lib')
[21.105s] INFO:colcon.colcon_core.shell:Creating environment hook '/home/basmala/ros2_ws/install/mecanum_drive_controller/share/mecanum_drive_controller/hook/ld_library_path_lib.ps1'
[21.105s] INFO:colcon.colcon_core.shell:Creating environment descriptor '/home/basmala/ros2_ws/install/mecanum_drive_controller/share/mecanum_drive_controller/hook/ld_library_path_lib.dsv'
[21.106s] INFO:colcon.colcon_core.shell:Creating environment hook '/home/basmala/ros2_ws/install/mecanum_drive_controller/share/mecanum_drive_controller/hook/ld_library_path_lib.sh'
[21.106s] Level 1:colcon.colcon_core.environment:checking '/home/basmala/ros2_ws/install/mecanum_drive_controller/bin'
[21.106s] Level 1:colcon.colcon_core.environment:checking '/home/basmala/ros2_ws/install/mecanum_drive_controller/lib/pkgconfig/mecanum_drive_controller.pc'
[21.106s] Level 1:colcon.colcon_core.environment:checking '/home/basmala/ros2_ws/install/mecanum_drive_controller/lib/python3.12/site-packages'
[21.107s] Level 1:colcon.colcon_core.environment:checking '/home/basmala/ros2_ws/install/mecanum_drive_controller/bin'
[21.107s] INFO:colcon.colcon_core.shell:Creating package script '/home/basmala/ros2_ws/install/mecanum_drive_controller/share/mecanum_drive_controller/package.ps1'
[21.107s] INFO:colcon.colcon_core.shell:Creating package descriptor '/home/basmala/ros2_ws/install/mecanum_drive_controller/share/mecanum_drive_controller/package.dsv'
[21.108s] INFO:colcon.colcon_core.shell:Creating package script '/home/basmala/ros2_ws/install/mecanum_drive_controller/share/mecanum_drive_controller/package.sh'
[21.108s] INFO:colcon.colcon_core.shell:Creating package script '/home/basmala/ros2_ws/install/mecanum_drive_controller/share/mecanum_drive_controller/package.bash'
[21.108s] INFO:colcon.colcon_core.shell:Creating package script '/home/basmala/ros2_ws/install/mecanum_drive_controller/share/mecanum_drive_controller/package.zsh'
[21.109s] Level 1:colcon.colcon_core.environment:create_file_with_runtime_dependencies(/home/basmala/ros2_ws/install/mecanum_drive_controller/share/colcon-core/packages/mecanum_drive_controller)
[21.109s] Level 1:colcon.colcon_core.environment:create_environment_scripts_only(mecanum_drive_controller)
[21.109s] Level 1:colcon.colcon_core.environment:checking '/home/basmala/ros2_ws/install/mecanum_drive_controller' for CMake module files
[21.110s] Level 1:colcon.colcon_core.environment:checking '/home/basmala/ros2_ws/install/mecanum_drive_controller' for CMake config files
[21.110s] Level 1:colcon.colcon_core.shell:create_environment_hook('mecanum_drive_controller', 'cmake_prefix_path')
[21.110s] INFO:colcon.colcon_core.shell:Creating environment hook '/home/basmala/ros2_ws/install/mecanum_drive_controller/share/mecanum_drive_controller/hook/cmake_prefix_path.ps1'
[21.110s] INFO:colcon.colcon_core.shell:Creating environment descriptor '/home/basmala/ros2_ws/install/mecanum_drive_controller/share/mecanum_drive_controller/hook/cmake_prefix_path.dsv'
[21.111s] INFO:colcon.colcon_core.shell:Creating environment hook '/home/basmala/ros2_ws/install/mecanum_drive_controller/share/mecanum_drive_controller/hook/cmake_prefix_path.sh'
[21.111s] Level 1:colcon.colcon_core.environment:checking '/home/basmala/ros2_ws/install/mecanum_drive_controller/lib'
[21.111s] Level 1:colcon.colcon_core.shell:create_environment_hook('mecanum_drive_controller', 'ld_library_path_lib')
[21.111s] INFO:colcon.colcon_core.shell:Creating environment hook '/home/basmala/ros2_ws/install/mecanum_drive_controller/share/mecanum_drive_controller/hook/ld_library_path_lib.ps1'
[21.112s] INFO:colcon.colcon_core.shell:Creating environment descriptor '/home/basmala/ros2_ws/install/mecanum_drive_controller/share/mecanum_drive_controller/hook/ld_library_path_lib.dsv'
[21.112s] INFO:colcon.colcon_core.shell:Creating environment hook '/home/basmala/ros2_ws/install/mecanum_drive_controller/share/mecanum_drive_controller/hook/ld_library_path_lib.sh'
[21.112s] Level 1:colcon.colcon_core.environment:checking '/home/basmala/ros2_ws/install/mecanum_drive_controller/bin'
[21.112s] Level 1:colcon.colcon_core.environment:checking '/home/basmala/ros2_ws/install/mecanum_drive_controller/lib/pkgconfig/mecanum_drive_controller.pc'
[21.113s] Level 1:colcon.colcon_core.environment:checking '/home/basmala/ros2_ws/install/mecanum_drive_controller/lib/python3.12/site-packages'
[21.113s] Level 1:colcon.colcon_core.environment:checking '/home/basmala/ros2_ws/install/mecanum_drive_controller/bin'
[21.113s] INFO:colcon.colcon_core.shell:Creating package script '/home/basmala/ros2_ws/install/mecanum_drive_controller/share/mecanum_drive_controller/package.ps1'
[21.114s] INFO:colcon.colcon_core.shell:Creating package descriptor '/home/basmala/ros2_ws/install/mecanum_drive_controller/share/mecanum_drive_controller/package.dsv'
[21.114s] INFO:colcon.colcon_core.shell:Creating package script '/home/basmala/ros2_ws/install/mecanum_drive_controller/share/mecanum_drive_controller/package.sh'
[21.114s] INFO:colcon.colcon_core.shell:Creating package script '/home/basmala/ros2_ws/install/mecanum_drive_controller/share/mecanum_drive_controller/package.bash'
[21.115s] INFO:colcon.colcon_core.shell:Creating package script '/home/basmala/ros2_ws/install/mecanum_drive_controller/share/mecanum_drive_controller/package.zsh'
[21.115s] Level 1:colcon.colcon_core.environment:create_file_with_runtime_dependencies(/home/basmala/ros2_ws/install/mecanum_drive_controller/share/colcon-core/packages/mecanum_drive_controller)
[21.349s] DEBUG:colcon.colcon_core.event_handler.log_command:Invoked command in '/home/basmala/ros2_ws/build/turtlesim_controller' returned '0': CMAKE_PREFIX_PATH=/home/basmala/ros2_ws/install/turtlesim_custom_msgs:/home/basmala/ros2_ws/install/yahboom_rosmaster:/home/basmala/ros2_ws/install/yahboom_rosmaster_system_tests:/home/basmala/ros2_ws/install/yahboom_rosmaster_gazebo:/home/basmala/ros2_ws/install/yahboom_rosmaster_discription:/home/basmala/ros2_ws/install/yahboom_rosmaster_bringup:/home/basmala/ros2_ws/install/turtlesim_controller:/home/basmala/ros2_ws/install/mecanum_drive_controller:/home/basmala/ros2_ws/install/first_package_cpp:/home/basmala/ros2_ws/install/bme_gazebo_sensors:/home/basmala/ros2_ws/install/assignment1_rt:/opt/ros/jazzy/opt/gz_sim_vendor:/opt/ros/jazzy/opt/gz_sensors_vendor:/opt/ros/jazzy/opt/gz_physics_vendor:/opt/ros/jazzy/opt/sdformat_vendor:/opt/ros/jazzy/opt/gz_gui_vendor:/opt/ros/jazzy/opt/gz_transport_vendor:/opt/ros/jazzy/opt/gz_rendering_vendor:/opt/ros/jazzy/opt/gz_plugin_vendor:/opt/ros/jazzy/opt/gz_fuel_tools_vendor:/opt/ros/jazzy/opt/gz_msgs_vendor:/opt/ros/jazzy/opt/gz_common_vendor:/opt/ros/jazzy/opt/gz_math_vendor:/opt/ros/jazzy/opt/gz_utils_vendor:/opt/ros/jazzy/opt/gz_tools_vendor:/opt/ros/jazzy/opt/gz_ogre_next_vendor:/opt/ros/jazzy/opt/gz_dartsim_vendor:/opt/ros/jazzy/opt/gz_cmake_vendor:/home/basmala/ros2_ws/install/first_package_python:/opt/ros/jazzy DEBUGINFOD_URLS=https://debuginfod.ubuntu.com /usr/bin/cmake --build /home/basmala/ros2_ws/build/turtlesim_controller -- -j20 -l20
[21.351s] DEBUG:colcon.colcon_core.event_handler.log_command:Invoking command in '/home/basmala/ros2_ws/build/turtlesim_controller': CMAKE_PREFIX_PATH=/home/basmala/ros2_ws/install/turtlesim_custom_msgs:/home/basmala/ros2_ws/install/yahboom_rosmaster:/home/basmala/ros2_ws/install/yahboom_rosmaster_system_tests:/home/basmala/ros2_ws/install/yahboom_rosmaster_gazebo:/home/basmala/ros2_ws/install/yahboom_rosmaster_discription:/home/basmala/ros2_ws/install/yahboom_rosmaster_bringup:/home/basmala/ros2_ws/install/turtlesim_controller:/home/basmala/ros2_ws/install/mecanum_drive_controller:/home/basmala/ros2_ws/install/first_package_cpp:/home/basmala/ros2_ws/install/bme_gazebo_sensors:/home/basmala/ros2_ws/install/assignment1_rt:/opt/ros/jazzy/opt/gz_sim_vendor:/opt/ros/jazzy/opt/gz_sensors_vendor:/opt/ros/jazzy/opt/gz_physics_vendor:/opt/ros/jazzy/opt/sdformat_vendor:/opt/ros/jazzy/opt/gz_gui_vendor:/opt/ros/jazzy/opt/gz_transport_vendor:/opt/ros/jazzy/opt/gz_rendering_vendor:/opt/ros/jazzy/opt/gz_plugin_vendor:/opt/ros/jazzy/opt/gz_fuel_tools_vendor:/opt/ros/jazzy/opt/gz_msgs_vendor:/opt/ros/jazzy/opt/gz_common_vendor:/opt/ros/jazzy/opt/gz_math_vendor:/opt/ros/jazzy/opt/gz_utils_vendor:/opt/ros/jazzy/opt/gz_tools_vendor:/opt/ros/jazzy/opt/gz_ogre_next_vendor:/opt/ros/jazzy/opt/gz_dartsim_vendor:/opt/ros/jazzy/opt/gz_cmake_vendor:/home/basmala/ros2_ws/install/first_package_python:/opt/ros/jazzy DEBUGINFOD_URLS=https://debuginfod.ubuntu.com /usr/bin/cmake --install /home/basmala/ros2_ws/build/turtlesim_controller
[21.396s] Level 1:colcon.colcon_core.environment:create_environment_scripts_only(turtlesim_controller)
[21.397s] Level 1:colcon.colcon_core.environment:checking '/home/basmala/ros2_ws/install/turtlesim_controller' for CMake module files
[21.397s] DEBUG:colcon.colcon_core.event_handler.log_command:Invoked command in '/home/basmala/ros2_ws/build/turtlesim_controller' returned '0': CMAKE_PREFIX_PATH=/home/basmala/ros2_ws/install/turtlesim_custom_msgs:/home/basmala/ros2_ws/install/yahboom_rosmaster:/home/basmala/ros2_ws/install/yahboom_rosmaster_system_tests:/home/basmala/ros2_ws/install/yahboom_rosmaster_gazebo:/home/basmala/ros2_ws/install/yahboom_rosmaster_discription:/home/basmala/ros2_ws/install/yahboom_rosmaster_bringup:/home/basmala/ros2_ws/install/turtlesim_controller:/home/basmala/ros2_ws/install/mecanum_drive_controller:/home/basmala/ros2_ws/install/first_package_cpp:/home/basmala/ros2_ws/install/bme_gazebo_sensors:/home/basmala/ros2_ws/install/assignment1_rt:/opt/ros/jazzy/opt/gz_sim_vendor:/opt/ros/jazzy/opt/gz_sensors_vendor:/opt/ros/jazzy/opt/gz_physics_vendor:/opt/ros/jazzy/opt/sdformat_vendor:/opt/ros/jazzy/opt/gz_gui_vendor:/opt/ros/jazzy/opt/gz_transport_vendor:/opt/ros/jazzy/opt/gz_rendering_vendor:/opt/ros/jazzy/opt/gz_plugin_vendor:/opt/ros/jazzy/opt/gz_fuel_tools_vendor:/opt/ros/jazzy/opt/gz_msgs_vendor:/opt/ros/jazzy/opt/gz_common_vendor:/opt/ros/jazzy/opt/gz_math_vendor:/opt/ros/jazzy/opt/gz_utils_vendor:/opt/ros/jazzy/opt/gz_tools_vendor:/opt/ros/jazzy/opt/gz_ogre_next_vendor:/opt/ros/jazzy/opt/gz_dartsim_vendor:/opt/ros/jazzy/opt/gz_cmake_vendor:/home/basmala/ros2_ws/install/first_package_python:/opt/ros/jazzy DEBUGINFOD_URLS=https://debuginfod.ubuntu.com /usr/bin/cmake --install /home/basmala/ros2_ws/build/turtlesim_controller
[21.398s] Level 1:colcon.colcon_core.environment:checking '/home/basmala/ros2_ws/install/turtlesim_controller' for CMake config files
[21.398s] Level 1:colcon.colcon_core.shell:create_environment_hook('turtlesim_controller', 'cmake_prefix_path')
[21.398s] INFO:colcon.colcon_core.shell:Creating environment hook '/home/basmala/ros2_ws/install/turtlesim_controller/share/turtlesim_controller/hook/cmake_prefix_path.ps1'
[21.399s] INFO:colcon.colcon_core.shell:Creating environment descriptor '/home/basmala/ros2_ws/install/turtlesim_controller/share/turtlesim_controller/hook/cmake_prefix_path.dsv'
[21.400s] INFO:colcon.colcon_core.shell:Creating environment hook '/home/basmala/ros2_ws/install/turtlesim_controller/share/turtlesim_controller/hook/cmake_prefix_path.sh'
[21.400s] Level 1:colcon.colcon_core.environment:checking '/home/basmala/ros2_ws/install/turtlesim_controller/lib'
[21.401s] Level 1:colcon.colcon_core.environment:checking '/home/basmala/ros2_ws/install/turtlesim_controller/bin'
[21.401s] Level 1:colcon.colcon_core.environment:checking '/home/basmala/ros2_ws/install/turtlesim_controller/lib/pkgconfig/turtlesim_controller.pc'
[21.401s] Level 1:colcon.colcon_core.environment:checking '/home/basmala/ros2_ws/install/turtlesim_controller/lib/python3.12/site-packages'
[21.402s] Level 1:colcon.colcon_core.environment:checking '/home/basmala/ros2_ws/install/turtlesim_controller/bin'
[21.402s] INFO:colcon.colcon_core.shell:Creating package script '/home/basmala/ros2_ws/install/turtlesim_controller/share/turtlesim_controller/package.ps1'
[21.402s] INFO:colcon.colcon_core.shell:Creating package descriptor '/home/basmala/ros2_ws/install/turtlesim_controller/share/turtlesim_controller/package.dsv'
[21.403s] INFO:colcon.colcon_core.shell:Creating package script '/home/basmala/ros2_ws/install/turtlesim_controller/share/turtlesim_controller/package.sh'
[21.404s] INFO:colcon.colcon_core.shell:Creating package script '/home/basmala/ros2_ws/install/turtlesim_controller/share/turtlesim_controller/package.bash'
[21.404s] INFO:colcon.colcon_core.shell:Creating package script '/home/basmala/ros2_ws/install/turtlesim_controller/share/turtlesim_controller/package.zsh'
[21.404s] Level 1:colcon.colcon_core.environment:create_file_with_runtime_dependencies(/home/basmala/ros2_ws/install/turtlesim_controller/share/colcon-core/packages/turtlesim_controller)
[21.405s] Level 1:colcon.colcon_core.environment:create_environment_scripts_only(turtlesim_controller)
[21.405s] Level 1:colcon.colcon_core.environment:checking '/home/basmala/ros2_ws/install/turtlesim_controller' for CMake module files
[21.406s] Level 1:colcon.colcon_core.environment:checking '/home/basmala/ros2_ws/install/turtlesim_controller' for CMake config files
[21.406s] Level 1:colcon.colcon_core.shell:create_environment_hook('turtlesim_controller', 'cmake_prefix_path')
[21.407s] INFO:colcon.colcon_core.shell:Creating environment hook '/home/basmala/ros2_ws/install/turtlesim_controller/share/turtlesim_controller/hook/cmake_prefix_path.ps1'
[21.407s] INFO:colcon.colcon_core.shell:Creating environment descriptor '/home/basmala/ros2_ws/install/turtlesim_controller/share/turtlesim_controller/hook/cmake_prefix_path.dsv'
[21.408s] INFO:colcon.colcon_core.shell:Creating environment hook '/home/basmala/ros2_ws/install/turtlesim_controller/share/turtlesim_controller/hook/cmake_prefix_path.sh'
[21.409s] Level 1:colcon.colcon_core.environment:checking '/home/basmala/ros2_ws/install/turtlesim_controller/lib'
[21.409s] Level 1:colcon.colcon_core.environment:checking '/home/basmala/ros2_ws/install/turtlesim_controller/bin'
[21.409s] Level 1:colcon.colcon_core.environment:checking '/home/basmala/ros2_ws/install/turtlesim_controller/lib/pkgconfig/turtlesim_controller.pc'
[21.409s] Level 1:colcon.colcon_core.environment:checking '/home/basmala/ros2_ws/install/turtlesim_controller/lib/python3.12/site-packages'
[21.410s] Level 1:colcon.colcon_core.environment:checking '/home/basmala/ros2_ws/install/turtlesim_controller/bin'
[21.410s] INFO:colcon.colcon_core.shell:Creating package script '/home/basmala/ros2_ws/install/turtlesim_controller/share/turtlesim_controller/package.ps1'
[21.411s] INFO:colcon.colcon_core.shell:Creating package descriptor '/home/basmala/ros2_ws/install/turtlesim_controller/share/turtlesim_controller/package.dsv'
[21.412s] INFO:colcon.colcon_core.shell:Creating package script '/home/basmala/ros2_ws/install/turtlesim_controller/share/turtlesim_controller/package.sh'
[21.412s] INFO:colcon.colcon_core.shell:Creating package script '/home/basmala/ros2_ws/install/turtlesim_controller/share/turtlesim_controller/package.bash'
[21.413s] INFO:colcon.colcon_core.shell:Creating package script '/home/basmala/ros2_ws/install/turtlesim_controller/share/turtlesim_controller/package.zsh'
[21.413s] Level 1:colcon.colcon_core.environment:create_file_with_runtime_dependencies(/home/basmala/ros2_ws/install/turtlesim_controller/share/colcon-core/packages/turtlesim_controller)
[21.414s] DEBUG:colcon.colcon_parallel_executor.executor.parallel:closing loop
[21.414s] DEBUG:colcon.colcon_parallel_executor.executor.parallel:loop closed
[21.414s] DEBUG:colcon.colcon_parallel_executor.executor.parallel:run_until_complete finished with '0'
[21.414s] DEBUG:colcon.colcon_core.event_reactor:joining thread
[21.445s] INFO:colcon.colcon_core.plugin_system:Skipping extension 'colcon_notification.desktop_notification.terminal_notifier': Not used on non-Darwin systems
[21.445s] INFO:colcon.colcon_core.plugin_system:Skipping extension 'colcon_notification.desktop_notification.win32': Not used on non-Windows systems
[21.446s] INFO:colcon.colcon_notification.desktop_notification:Sending desktop notification using 'notify2'
[21.470s] DEBUG:colcon.colcon_core.event_reactor:joined thread
[21.470s] INFO:colcon.colcon_core.shell:Creating prefix script '/home/basmala/ros2_ws/install/local_setup.ps1'
[21.472s] INFO:colcon.colcon_core.shell:Creating prefix util module '/home/basmala/ros2_ws/install/_local_setup_util_ps1.py'
[21.473s] INFO:colcon.colcon_core.shell:Creating prefix chain script '/home/basmala/ros2_ws/install/setup.ps1'
[21.475s] INFO:colcon.colcon_core.shell:Creating prefix script '/home/basmala/ros2_ws/install/local_setup.sh'
[21.476s] INFO:colcon.colcon_core.shell:Creating prefix util module '/home/basmala/ros2_ws/install/_local_setup_util_sh.py'
[21.476s] INFO:colcon.colcon_core.shell:Creating prefix chain script '/home/basmala/ros2_ws/install/setup.sh'
[21.478s] INFO:colcon.colcon_core.shell:Creating prefix script '/home/basmala/ros2_ws/install/local_setup.bash'
[21.479s] INFO:colcon.colcon_core.shell:Creating prefix chain script '/home/basmala/ros2_ws/install/setup.bash'
[21.481s] INFO:colcon.colcon_core.shell:Creating prefix script '/home/basmala/ros2_ws/install/local_setup.zsh'
[21.481s] INFO:colcon.colcon_core.shell:Creating prefix chain script '/home/basmala/ros2_ws/install/setup.zsh'
