[0.000000] (-) TimerEvent: {}
[0.000632] (-) JobUnselected: {'identifier': 'assignment1_rt'}
[0.000856] (-) JobUnselected: {'identifier': 'bme_gazebo_sensors'}
[0.000965] (-) JobUnselected: {'identifier': 'first_package_cpp'}
[0.001014] (-) JobUnselected: {'identifier': 'first_package_python'}
[0.001041] (-) JobUnselected: {'identifier': 'mecanum_drive_controller'}
[0.001088] (-) JobUnselected: {'identifier': 'turtlesim_controller'}
[0.001468] (-) JobUnselected: {'identifier': 'turtlesim_custom_msgs'}
[0.001509] (-) JobUnselected: {'identifier': 'yahboom_rosmaster'}
[0.001665] (-) JobUnselected: {'identifier': 'yahboom_rosmaster_bringup'}
[0.001722] (-) JobUnselected: {'identifier': 'yahboom_rosmaster_description'}
[0.001743] (-) JobUnselected: {'identifier': 'yahboom_rosmaster_gazebo'}
[0.001761] (-) JobUnselected: {'identifier': 'yahboom_rosmaster_system_tests'}
[0.001799] (assignment2_custom_msgs_srvs) JobQueued: {'identifier': 'assignment2_custom_msgs_srvs', 'dependencies': OrderedDict()}
[0.001823] (assignment2_rt) JobQueued: {'identifier': 'assignment2_rt', 'dependencies': OrderedDict({'assignment2_custom_msgs_srvs': '/home/basmala/ros2_ws/install/assignment2_custom_msgs_srvs'})}
[0.001850] (assignment2_custom_msgs_srvs) JobStarted: {'identifier': 'assignment2_custom_msgs_srvs'}
[0.009592] (assignment2_custom_msgs_srvs) JobProgress: {'identifier': 'assignment2_custom_msgs_srvs', 'progress': 'cmake'}
[0.012569] (assignment2_custom_msgs_srvs) JobProgress: {'identifier': 'assignment2_custom_msgs_srvs', 'progress': 'build'}
[0.012643] (assignment2_custom_msgs_srvs) Command: {'cmd': ['/usr/bin/cmake', '--build', '/home/basmala/ros2_ws/build/assignment2_custom_msgs_srvs', '--', '-j20', '-l20'], 'cwd': '/home/basmala/ros2_ws/build/assignment2_custom_msgs_srvs', 'env': OrderedDict({'GJS_DEBUG_TOPICS': 'JS ERROR;JS LOG', 'PYTHON_BASIC_REPL': '1', 'LESSOPEN': '| /usr/bin/lesspipe %s', 'GZ_SIM_RESOURCE_PATH': '/opt/ros/jazzy/share', 'USER': 'basmala', 'LC_TIME': 'ar_EG.UTF-8', 'GZ_CONFIG_PATH': '/opt/ros/jazzy/opt/gz_sim_vendor/share/gz:/opt/ros/jazzy/opt/sdformat_vendor/share/gz:/opt/ros/jazzy/opt/gz_gui_vendor/share/gz:/opt/ros/jazzy/opt/gz_transport_vendor/share/gz:/opt/ros/jazzy/opt/gz_rendering_vendor/share/gz:/opt/ros/jazzy/opt/gz_plugin_vendor/share/gz:/opt/ros/jazzy/opt/gz_fuel_tools_vendor/share/gz:/opt/ros/jazzy/opt/gz_msgs_vendor/share/gz:/opt/ros/jazzy/opt/gz_common_vendor/share/gz', 'XDG_SESSION_TYPE': 'wayland', 'GIT_ASKPASS': '/usr/share/code/resources/app/extensions/git/dist/askpass.sh', 'CLUTTER_DISABLE_MIPMAPPED_TEXT': '1', 'SHLVL': '1', 'LD_LIBRARY_PATH': '/home/basmala/ros2_ws/install/turtlesim_custom_msgs/lib:/home/basmala/ros2_ws/install/mecanum_drive_controller/lib:/home/basmala/ros2_ws/install/assignment2_custom_msgs_srvs/lib:/opt/ros/jazzy/opt/gz_sim_vendor/lib:/opt/ros/jazzy/opt/gz_sensors_vendor/lib:/opt/ros/jazzy/opt/gz_physics_vendor/lib:/opt/ros/jazzy/opt/sdformat_vendor/lib:/opt/ros/jazzy/opt/rviz_ogre_vendor/lib:/opt/ros/jazzy/lib/x86_64-linux-gnu:/opt/ros/jazzy/opt/gz_gui_vendor/lib:/opt/ros/jazzy/opt/gz_transport_vendor/lib:/opt/ros/jazzy/opt/gz_rendering_vendor/lib:/opt/ros/jazzy/opt/gz_plugin_vendor/lib:/opt/ros/jazzy/opt/gz_fuel_tools_vendor/lib:/opt/ros/jazzy/opt/gz_msgs_vendor/lib:/opt/ros/jazzy/opt/gz_common_vendor/lib:/opt/ros/jazzy/opt/gz_math_vendor/lib:/opt/ros/jazzy/opt/gz_utils_vendor/lib:/opt/ros/jazzy/opt/gz_tools_vendor/lib:/opt/ros/jazzy/opt/gz_ogre_next_vendor/lib:/opt/ros/jazzy/opt/gz_dartsim_vendor/lib:/opt/ros/jazzy/opt/gz_cmake_vendor/lib:/opt/ros/jazzy/lib', 'HOME': '/home/basmala', 'CHROME_DESKTOP': 'code.desktop', 'TERM_PROGRAM_VERSION': '1.108.1', 'DESKTOP_SESSION': 'ubuntu', 'GIO_LAUNCHED_DESKTOP_FILE': '/usr/share/applications/code.desktop', 'ROS_PYTHON_VERSION': '3', 'GNOME_SHELL_SESSION_MODE': 'ubuntu', 'GTK_MODULES': 'gail:atk-bridge', 'VSCODE_GIT_ASKPASS_MAIN': '/usr/share/code/resources/app/extensions/git/dist/askpass-main.js', 'LC_MONETARY': 'ar_EG.UTF-8', 'VSCODE_GIT_ASKPASS_NODE': '/usr/share/code/code', 'MANAGERPID': '3085', 'PYDEVD_DISABLE_FILE_VALIDATION': '1', 'SYSTEMD_EXEC_PID': '3363', 'BUNDLED_DEBUGPY_PATH': '/home/basmala/.vscode/extensions/ms-python.debugpy-2025.18.0-linux-x64/bundled/libs/debugpy', 'IM_CONFIG_CHECK_ENV': '1', 'VSCODE_PYTHON_AUTOACTIVATE_GUARD': '1', 'GSM_SKIP_SSH_AGENT_WORKAROUND': 'true', 'DBUS_SESSION_BUS_ADDRESS': 'unix:path=/run/user/1000/bus', 'COLORTERM': 'truecolor', 'GIO_LAUNCHED_DESKTOP_FILE_PID': '6235', 'DEBUGINFOD_URLS': 'https://debuginfod.ubuntu.com', 'IM_CONFIG_PHASE': '1', 'WAYLAND_DISPLAY': 'wayland-0', 'COLCON_PREFIX_PATH': '/home/basmala/ros2_ws/install:/home/basmala/ros2_ws/src/install', 'ROS_DISTRO': 'jazzy', 'LOGNAME': 'basmala', 'JOURNAL_STREAM': '8:29348', '_': '/usr/bin/colcon', 'ROS_VERSION': '2', 'MEMORY_PRESSURE_WATCH': '/sys/fs/cgroup/user.slice/user-1000.slice/user@1000.service/session.slice/org.gnome.Shell@wayland.service/memory.pressure', 'XDG_SESSION_CLASS': 'user', 'USERNAME': 'basmala', 'TERM': 'xterm-256color', 'GNOME_DESKTOP_SESSION_ID': 'this-is-deprecated', 'FC_FONTATIONS': '1', 'PATH': '/home/basmala/.config/Code/User/globalStorage/github.copilot-chat/debugCommand:/home/basmala/.config/Code/User/globalStorage/github.copilot-chat/copilotCli:/home/basmala/.local/bin:/opt/ros/jazzy/opt/gz_msgs_vendor/bin:/opt/ros/jazzy/opt/gz_tools_vendor/bin:/opt/ros/jazzy/opt/gz_ogre_next_vendor/bin:/opt/ros/jazzy/bin:/home/basmala/.local/bin:/usr/local/sbin:/usr/local/bin:/usr/sbin:/usr/bin:/sbin:/bin:/usr/games:/usr/local/games:/snap/bin:/snap/bin:/home/basmala/.vscode/extensions/ms-python.debugpy-2025.18.0-linux-x64/bundled/scripts/noConfigScripts', 'SESSION_MANAGER': 'local/basmala-Victus-by-HP-Laptop-16-d1xxx:@/tmp/.ICE-unix/3320,unix/basmala-Victus-by-HP-Laptop-16-d1xxx:/tmp/.ICE-unix/3320', 'INVOCATION_ID': '694191e11eb94a809305834f622f84d0', 'XDG_MENU_PREFIX': 'gnome-', 'LC_ADDRESS': 'ar_EG.UTF-8', 'GNOME_SETUP_DISPLAY': ':1', 'XDG_RUNTIME_DIR': '/run/user/1000', 'GDK_BACKEND': 'wayland', 'DISPLAY': ':0', 'VSCODE_DEBUGPY_ADAPTER_ENDPOINTS': '/home/basmala/.vscode/extensions/ms-python.debugpy-2025.18.0-linux-x64/.noConfigDebugAdapterEndpoints/endpoint-af7fd2ea1280fc9a.txt', 'LANG': 'en_US.UTF-8', 'XDG_CURRENT_DESKTOP': 'ubuntu:GNOME', 'PYTHONSTARTUP': '/home/basmala/.config/Code/User/workspaceStorage/252af9e7590a177e2820818b062d5291/ms-python.python/pythonrc.py', 'LC_TELEPHONE': 'ar_EG.UTF-8', 'XMODIFIERS': '@im=ibus', 'XDG_SESSION_DESKTOP': 'ubuntu', 'XAUTHORITY': '/run/user/1000/.mutter-Xwaylandauth.RDTNJ3', 'LS_COLORS': 'rs=0:di=01;34:ln=01;36:mh=00:pi=40;33:so=01;35:do=01;35:bd=40;33;01:cd=40;33;01:or=40;31;01:mi=00:su=37;41:sg=30;43:ca=00:tw=30;42:ow=34;42:st=37;44:ex=01;32:*.tar=01;31:*.tgz=01;31:*.arc=01;31:*.arj=01;31:*.taz=01;31:*.lha=01;31:*.lz4=01;31:*.lzh=01;31:*.lzma=01;31:*.tlz=01;31:*.txz=01;31:*.tzo=01;31:*.t7z=01;31:*.zip=01;31:*.z=01;31:*.dz=01;31:*.gz=01;31:*.lrz=01;31:*.lz=01;31:*.lzo=01;31:*.xz=01;31:*.zst=01;31:*.tzst=01;31:*.bz2=01;31:*.bz=01;31:*.tbz=01;31:*.tbz2=01;31:*.tz=01;31:*.deb=01;31:*.rpm=01;31:*.jar=01;31:*.war=01;31:*.ear=01;31:*.sar=01;31:*.rar=01;31:*.alz=01;31:*.ace=01;31:*.zoo=01;31:*.cpio=01;31:*.7z=01;31:*.rz=01;31:*.cab=01;31:*.wim=01;31:*.swm=01;31:*.dwm=01;31:*.esd=01;31:*.avif=01;35:*.jpg=01;35:*.jpeg=01;35:*.mjpg=01;35:*.mjpeg=01;35:*.gif=01;35:*.bmp=01;35:*.pbm=01;35:*.pgm=01;35:*.ppm=01;35:*.tga=01;35:*.xbm=01;35:*.xpm=01;35:*.tif=01;35:*.tiff=01;35:*.png=01;35:*.svg=01;35:*.svgz=01;35:*.mng=01;35:*.pcx=01;35:*.mov=01;35:*.mpg=01;35:*.mpeg=01;35:*.m2v=01;35:*.mkv=01;35:*.webm=01;35:*.webp=01;35:*.ogm=01;35:*.mp4=01;35:*.m4v=01;35:*.mp4v=01;35:*.vob=01;35:*.qt=01;35:*.nuv=01;35:*.wmv=01;35:*.asf=01;35:*.rm=01;35:*.rmvb=01;35:*.flc=01;35:*.avi=01;35:*.fli=01;35:*.flv=01;35:*.gl=01;35:*.dl=01;35:*.xcf=01;35:*.xwd=01;35:*.yuv=01;35:*.cgm=01;35:*.emf=01;35:*.ogv=01;35:*.ogx=01;35:*.aac=00;36:*.au=00;36:*.flac=00;36:*.m4a=00;36:*.mid=00;36:*.midi=00;36:*.mka=00;36:*.mp3=00;36:*.mpc=00;36:*.ogg=00;36:*.ra=00;36:*.wav=00;36:*.oga=00;36:*.opus=00;36:*.spx=00;36:*.xspf=00;36:*~=00;90:*#=00;90:*.bak=00;90:*.crdownload=00;90:*.dpkg-dist=00;90:*.dpkg-new=00;90:*.dpkg-old=00;90:*.dpkg-tmp=00;90:*.old=00;90:*.orig=00;90:*.part=00;90:*.rej=00;90:*.rpmnew=00;90:*.rpmorig=00;90:*.rpmsave=00;90:*.swp=00;90:*.tmp=00;90:*.ucf-dist=00;90:*.ucf-new=00;90:*.ucf-old=00;90:', 'VSCODE_GIT_IPC_HANDLE': '/run/user/1000/vscode-git-2798b36409.sock', 'TERM_PROGRAM': 'vscode', 'SSH_AUTH_SOCK': '/run/user/1000/keyring/ssh', 'AMENT_PREFIX_PATH': '/home/basmala/ros2_ws/install/yahboom_rosmaster:/home/basmala/ros2_ws/install/yahboom_rosmaster_system_tests:/home/basmala/ros2_ws/install/yahboom_rosmaster_gazebo:/home/basmala/ros2_ws/install/yahboom_rosmaster_description:/home/basmala/ros2_ws/install/yahboom_rosmaster_bringup:/home/basmala/ros2_ws/install/turtlesim_controller:/home/basmala/ros2_ws/install/turtlesim_custom_msgs:/home/basmala/ros2_ws/install/mecanum_drive_controller:/home/basmala/ros2_ws/install/first_package_python:/home/basmala/ros2_ws/install/first_package_cpp:/home/basmala/ros2_ws/install/bme_gazebo_sensors:/home/basmala/ros2_ws/install/assignment2_rt:/home/basmala/ros2_ws/install/assignment2_custom_msgs_srvs:/home/basmala/ros2_ws/install/assignment1_rt:/opt/ros/jazzy', 'SHELL': '/bin/bash', 'LC_NAME': 'ar_EG.UTF-8', 'QT_ACCESSIBILITY': '1', 'GDMSESSION': 'ubuntu', 'LESSCLOSE': '/usr/bin/lesspipe %s %s', 'LC_MEASUREMENT': 'ar_EG.UTF-8', 'GJS_DEBUG_OUTPUT': 'stderr', 'LC_IDENTIFICATION': 'ar_EG.UTF-8', 'ROS_AUTOMATIC_DISCOVERY_RANGE': 'SUBNET', 'VSCODE_GIT_ASKPASS_EXTRA_ARGS': '', 'QT_IM_MODULE': 'ibus', 'PWD': '/home/basmala/ros2_ws/build/assignment2_custom_msgs_srvs', 'XDG_CONFIG_DIRS': '/etc/xdg/xdg-ubuntu:/etc/xdg', 'XDG_DATA_DIRS': '/usr/share/ubuntu:/usr/share/gnome:/usr/local/share/:/usr/share/:/var/lib/snapd/desktop', 'PYTHONPATH': '/home/basmala/ros2_ws/install/turtlesim_custom_msgs/lib/python3.12/site-packages:/home/basmala/ros2_ws/install/first_package_python/lib/python3.12/site-packages:/home/basmala/ros2_ws/install/assignment2_custom_msgs_srvs/lib/python3.12/site-packages:/opt/ros/jazzy/lib/python3.12/site-packages', 'LC_NUMERIC': 'ar_EG.UTF-8', 'LC_PAPER': 'ar_EG.UTF-8', 'COLCON': '1', 'MEMORY_PRESSURE_WRITE': 'c29tZSAyMDAwMDAgMjAwMDAwMAA=', 'CMAKE_PREFIX_PATH': '/home/basmala/ros2_ws/install/yahboom_rosmaster:/home/basmala/ros2_ws/install/yahboom_rosmaster_system_tests:/home/basmala/ros2_ws/install/yahboom_rosmaster_gazebo:/home/basmala/ros2_ws/install/yahboom_rosmaster_description:/home/basmala/ros2_ws/install/yahboom_rosmaster_bringup:/home/basmala/ros2_ws/install/turtlesim_controller:/home/basmala/ros2_ws/install/turtlesim_custom_msgs:/home/basmala/ros2_ws/install/mecanum_drive_controller:/home/basmala/ros2_ws/install/first_package_cpp:/home/basmala/ros2_ws/install/bme_gazebo_sensors:/home/basmala/ros2_ws/install/assignment2_rt:/home/basmala/ros2_ws/install/assignment2_custom_msgs_srvs:/home/basmala/ros2_ws/install/assignment1_rt:/opt/ros/jazzy/opt/gz_sim_vendor:/opt/ros/jazzy/opt/gz_sensors_vendor:/opt/ros/jazzy/opt/gz_physics_vendor:/opt/ros/jazzy/opt/sdformat_vendor:/opt/ros/jazzy/opt/gz_gui_vendor:/opt/ros/jazzy/opt/gz_transport_vendor:/opt/ros/jazzy/opt/gz_rendering_vendor:/opt/ros/jazzy/opt/gz_plugin_vendor:/opt/ros/jazzy/opt/gz_fuel_tools_vendor:/opt/ros/jazzy/opt/gz_msgs_vendor:/opt/ros/jazzy/opt/gz_common_vendor:/opt/ros/jazzy/opt/gz_math_vendor:/opt/ros/jazzy/opt/gz_utils_vendor:/opt/ros/jazzy/opt/gz_tools_vendor:/opt/ros/jazzy/opt/gz_ogre_next_vendor:/opt/ros/jazzy/opt/gz_dartsim_vendor:/opt/ros/jazzy/opt/gz_cmake_vendor:/home/basmala/ros2_ws/install/first_package_python:/opt/ros/jazzy'}), 'shell': False}
[0.062541] (assignment2_custom_msgs_srvs) StdoutLine: {'line': b'-- Found ament_cmake: 2.5.4 (/opt/ros/jazzy/share/ament_cmake/cmake)\n'}
[0.099935] (-) TimerEvent: {}
[0.106837] (assignment2_custom_msgs_srvs) StdoutLine: {'line': b'-- Found Python3: /usr/bin/python3 (found version "3.12.3") found components: Interpreter \n'}
[0.200055] (-) TimerEvent: {}
[0.234906] (assignment2_custom_msgs_srvs) StdoutLine: {'line': b'-- Found rosidl_default_generators: 1.6.0 (/opt/ros/jazzy/share/rosidl_default_generators/cmake)\n'}
[0.239775] (assignment2_custom_msgs_srvs) StdoutLine: {'line': b'-- Using all available rosidl_typesupport_c: rosidl_typesupport_fastrtps_c;rosidl_typesupport_introspection_c\n'}
[0.269535] (assignment2_custom_msgs_srvs) StdoutLine: {'line': b'-- Using all available rosidl_typesupport_cpp: rosidl_typesupport_fastrtps_cpp;rosidl_typesupport_introspection_cpp\n'}
[0.290466] (assignment2_custom_msgs_srvs) StdoutLine: {'line': b'-- Found rosidl_adapter: 4.6.6 (/opt/ros/jazzy/share/rosidl_adapter/cmake)\n'}
[0.300267] (-) TimerEvent: {}
[0.400563] (-) TimerEvent: {}
[0.501204] (-) TimerEvent: {}
[0.601667] (-) TimerEvent: {}
[0.702052] (-) TimerEvent: {}
[0.740754] (assignment2_custom_msgs_srvs) StdoutLine: {'line': b'-- Found ament_cmake_ros: 0.12.0 (/opt/ros/jazzy/share/ament_cmake_ros/cmake)\n'}
[0.802334] (-) TimerEvent: {}
[0.863882] (assignment2_custom_msgs_srvs) StdoutLine: {'line': b'-- Using all available rosidl_typesupport_c: rosidl_typesupport_fastrtps_c;rosidl_typesupport_introspection_c\n'}
[0.902434] (-) TimerEvent: {}
[1.002803] (-) TimerEvent: {}
[1.051165] (assignment2_custom_msgs_srvs) StdoutLine: {'line': b'-- Using all available rosidl_typesupport_cpp: rosidl_typesupport_fastrtps_cpp;rosidl_typesupport_introspection_cpp\n'}
[1.053609] (assignment2_custom_msgs_srvs) StdoutLine: {'line': b'-- Found python_cmake_module: 0.11.1 (/opt/ros/jazzy/share/python_cmake_module/cmake)\n'}
[1.102906] (-) TimerEvent: {}
[1.203354] (-) TimerEvent: {}
[1.303751] (-) TimerEvent: {}
[1.378949] (assignment2_custom_msgs_srvs) StdoutLine: {'line': b'-- Found Python3: /usr/bin/python3 (found version "3.12.3") found components: Interpreter Development NumPy Development.Module Development.Embed \n'}
[1.394673] (assignment2_custom_msgs_srvs) StdoutLine: {'line': b'-- Found ament_lint_auto: 0.17.3 (/opt/ros/jazzy/share/ament_lint_auto/cmake)\n'}
[1.403873] (-) TimerEvent: {}
[1.408194] (assignment2_custom_msgs_srvs) StdoutLine: {'line': b"-- Added test 'lint_cmake' to check CMake code style\n"}
[1.409504] (assignment2_custom_msgs_srvs) StdoutLine: {'line': b"-- Added test 'xmllint' to check XML markup files\n"}
[1.412629] (assignment2_custom_msgs_srvs) StdoutLine: {'line': b'-- Configuring done (1.4s)\n'}
[1.466964] (assignment2_custom_msgs_srvs) StdoutLine: {'line': b'-- Generating done (0.0s)\n'}
[1.478135] (assignment2_custom_msgs_srvs) StdoutLine: {'line': b'-- Build files have been written to: /home/basmala/ros2_ws/build/assignment2_custom_msgs_srvs\n'}
[1.504134] (-) TimerEvent: {}
[1.533153] (assignment2_custom_msgs_srvs) StdoutLine: {'line': b'[  1%] \x1b[34m\x1b[1mGenerating type hashes for ROS interfaces\x1b[0m\n'}
[1.551043] (assignment2_custom_msgs_srvs) StdoutLine: {'line': b'[  1%] Built target ament_cmake_python_copy_assignment2_custom_msgs_srvs\n'}
[1.604244] (-) TimerEvent: {}
[1.704619] (-) TimerEvent: {}
[1.769044] (assignment2_custom_msgs_srvs) StdoutLine: {'line': b'running egg_info\n'}
[1.783057] (assignment2_custom_msgs_srvs) StdoutLine: {'line': b'[  1%] Built target assignment2_custom_msgs_srvs__rosidl_generator_type_description\n'}
[1.783568] (assignment2_custom_msgs_srvs) StdoutLine: {'line': b'writing assignment2_custom_msgs_srvs.egg-info/PKG-INFO\n'}
[1.783762] (assignment2_custom_msgs_srvs) StdoutLine: {'line': b'writing dependency_links to assignment2_custom_msgs_srvs.egg-info/dependency_links.txt\n'}
[1.783985] (assignment2_custom_msgs_srvs) StdoutLine: {'line': b'writing top-level names to assignment2_custom_msgs_srvs.egg-info/top_level.txt\n'}
[1.797346] (assignment2_custom_msgs_srvs) StdoutLine: {'line': b'[  3%] \x1b[34m\x1b[1mGenerating C code for ROS interfaces\x1b[0m\n'}
[1.804768] (-) TimerEvent: {}
[1.808531] (assignment2_custom_msgs_srvs) StdoutLine: {'line': b'[  4%] \x1b[34m\x1b[1mGenerating C++ code for ROS interfaces\x1b[0m\n'}
[1.837136] (assignment2_custom_msgs_srvs) StdoutLine: {'line': b"reading manifest file 'assignment2_custom_msgs_srvs.egg-info/SOURCES.txt'\n"}
[1.837993] (assignment2_custom_msgs_srvs) StdoutLine: {'line': b"writing manifest file 'assignment2_custom_msgs_srvs.egg-info/SOURCES.txt'\n"}
[1.870650] (assignment2_custom_msgs_srvs) StdoutLine: {'line': b'[  4%] Built target ament_cmake_python_build_assignment2_custom_msgs_srvs_egg\n'}
[1.905054] (-) TimerEvent: {}
[2.005618] (-) TimerEvent: {}
[2.105981] (-) TimerEvent: {}
[2.206312] (-) TimerEvent: {}
[2.215757] (assignment2_custom_msgs_srvs) StdoutLine: {'line': b'[  4%] Built target assignment2_custom_msgs_srvs__cpp\n'}
[2.302585] (assignment2_custom_msgs_srvs) StdoutLine: {'line': b'[  6%] \x1b[32mBuilding C object CMakeFiles/assignment2_custom_msgs_srvs__rosidl_generator_c.dir/rosidl_generator_c/assignment2_custom_msgs_srvs/msg/detail/obstacle__description.c.o\x1b[0m\n'}
[2.303475] (assignment2_custom_msgs_srvs) StdoutLine: {'line': b'[  7%] \x1b[32mBuilding C object CMakeFiles/assignment2_custom_msgs_srvs__rosidl_generator_c.dir/rosidl_generator_c/assignment2_custom_msgs_srvs/msg/detail/obstacle__type_support.c.o\x1b[0m\n'}
[2.304094] (assignment2_custom_msgs_srvs) StdoutLine: {'line': b'[ 10%] \x1b[32mBuilding C object CMakeFiles/assignment2_custom_msgs_srvs__rosidl_generator_c.dir/rosidl_generator_c/assignment2_custom_msgs_srvs/srv/detail/change_threshold__functions.c.o\x1b[0m\n'}
[2.304352] (assignment2_custom_msgs_srvs) StdoutLine: {'line': b'[ 10%] \x1b[32mBuilding C object CMakeFiles/assignment2_custom_msgs_srvs__rosidl_generator_c.dir/rosidl_generator_c/assignment2_custom_msgs_srvs/msg/detail/obstacle__functions.c.o\x1b[0m\n'}
[2.305013] (assignment2_custom_msgs_srvs) StdoutLine: {'line': b'[ 12%] \x1b[32mBuilding C object CMakeFiles/assignment2_custom_msgs_srvs__rosidl_generator_c.dir/rosidl_generator_c/assignment2_custom_msgs_srvs/srv/detail/modify_fixed_point__description.c.o\x1b[0m\n'}
[2.305301] (assignment2_custom_msgs_srvs) StdoutLine: {'line': b'[ 14%] \x1b[32mBuilding C object CMakeFiles/assignment2_custom_msgs_srvs__rosidl_generator_c.dir/rosidl_generator_c/assignment2_custom_msgs_srvs/srv/detail/average_velocities__description.c.o\x1b[0m\n'}
[2.306339] (assignment2_custom_msgs_srvs) StdoutLine: {'line': b'[ 15%] \x1b[32mBuilding C object CMakeFiles/assignment2_custom_msgs_srvs__rosidl_generator_c.dir/rosidl_generator_c/assignment2_custom_msgs_srvs/srv/detail/modify_fixed_point__functions.c.o\x1b[0m\n'}
[2.307044] (-) TimerEvent: {}
[2.307300] (assignment2_custom_msgs_srvs) StdoutLine: {'line': b'[ 17%] \x1b[32mBuilding C object CMakeFiles/assignment2_custom_msgs_srvs__rosidl_generator_c.dir/rosidl_generator_c/assignment2_custom_msgs_srvs/srv/detail/modify_fixed_point__type_support.c.o\x1b[0m\n'}
[2.307697] (assignment2_custom_msgs_srvs) StdoutLine: {'line': b'[ 18%] \x1b[32mBuilding C object CMakeFiles/assignment2_custom_msgs_srvs__rosidl_generator_c.dir/rosidl_generator_c/assignment2_custom_msgs_srvs/srv/detail/average_velocities__functions.c.o\x1b[0m\n'}
[2.308789] (assignment2_custom_msgs_srvs) StdoutLine: {'line': b'[ 20%] \x1b[32mBuilding C object CMakeFiles/assignment2_custom_msgs_srvs__rosidl_generator_c.dir/rosidl_generator_c/assignment2_custom_msgs_srvs/srv/detail/average_velocities__type_support.c.o\x1b[0m\n'}
[2.309326] (assignment2_custom_msgs_srvs) StdoutLine: {'line': b'[ 23%] \x1b[32mBuilding C object CMakeFiles/assignment2_custom_msgs_srvs__rosidl_generator_c.dir/rosidl_generator_c/assignment2_custom_msgs_srvs/srv/detail/change_threshold__type_support.c.o\x1b[0m\n'}
[2.309706] (assignment2_custom_msgs_srvs) StdoutLine: {'line': b'[ 23%] \x1b[32mBuilding C object CMakeFiles/assignment2_custom_msgs_srvs__rosidl_generator_c.dir/rosidl_generator_c/assignment2_custom_msgs_srvs/srv/detail/change_threshold__description.c.o\x1b[0m\n'}
[2.407379] (-) TimerEvent: {}
[2.443887] (assignment2_custom_msgs_srvs) StdoutLine: {'line': b'[ 25%] \x1b[32m\x1b[1mLinking C shared library libassignment2_custom_msgs_srvs__rosidl_generator_c.so\x1b[0m\n'}
[2.507539] (-) TimerEvent: {}
[2.509461] (assignment2_custom_msgs_srvs) StdoutLine: {'line': b'[ 25%] Built target assignment2_custom_msgs_srvs__rosidl_generator_c\n'}
[2.529834] (assignment2_custom_msgs_srvs) StdoutLine: {'line': b'[ 26%] \x1b[34m\x1b[1mGenerating C++ type support dispatch for ROS interfaces\x1b[0m\n'}
[2.530670] (assignment2_custom_msgs_srvs) StdoutLine: {'line': b'[ 29%] \x1b[34m\x1b[1mGenerating C++ type support for eProsima Fast-RTPS\x1b[0m\n'}
[2.531093] (assignment2_custom_msgs_srvs) StdoutLine: {'line': b'[ 29%] \x1b[34m\x1b[1mGenerating C++ introspection for ROS interfaces\x1b[0m\n'}
[2.531504] (assignment2_custom_msgs_srvs) StdoutLine: {'line': b'[ 31%] \x1b[34m\x1b[1mGenerating C type support dispatch for ROS interfaces\x1b[0m\n'}
[2.533828] (assignment2_custom_msgs_srvs) StdoutLine: {'line': b'[ 34%] \x1b[34m\x1b[1mGenerating C introspection for ROS interfaces\x1b[0m\n'}
[2.534399] (assignment2_custom_msgs_srvs) StdoutLine: {'line': b'[ 34%] \x1b[34m\x1b[1mGenerating C type support for eProsima Fast-RTPS\x1b[0m\n'}
[2.607829] (-) TimerEvent: {}
[2.708342] (-) TimerEvent: {}
[2.808767] (-) TimerEvent: {}
[2.909153] (-) TimerEvent: {}
[2.944557] (assignment2_custom_msgs_srvs) StdoutLine: {'line': b'[ 39%] \x1b[32mBuilding CXX object CMakeFiles/assignment2_custom_msgs_srvs__rosidl_typesupport_c.dir/rosidl_typesupport_c/assignment2_custom_msgs_srvs/srv/modify_fixed_point__type_support.cpp.o\x1b[0m\n'}
[2.944916] (assignment2_custom_msgs_srvs) StdoutLine: {'line': b'[ 39%] \x1b[32mBuilding CXX object CMakeFiles/assignment2_custom_msgs_srvs__rosidl_typesupport_c.dir/rosidl_typesupport_c/assignment2_custom_msgs_srvs/msg/obstacle__type_support.cpp.o\x1b[0m\n'}
[2.945137] (assignment2_custom_msgs_srvs) StdoutLine: {'line': b'[ 39%] \x1b[32mBuilding CXX object CMakeFiles/assignment2_custom_msgs_srvs__rosidl_typesupport_c.dir/rosidl_typesupport_c/assignment2_custom_msgs_srvs/srv/change_threshold__type_support.cpp.o\x1b[0m\n'}
[2.946931] (assignment2_custom_msgs_srvs) StdoutLine: {'line': b'[ 40%] \x1b[32mBuilding CXX object CMakeFiles/assignment2_custom_msgs_srvs__rosidl_typesupport_c.dir/rosidl_typesupport_c/assignment2_custom_msgs_srvs/srv/average_velocities__type_support.cpp.o\x1b[0m\n'}
[2.963924] (assignment2_custom_msgs_srvs) StdoutLine: {'line': b'[ 42%] \x1b[32mBuilding CXX object CMakeFiles/assignment2_custom_msgs_srvs__rosidl_typesupport_cpp.dir/rosidl_typesupport_cpp/assignment2_custom_msgs_srvs/srv/modify_fixed_point__type_support.cpp.o\x1b[0m\n'}
[2.966456] (assignment2_custom_msgs_srvs) StdoutLine: {'line': b'[ 43%] \x1b[32mBuilding CXX object CMakeFiles/assignment2_custom_msgs_srvs__rosidl_typesupport_cpp.dir/rosidl_typesupport_cpp/assignment2_custom_msgs_srvs/msg/obstacle__type_support.cpp.o\x1b[0m\n'}
[2.966803] (assignment2_custom_msgs_srvs) StdoutLine: {'line': b'[ 46%] \x1b[32mBuilding CXX object CMakeFiles/assignment2_custom_msgs_srvs__rosidl_typesupport_cpp.dir/rosidl_typesupport_cpp/assignment2_custom_msgs_srvs/srv/change_threshold__type_support.cpp.o\x1b[0m\n'}
[2.967088] (assignment2_custom_msgs_srvs) StdoutLine: {'line': b'[ 46%] \x1b[32mBuilding CXX object CMakeFiles/assignment2_custom_msgs_srvs__rosidl_typesupport_cpp.dir/rosidl_typesupport_cpp/assignment2_custom_msgs_srvs/srv/average_velocities__type_support.cpp.o\x1b[0m\n'}
[3.009282] (-) TimerEvent: {}
[3.044054] (assignment2_custom_msgs_srvs) StdoutLine: {'line': b'[ 48%] \x1b[32mBuilding CXX object CMakeFiles/assignment2_custom_msgs_srvs__rosidl_typesupport_introspection_cpp.dir/rosidl_typesupport_introspection_cpp/assignment2_custom_msgs_srvs/msg/detail/obstacle__type_support.cpp.o\x1b[0m\n'}
[3.044395] (assignment2_custom_msgs_srvs) StdoutLine: {'line': b'[ 50%] \x1b[32mBuilding CXX object CMakeFiles/assignment2_custom_msgs_srvs__rosidl_typesupport_introspection_cpp.dir/rosidl_typesupport_introspection_cpp/assignment2_custom_msgs_srvs/srv/detail/average_velocities__type_support.cpp.o\x1b[0m\n'}
[3.044592] (assignment2_custom_msgs_srvs) StdoutLine: {'line': b'[ 51%] \x1b[32m\x1b[1mLinking CXX shared library libassignment2_custom_msgs_srvs__rosidl_typesupport_c.so\x1b[0m\n'}
[3.050065] (assignment2_custom_msgs_srvs) StdoutLine: {'line': b'[ 54%] \x1b[32mBuilding CXX object CMakeFiles/assignment2_custom_msgs_srvs__rosidl_typesupport_introspection_cpp.dir/rosidl_typesupport_introspection_cpp/assignment2_custom_msgs_srvs/srv/detail/change_threshold__type_support.cpp.o\x1b[0m\n'}
[3.050529] (assignment2_custom_msgs_srvs) StdoutLine: {'line': b'[ 54%] \x1b[32mBuilding CXX object CMakeFiles/assignment2_custom_msgs_srvs__rosidl_typesupport_introspection_cpp.dir/rosidl_typesupport_introspection_cpp/assignment2_custom_msgs_srvs/srv/detail/modify_fixed_point__type_support.cpp.o\x1b[0m\n'}
[3.108659] (assignment2_custom_msgs_srvs) StdoutLine: {'line': b'[ 56%] \x1b[32mBuilding C object CMakeFiles/assignment2_custom_msgs_srvs__rosidl_typesupport_introspection_c.dir/rosidl_typesupport_introspection_c/assignment2_custom_msgs_srvs/srv/detail/average_velocities__type_support.c.o\x1b[0m\n'}
[3.109366] (-) TimerEvent: {}
[3.109676] (assignment2_custom_msgs_srvs) StdoutLine: {'line': b'[ 59%] \x1b[32mBuilding C object CMakeFiles/assignment2_custom_msgs_srvs__rosidl_typesupport_introspection_c.dir/rosidl_typesupport_introspection_c/assignment2_custom_msgs_srvs/msg/detail/obstacle__type_support.c.o\x1b[0m\n'}
[3.109929] (assignment2_custom_msgs_srvs) StdoutLine: {'line': b'[ 59%] \x1b[32mBuilding C object CMakeFiles/assignment2_custom_msgs_srvs__rosidl_typesupport_introspection_c.dir/rosidl_typesupport_introspection_c/assignment2_custom_msgs_srvs/srv/detail/change_threshold__type_support.c.o\x1b[0m\n'}
[3.110259] (assignment2_custom_msgs_srvs) StdoutLine: {'line': b'[ 60%] \x1b[32mBuilding C object CMakeFiles/assignment2_custom_msgs_srvs__rosidl_typesupport_introspection_c.dir/rosidl_typesupport_introspection_c/assignment2_custom_msgs_srvs/srv/detail/modify_fixed_point__type_support.c.o\x1b[0m\n'}
[3.118276] (assignment2_custom_msgs_srvs) StdoutLine: {'line': b'[ 60%] Built target assignment2_custom_msgs_srvs__rosidl_typesupport_c\n'}
[3.196210] (assignment2_custom_msgs_srvs) StdoutLine: {'line': b'[ 62%] \x1b[32m\x1b[1mLinking C shared library libassignment2_custom_msgs_srvs__rosidl_typesupport_introspection_c.so\x1b[0m\n'}
[3.209506] (-) TimerEvent: {}
[3.254578] (assignment2_custom_msgs_srvs) StdoutLine: {'line': b'[ 62%] Built target assignment2_custom_msgs_srvs__rosidl_typesupport_introspection_c\n'}
[3.301745] (assignment2_custom_msgs_srvs) StdoutLine: {'line': b'[ 64%] \x1b[32mBuilding CXX object CMakeFiles/assignment2_custom_msgs_srvs__rosidl_typesupport_fastrtps_cpp.dir/rosidl_typesupport_fastrtps_cpp/assignment2_custom_msgs_srvs/srv/detail/dds_fastrtps/average_velocities__type_support.cpp.o\x1b[0m\n'}
[3.302238] (assignment2_custom_msgs_srvs) StdoutLine: {'line': b'[ 65%] \x1b[32mBuilding CXX object CMakeFiles/assignment2_custom_msgs_srvs__rosidl_typesupport_fastrtps_cpp.dir/rosidl_typesupport_fastrtps_cpp/assignment2_custom_msgs_srvs/msg/detail/dds_fastrtps/obstacle__type_support.cpp.o\x1b[0m\n'}
[3.302456] (assignment2_custom_msgs_srvs) StdoutLine: {'line': b'[ 67%] \x1b[32mBuilding CXX object CMakeFiles/assignment2_custom_msgs_srvs__rosidl_typesupport_fastrtps_cpp.dir/rosidl_typesupport_fastrtps_cpp/assignment2_custom_msgs_srvs/srv/detail/dds_fastrtps/change_threshold__type_support.cpp.o\x1b[0m\n'}
[3.307009] (assignment2_custom_msgs_srvs) StdoutLine: {'line': b'[ 68%] \x1b[32mBuilding CXX object CMakeFiles/assignment2_custom_msgs_srvs__rosidl_typesupport_fastrtps_cpp.dir/rosidl_typesupport_fastrtps_cpp/assignment2_custom_msgs_srvs/srv/detail/dds_fastrtps/modify_fixed_point__type_support.cpp.o\x1b[0m\n'}
[3.309664] (-) TimerEvent: {}
[3.321886] (assignment2_custom_msgs_srvs) StdoutLine: {'line': b'[ 70%] \x1b[32mBuilding CXX object CMakeFiles/assignment2_custom_msgs_srvs__rosidl_typesupport_fastrtps_c.dir/rosidl_typesupport_fastrtps_c/assignment2_custom_msgs_srvs/srv/detail/change_threshold__type_support_c.cpp.o\x1b[0m\n'}
[3.326557] (assignment2_custom_msgs_srvs) StdoutLine: {'line': b'[ 71%] \x1b[32mBuilding CXX object CMakeFiles/assignment2_custom_msgs_srvs__rosidl_typesupport_fastrtps_c.dir/rosidl_typesupport_fastrtps_c/assignment2_custom_msgs_srvs/srv/detail/average_velocities__type_support_c.cpp.o\x1b[0m\n'}
[3.327204] (assignment2_custom_msgs_srvs) StdoutLine: {'line': b'[ 73%] \x1b[32mBuilding CXX object CMakeFiles/assignment2_custom_msgs_srvs__rosidl_typesupport_fastrtps_c.dir/rosidl_typesupport_fastrtps_c/assignment2_custom_msgs_srvs/msg/detail/obstacle__type_support_c.cpp.o\x1b[0m\n'}
[3.327852] (assignment2_custom_msgs_srvs) StdoutLine: {'line': b'[ 75%] \x1b[32mBuilding CXX object CMakeFiles/assignment2_custom_msgs_srvs__rosidl_typesupport_fastrtps_c.dir/rosidl_typesupport_fastrtps_c/assignment2_custom_msgs_srvs/srv/detail/modify_fixed_point__type_support_c.cpp.o\x1b[0m\n'}
[3.410193] (-) TimerEvent: {}
[3.514182] (-) TimerEvent: {}
[3.614669] (-) TimerEvent: {}
[3.715189] (-) TimerEvent: {}
[3.815730] (-) TimerEvent: {}
[3.916196] (-) TimerEvent: {}
[3.960389] (assignment2_custom_msgs_srvs) StdoutLine: {'line': b'[ 76%] \x1b[32m\x1b[1mLinking CXX shared library libassignment2_custom_msgs_srvs__rosidl_typesupport_cpp.so\x1b[0m\n'}
[4.016341] (-) TimerEvent: {}
[4.022544] (assignment2_custom_msgs_srvs) StdoutLine: {'line': b'[ 78%] \x1b[32m\x1b[1mLinking CXX shared library libassignment2_custom_msgs_srvs__rosidl_typesupport_introspection_cpp.so\x1b[0m\n'}
[4.116477] (-) TimerEvent: {}
[4.120908] (assignment2_custom_msgs_srvs) StdoutLine: {'line': b'[ 78%] Built target assignment2_custom_msgs_srvs__rosidl_typesupport_cpp\n'}
[4.184159] (assignment2_custom_msgs_srvs) StdoutLine: {'line': b'[ 78%] Built target assignment2_custom_msgs_srvs__rosidl_typesupport_introspection_cpp\n'}
[4.216671] (-) TimerEvent: {}
[4.317241] (-) TimerEvent: {}
[4.352279] (assignment2_custom_msgs_srvs) StdoutLine: {'line': b'[ 81%] \x1b[32m\x1b[1mLinking CXX shared library libassignment2_custom_msgs_srvs__rosidl_typesupport_fastrtps_c.so\x1b[0m\n'}
[4.352655] (assignment2_custom_msgs_srvs) StdoutLine: {'line': b'[ 81%] \x1b[32m\x1b[1mLinking CXX shared library libassignment2_custom_msgs_srvs__rosidl_typesupport_fastrtps_cpp.so\x1b[0m\n'}
[4.417552] (-) TimerEvent: {}
[4.446070] (assignment2_custom_msgs_srvs) StdoutLine: {'line': b'[ 81%] Built target assignment2_custom_msgs_srvs__rosidl_typesupport_fastrtps_c\n'}
[4.455305] (assignment2_custom_msgs_srvs) StdoutLine: {'line': b'[ 81%] Built target assignment2_custom_msgs_srvs__rosidl_typesupport_fastrtps_cpp\n'}
[4.492663] (assignment2_custom_msgs_srvs) StdoutLine: {'line': b'[ 81%] Built target assignment2_custom_msgs_srvs\n'}
[4.517801] (-) TimerEvent: {}
[4.523446] (assignment2_custom_msgs_srvs) StdoutLine: {'line': b'[ 82%] \x1b[34m\x1b[1mGenerating Python code for ROS interfaces\x1b[0m\n'}
[4.618030] (-) TimerEvent: {}
[4.718446] (-) TimerEvent: {}
[4.818854] (-) TimerEvent: {}
[4.919240] (-) TimerEvent: {}
[5.019553] (-) TimerEvent: {}
[5.049903] (assignment2_custom_msgs_srvs) StdoutLine: {'line': b'[ 82%] Built target assignment2_custom_msgs_srvs__py\n'}
[5.091543] (assignment2_custom_msgs_srvs) StdoutLine: {'line': b'[ 84%] \x1b[32mBuilding C object CMakeFiles/assignment2_custom_msgs_srvs__rosidl_generator_py.dir/rosidl_generator_py/assignment2_custom_msgs_srvs/srv/_average_velocities_s.c.o\x1b[0m\n'}
[5.091955] (assignment2_custom_msgs_srvs) StdoutLine: {'line': b'[ 85%] \x1b[32mBuilding C object CMakeFiles/assignment2_custom_msgs_srvs__rosidl_generator_py.dir/rosidl_generator_py/assignment2_custom_msgs_srvs/msg/_obstacle_s.c.o\x1b[0m\n'}
[5.095404] (assignment2_custom_msgs_srvs) StdoutLine: {'line': b'[ 87%] \x1b[32mBuilding C object CMakeFiles/assignment2_custom_msgs_srvs__rosidl_generator_py.dir/rosidl_generator_py/assignment2_custom_msgs_srvs/srv/_change_threshold_s.c.o\x1b[0m\n'}
[5.095987] (assignment2_custom_msgs_srvs) StdoutLine: {'line': b'[ 89%] \x1b[32mBuilding C object CMakeFiles/assignment2_custom_msgs_srvs__rosidl_generator_py.dir/rosidl_generator_py/assignment2_custom_msgs_srvs/srv/_modify_fixed_point_s.c.o\x1b[0m\n'}
[5.119778] (-) TimerEvent: {}
[5.220263] (-) TimerEvent: {}
[5.297911] (assignment2_custom_msgs_srvs) StdoutLine: {'line': b'[ 90%] \x1b[32m\x1b[1mLinking C shared library libassignment2_custom_msgs_srvs__rosidl_generator_py.so\x1b[0m\n'}
[5.320424] (-) TimerEvent: {}
[5.368226] (assignment2_custom_msgs_srvs) StdoutLine: {'line': b'[ 90%] Built target assignment2_custom_msgs_srvs__rosidl_generator_py\n'}
[5.415970] (assignment2_custom_msgs_srvs) StdoutLine: {'line': b'[ 92%] \x1b[32mBuilding C object CMakeFiles/assignment2_custom_msgs_srvs_s__rosidl_typesupport_fastrtps_c.dir/rosidl_generator_py/assignment2_custom_msgs_srvs/_assignment2_custom_msgs_srvs_s.ep.rosidl_typesupport_fastrtps_c.c.o\x1b[0m\n'}
[5.416767] (assignment2_custom_msgs_srvs) StdoutLine: {'line': b'[ 95%] \x1b[32mBuilding C object CMakeFiles/assignment2_custom_msgs_srvs_s__rosidl_typesupport_c.dir/rosidl_generator_py/assignment2_custom_msgs_srvs/_assignment2_custom_msgs_srvs_s.ep.rosidl_typesupport_c.c.o\x1b[0m\n'}
[5.417102] (assignment2_custom_msgs_srvs) StdoutLine: {'line': b'[ 95%] \x1b[32mBuilding C object CMakeFiles/assignment2_custom_msgs_srvs_s__rosidl_typesupport_introspection_c.dir/rosidl_generator_py/assignment2_custom_msgs_srvs/_assignment2_custom_msgs_srvs_s.ep.rosidl_typesupport_introspection_c.c.o\x1b[0m\n'}
[5.420538] (-) TimerEvent: {}
[5.521142] (-) TimerEvent: {}
[5.580017] (assignment2_custom_msgs_srvs) StdoutLine: {'line': b'[ 96%] \x1b[32m\x1b[1mLinking C shared module rosidl_generator_py/assignment2_custom_msgs_srvs/assignment2_custom_msgs_srvs_s__rosidl_typesupport_c.so\x1b[0m\n'}
[5.580733] (assignment2_custom_msgs_srvs) StdoutLine: {'line': b'[100%] \x1b[32m\x1b[1mLinking C shared module rosidl_generator_py/assignment2_custom_msgs_srvs/assignment2_custom_msgs_srvs_s__rosidl_typesupport_fastrtps_c.so\x1b[0m\n'}
[5.580950] (assignment2_custom_msgs_srvs) StdoutLine: {'line': b'[100%] \x1b[32m\x1b[1mLinking C shared module rosidl_generator_py/assignment2_custom_msgs_srvs/assignment2_custom_msgs_srvs_s__rosidl_typesupport_introspection_c.so\x1b[0m\n'}
[5.621342] (-) TimerEvent: {}
[5.621638] (assignment2_custom_msgs_srvs) StdoutLine: {'line': b'[100%] Built target assignment2_custom_msgs_srvs_s__rosidl_typesupport_c\n'}
[5.621908] (assignment2_custom_msgs_srvs) StdoutLine: {'line': b'[100%] Built target assignment2_custom_msgs_srvs_s__rosidl_typesupport_introspection_c\n'}
[5.623029] (assignment2_custom_msgs_srvs) StdoutLine: {'line': b'[100%] Built target assignment2_custom_msgs_srvs_s__rosidl_typesupport_fastrtps_c\n'}
[5.643671] (assignment2_custom_msgs_srvs) CommandEnded: {'returncode': 0}
[5.644788] (assignment2_custom_msgs_srvs) JobProgress: {'identifier': 'assignment2_custom_msgs_srvs', 'progress': 'install'}
[5.655498] (assignment2_custom_msgs_srvs) Command: {'cmd': ['/usr/bin/cmake', '--install', '/home/basmala/ros2_ws/build/assignment2_custom_msgs_srvs'], 'cwd': '/home/basmala/ros2_ws/build/assignment2_custom_msgs_srvs', 'env': OrderedDict({'GJS_DEBUG_TOPICS': 'JS ERROR;JS LOG', 'PYTHON_BASIC_REPL': '1', 'LESSOPEN': '| /usr/bin/lesspipe %s', 'GZ_SIM_RESOURCE_PATH': '/opt/ros/jazzy/share', 'USER': 'basmala', 'LC_TIME': 'ar_EG.UTF-8', 'GZ_CONFIG_PATH': '/opt/ros/jazzy/opt/gz_sim_vendor/share/gz:/opt/ros/jazzy/opt/sdformat_vendor/share/gz:/opt/ros/jazzy/opt/gz_gui_vendor/share/gz:/opt/ros/jazzy/opt/gz_transport_vendor/share/gz:/opt/ros/jazzy/opt/gz_rendering_vendor/share/gz:/opt/ros/jazzy/opt/gz_plugin_vendor/share/gz:/opt/ros/jazzy/opt/gz_fuel_tools_vendor/share/gz:/opt/ros/jazzy/opt/gz_msgs_vendor/share/gz:/opt/ros/jazzy/opt/gz_common_vendor/share/gz', 'XDG_SESSION_TYPE': 'wayland', 'GIT_ASKPASS': '/usr/share/code/resources/app/extensions/git/dist/askpass.sh', 'CLUTTER_DISABLE_MIPMAPPED_TEXT': '1', 'SHLVL': '1', 'LD_LIBRARY_PATH': '/home/basmala/ros2_ws/install/turtlesim_custom_msgs/lib:/home/basmala/ros2_ws/install/mecanum_drive_controller/lib:/home/basmala/ros2_ws/install/assignment2_custom_msgs_srvs/lib:/opt/ros/jazzy/opt/gz_sim_vendor/lib:/opt/ros/jazzy/opt/gz_sensors_vendor/lib:/opt/ros/jazzy/opt/gz_physics_vendor/lib:/opt/ros/jazzy/opt/sdformat_vendor/lib:/opt/ros/jazzy/opt/rviz_ogre_vendor/lib:/opt/ros/jazzy/lib/x86_64-linux-gnu:/opt/ros/jazzy/opt/gz_gui_vendor/lib:/opt/ros/jazzy/opt/gz_transport_vendor/lib:/opt/ros/jazzy/opt/gz_rendering_vendor/lib:/opt/ros/jazzy/opt/gz_plugin_vendor/lib:/opt/ros/jazzy/opt/gz_fuel_tools_vendor/lib:/opt/ros/jazzy/opt/gz_msgs_vendor/lib:/opt/ros/jazzy/opt/gz_common_vendor/lib:/opt/ros/jazzy/opt/gz_math_vendor/lib:/opt/ros/jazzy/opt/gz_utils_vendor/lib:/opt/ros/jazzy/opt/gz_tools_vendor/lib:/opt/ros/jazzy/opt/gz_ogre_next_vendor/lib:/opt/ros/jazzy/opt/gz_dartsim_vendor/lib:/opt/ros/jazzy/opt/gz_cmake_vendor/lib:/opt/ros/jazzy/lib', 'HOME': '/home/basmala', 'CHROME_DESKTOP': 'code.desktop', 'TERM_PROGRAM_VERSION': '1.108.1', 'DESKTOP_SESSION': 'ubuntu', 'GIO_LAUNCHED_DESKTOP_FILE': '/usr/share/applications/code.desktop', 'ROS_PYTHON_VERSION': '3', 'GNOME_SHELL_SESSION_MODE': 'ubuntu', 'GTK_MODULES': 'gail:atk-bridge', 'VSCODE_GIT_ASKPASS_MAIN': '/usr/share/code/resources/app/extensions/git/dist/askpass-main.js', 'LC_MONETARY': 'ar_EG.UTF-8', 'VSCODE_GIT_ASKPASS_NODE': '/usr/share/code/code', 'MANAGERPID': '3085', 'PYDEVD_DISABLE_FILE_VALIDATION': '1', 'SYSTEMD_EXEC_PID': '3363', 'BUNDLED_DEBUGPY_PATH': '/home/basmala/.vscode/extensions/ms-python.debugpy-2025.18.0-linux-x64/bundled/libs/debugpy', 'IM_CONFIG_CHECK_ENV': '1', 'VSCODE_PYTHON_AUTOACTIVATE_GUARD': '1', 'GSM_SKIP_SSH_AGENT_WORKAROUND': 'true', 'DBUS_SESSION_BUS_ADDRESS': 'unix:path=/run/user/1000/bus', 'COLORTERM': 'truecolor', 'GIO_LAUNCHED_DESKTOP_FILE_PID': '6235', 'DEBUGINFOD_URLS': 'https://debuginfod.ubuntu.com', 'IM_CONFIG_PHASE': '1', 'WAYLAND_DISPLAY': 'wayland-0', 'COLCON_PREFIX_PATH': '/home/basmala/ros2_ws/install:/home/basmala/ros2_ws/src/install', 'ROS_DISTRO': 'jazzy', 'LOGNAME': 'basmala', 'JOURNAL_STREAM': '8:29348', '_': '/usr/bin/colcon', 'ROS_VERSION': '2', 'MEMORY_PRESSURE_WATCH': '/sys/fs/cgroup/user.slice/user-1000.slice/user@1000.service/session.slice/org.gnome.Shell@wayland.service/memory.pressure', 'XDG_SESSION_CLASS': 'user', 'USERNAME': 'basmala', 'TERM': 'xterm-256color', 'GNOME_DESKTOP_SESSION_ID': 'this-is-deprecated', 'FC_FONTATIONS': '1', 'PATH': '/home/basmala/.config/Code/User/globalStorage/github.copilot-chat/debugCommand:/home/basmala/.config/Code/User/globalStorage/github.copilot-chat/copilotCli:/home/basmala/.local/bin:/opt/ros/jazzy/opt/gz_msgs_vendor/bin:/opt/ros/jazzy/opt/gz_tools_vendor/bin:/opt/ros/jazzy/opt/gz_ogre_next_vendor/bin:/opt/ros/jazzy/bin:/home/basmala/.local/bin:/usr/local/sbin:/usr/local/bin:/usr/sbin:/usr/bin:/sbin:/bin:/usr/games:/usr/local/games:/snap/bin:/snap/bin:/home/basmala/.vscode/extensions/ms-python.debugpy-2025.18.0-linux-x64/bundled/scripts/noConfigScripts', 'SESSION_MANAGER': 'local/basmala-Victus-by-HP-Laptop-16-d1xxx:@/tmp/.ICE-unix/3320,unix/basmala-Victus-by-HP-Laptop-16-d1xxx:/tmp/.ICE-unix/3320', 'INVOCATION_ID': '694191e11eb94a809305834f622f84d0', 'XDG_MENU_PREFIX': 'gnome-', 'LC_ADDRESS': 'ar_EG.UTF-8', 'GNOME_SETUP_DISPLAY': ':1', 'XDG_RUNTIME_DIR': '/run/user/1000', 'GDK_BACKEND': 'wayland', 'DISPLAY': ':0', 'VSCODE_DEBUGPY_ADAPTER_ENDPOINTS': '/home/basmala/.vscode/extensions/ms-python.debugpy-2025.18.0-linux-x64/.noConfigDebugAdapterEndpoints/endpoint-af7fd2ea1280fc9a.txt', 'LANG': 'en_US.UTF-8', 'XDG_CURRENT_DESKTOP': 'ubuntu:GNOME', 'PYTHONSTARTUP': '/home/basmala/.config/Code/User/workspaceStorage/252af9e7590a177e2820818b062d5291/ms-python.python/pythonrc.py', 'LC_TELEPHONE': 'ar_EG.UTF-8', 'XMODIFIERS': '@im=ibus', 'XDG_SESSION_DESKTOP': 'ubuntu', 'XAUTHORITY': '/run/user/1000/.mutter-Xwaylandauth.RDTNJ3', 'LS_COLORS': 'rs=0:di=01;34:ln=01;36:mh=00:pi=40;33:so=01;35:do=01;35:bd=40;33;01:cd=40;33;01:or=40;31;01:mi=00:su=37;41:sg=30;43:ca=00:tw=30;42:ow=34;42:st=37;44:ex=01;32:*.tar=01;31:*.tgz=01;31:*.arc=01;31:*.arj=01;31:*.taz=01;31:*.lha=01;31:*.lz4=01;31:*.lzh=01;31:*.lzma=01;31:*.tlz=01;31:*.txz=01;31:*.tzo=01;31:*.t7z=01;31:*.zip=01;31:*.z=01;31:*.dz=01;31:*.gz=01;31:*.lrz=01;31:*.lz=01;31:*.lzo=01;31:*.xz=01;31:*.zst=01;31:*.tzst=01;31:*.bz2=01;31:*.bz=01;31:*.tbz=01;31:*.tbz2=01;31:*.tz=01;31:*.deb=01;31:*.rpm=01;31:*.jar=01;31:*.war=01;31:*.ear=01;31:*.sar=01;31:*.rar=01;31:*.alz=01;31:*.ace=01;31:*.zoo=01;31:*.cpio=01;31:*.7z=01;31:*.rz=01;31:*.cab=01;31:*.wim=01;31:*.swm=01;31:*.dwm=01;31:*.esd=01;31:*.avif=01;35:*.jpg=01;35:*.jpeg=01;35:*.mjpg=01;35:*.mjpeg=01;35:*.gif=01;35:*.bmp=01;35:*.pbm=01;35:*.pgm=01;35:*.ppm=01;35:*.tga=01;35:*.xbm=01;35:*.xpm=01;35:*.tif=01;35:*.tiff=01;35:*.png=01;35:*.svg=01;35:*.svgz=01;35:*.mng=01;35:*.pcx=01;35:*.mov=01;35:*.mpg=01;35:*.mpeg=01;35:*.m2v=01;35:*.mkv=01;35:*.webm=01;35:*.webp=01;35:*.ogm=01;35:*.mp4=01;35:*.m4v=01;35:*.mp4v=01;35:*.vob=01;35:*.qt=01;35:*.nuv=01;35:*.wmv=01;35:*.asf=01;35:*.rm=01;35:*.rmvb=01;35:*.flc=01;35:*.avi=01;35:*.fli=01;35:*.flv=01;35:*.gl=01;35:*.dl=01;35:*.xcf=01;35:*.xwd=01;35:*.yuv=01;35:*.cgm=01;35:*.emf=01;35:*.ogv=01;35:*.ogx=01;35:*.aac=00;36:*.au=00;36:*.flac=00;36:*.m4a=00;36:*.mid=00;36:*.midi=00;36:*.mka=00;36:*.mp3=00;36:*.mpc=00;36:*.ogg=00;36:*.ra=00;36:*.wav=00;36:*.oga=00;36:*.opus=00;36:*.spx=00;36:*.xspf=00;36:*~=00;90:*#=00;90:*.bak=00;90:*.crdownload=00;90:*.dpkg-dist=00;90:*.dpkg-new=00;90:*.dpkg-old=00;90:*.dpkg-tmp=00;90:*.old=00;90:*.orig=00;90:*.part=00;90:*.rej=00;90:*.rpmnew=00;90:*.rpmorig=00;90:*.rpmsave=00;90:*.swp=00;90:*.tmp=00;90:*.ucf-dist=00;90:*.ucf-new=00;90:*.ucf-old=00;90:', 'VSCODE_GIT_IPC_HANDLE': '/run/user/1000/vscode-git-2798b36409.sock', 'TERM_PROGRAM': 'vscode', 'SSH_AUTH_SOCK': '/run/user/1000/keyring/ssh', 'AMENT_PREFIX_PATH': '/home/basmala/ros2_ws/install/yahboom_rosmaster:/home/basmala/ros2_ws/install/yahboom_rosmaster_system_tests:/home/basmala/ros2_ws/install/yahboom_rosmaster_gazebo:/home/basmala/ros2_ws/install/yahboom_rosmaster_description:/home/basmala/ros2_ws/install/yahboom_rosmaster_bringup:/home/basmala/ros2_ws/install/turtlesim_controller:/home/basmala/ros2_ws/install/turtlesim_custom_msgs:/home/basmala/ros2_ws/install/mecanum_drive_controller:/home/basmala/ros2_ws/install/first_package_python:/home/basmala/ros2_ws/install/first_package_cpp:/home/basmala/ros2_ws/install/bme_gazebo_sensors:/home/basmala/ros2_ws/install/assignment2_rt:/home/basmala/ros2_ws/install/assignment2_custom_msgs_srvs:/home/basmala/ros2_ws/install/assignment1_rt:/opt/ros/jazzy', 'SHELL': '/bin/bash', 'LC_NAME': 'ar_EG.UTF-8', 'QT_ACCESSIBILITY': '1', 'GDMSESSION': 'ubuntu', 'LESSCLOSE': '/usr/bin/lesspipe %s %s', 'LC_MEASUREMENT': 'ar_EG.UTF-8', 'GJS_DEBUG_OUTPUT': 'stderr', 'LC_IDENTIFICATION': 'ar_EG.UTF-8', 'ROS_AUTOMATIC_DISCOVERY_RANGE': 'SUBNET', 'VSCODE_GIT_ASKPASS_EXTRA_ARGS': '', 'QT_IM_MODULE': 'ibus', 'PWD': '/home/basmala/ros2_ws/build/assignment2_custom_msgs_srvs', 'XDG_CONFIG_DIRS': '/etc/xdg/xdg-ubuntu:/etc/xdg', 'XDG_DATA_DIRS': '/usr/share/ubuntu:/usr/share/gnome:/usr/local/share/:/usr/share/:/var/lib/snapd/desktop', 'PYTHONPATH': '/home/basmala/ros2_ws/install/turtlesim_custom_msgs/lib/python3.12/site-packages:/home/basmala/ros2_ws/install/first_package_python/lib/python3.12/site-packages:/home/basmala/ros2_ws/install/assignment2_custom_msgs_srvs/lib/python3.12/site-packages:/opt/ros/jazzy/lib/python3.12/site-packages', 'LC_NUMERIC': 'ar_EG.UTF-8', 'LC_PAPER': 'ar_EG.UTF-8', 'COLCON': '1', 'MEMORY_PRESSURE_WRITE': 'c29tZSAyMDAwMDAgMjAwMDAwMAA=', 'CMAKE_PREFIX_PATH': '/home/basmala/ros2_ws/install/yahboom_rosmaster:/home/basmala/ros2_ws/install/yahboom_rosmaster_system_tests:/home/basmala/ros2_ws/install/yahboom_rosmaster_gazebo:/home/basmala/ros2_ws/install/yahboom_rosmaster_description:/home/basmala/ros2_ws/install/yahboom_rosmaster_bringup:/home/basmala/ros2_ws/install/turtlesim_controller:/home/basmala/ros2_ws/install/turtlesim_custom_msgs:/home/basmala/ros2_ws/install/mecanum_drive_controller:/home/basmala/ros2_ws/install/first_package_cpp:/home/basmala/ros2_ws/install/bme_gazebo_sensors:/home/basmala/ros2_ws/install/assignment2_rt:/home/basmala/ros2_ws/install/assignment2_custom_msgs_srvs:/home/basmala/ros2_ws/install/assignment1_rt:/opt/ros/jazzy/opt/gz_sim_vendor:/opt/ros/jazzy/opt/gz_sensors_vendor:/opt/ros/jazzy/opt/gz_physics_vendor:/opt/ros/jazzy/opt/sdformat_vendor:/opt/ros/jazzy/opt/gz_gui_vendor:/opt/ros/jazzy/opt/gz_transport_vendor:/opt/ros/jazzy/opt/gz_rendering_vendor:/opt/ros/jazzy/opt/gz_plugin_vendor:/opt/ros/jazzy/opt/gz_fuel_tools_vendor:/opt/ros/jazzy/opt/gz_msgs_vendor:/opt/ros/jazzy/opt/gz_common_vendor:/opt/ros/jazzy/opt/gz_math_vendor:/opt/ros/jazzy/opt/gz_utils_vendor:/opt/ros/jazzy/opt/gz_tools_vendor:/opt/ros/jazzy/opt/gz_ogre_next_vendor:/opt/ros/jazzy/opt/gz_dartsim_vendor:/opt/ros/jazzy/opt/gz_cmake_vendor:/home/basmala/ros2_ws/install/first_package_python:/opt/ros/jazzy'}), 'shell': False}
[5.664742] (assignment2_custom_msgs_srvs) StdoutLine: {'line': b'-- Install configuration: ""\n'}
[5.665375] (assignment2_custom_msgs_srvs) StdoutLine: {'line': b'-- Installing: /home/basmala/ros2_ws/install/assignment2_custom_msgs_srvs/share/ament_index/resource_index/rosidl_interfaces/assignment2_custom_msgs_srvs\n'}
[5.665554] (assignment2_custom_msgs_srvs) StdoutLine: {'line': b'-- Installing: /home/basmala/ros2_ws/install/assignment2_custom_msgs_srvs/share/assignment2_custom_msgs_srvs/msg/Obstacle.json\n'}
[5.666109] (assignment2_custom_msgs_srvs) StdoutLine: {'line': b'-- Installing: /home/basmala/ros2_ws/install/assignment2_custom_msgs_srvs/share/assignment2_custom_msgs_srvs/srv/AverageVelocities.json\n'}
[5.666341] (assignment2_custom_msgs_srvs) StdoutLine: {'line': b'-- Installing: /home/basmala/ros2_ws/install/assignment2_custom_msgs_srvs/share/assignment2_custom_msgs_srvs/srv/ChangeThreshold.json\n'}
[5.666519] (assignment2_custom_msgs_srvs) StdoutLine: {'line': b'-- Installing: /home/basmala/ros2_ws/install/assignment2_custom_msgs_srvs/share/assignment2_custom_msgs_srvs/srv/ModifyFixedPoint.json\n'}
[5.666689] (assignment2_custom_msgs_srvs) StdoutLine: {'line': b'-- Up-to-date: /home/basmala/ros2_ws/install/assignment2_custom_msgs_srvs/include/assignment2_custom_msgs_srvs/assignment2_custom_msgs_srvs\n'}
[5.666842] (assignment2_custom_msgs_srvs) StdoutLine: {'line': b'-- Up-to-date: /home/basmala/ros2_ws/install/assignment2_custom_msgs_srvs/include/assignment2_custom_msgs_srvs/assignment2_custom_msgs_srvs/srv\n'}
[5.666980] (assignment2_custom_msgs_srvs) StdoutLine: {'line': b'-- Up-to-date: /home/basmala/ros2_ws/install/assignment2_custom_msgs_srvs/include/assignment2_custom_msgs_srvs/assignment2_custom_msgs_srvs/srv/detail\n'}
[5.667143] (assignment2_custom_msgs_srvs) StdoutLine: {'line': b'-- Installing: /home/basmala/ros2_ws/install/assignment2_custom_msgs_srvs/include/assignment2_custom_msgs_srvs/assignment2_custom_msgs_srvs/srv/detail/average_velocities__struct.h\n'}
[5.667329] (assignment2_custom_msgs_srvs) StdoutLine: {'line': b'-- Installing: /home/basmala/ros2_ws/install/assignment2_custom_msgs_srvs/include/assignment2_custom_msgs_srvs/assignment2_custom_msgs_srvs/srv/detail/average_velocities__type_support.h\n'}
[5.667493] (assignment2_custom_msgs_srvs) StdoutLine: {'line': b'-- Installing: /home/basmala/ros2_ws/install/assignment2_custom_msgs_srvs/include/assignment2_custom_msgs_srvs/assignment2_custom_msgs_srvs/srv/detail/modify_fixed_point__type_support.h\n'}
[5.667641] (assignment2_custom_msgs_srvs) StdoutLine: {'line': b'-- Installing: /home/basmala/ros2_ws/install/assignment2_custom_msgs_srvs/include/assignment2_custom_msgs_srvs/assignment2_custom_msgs_srvs/srv/detail/change_threshold__functions.h\n'}
[5.667790] (assignment2_custom_msgs_srvs) StdoutLine: {'line': b'-- Installing: /home/basmala/ros2_ws/install/assignment2_custom_msgs_srvs/include/assignment2_custom_msgs_srvs/assignment2_custom_msgs_srvs/srv/detail/change_threshold__type_support.h\n'}
[5.667924] (assignment2_custom_msgs_srvs) StdoutLine: {'line': b'-- Installing: /home/basmala/ros2_ws/install/assignment2_custom_msgs_srvs/include/assignment2_custom_msgs_srvs/assignment2_custom_msgs_srvs/srv/detail/average_velocities__functions.c\n'}
[5.668077] (assignment2_custom_msgs_srvs) StdoutLine: {'line': b'-- Installing: /home/basmala/ros2_ws/install/assignment2_custom_msgs_srvs/include/assignment2_custom_msgs_srvs/assignment2_custom_msgs_srvs/srv/detail/modify_fixed_point__functions.h\n'}
[5.668242] (assignment2_custom_msgs_srvs) StdoutLine: {'line': b'-- Installing: /home/basmala/ros2_ws/install/assignment2_custom_msgs_srvs/include/assignment2_custom_msgs_srvs/assignment2_custom_msgs_srvs/srv/detail/modify_fixed_point__functions.c\n'}
[5.668675] (assignment2_custom_msgs_srvs) StdoutLine: {'line': b'-- Installing: /home/basmala/ros2_ws/install/assignment2_custom_msgs_srvs/include/assignment2_custom_msgs_srvs/assignment2_custom_msgs_srvs/srv/detail/modify_fixed_point__struct.h\n'}
[5.668786] (assignment2_custom_msgs_srvs) StdoutLine: {'line': b'-- Installing: /home/basmala/ros2_ws/install/assignment2_custom_msgs_srvs/include/assignment2_custom_msgs_srvs/assignment2_custom_msgs_srvs/srv/detail/change_threshold__description.c\n'}
[5.668862] (assignment2_custom_msgs_srvs) StdoutLine: {'line': b'-- Installing: /home/basmala/ros2_ws/install/assignment2_custom_msgs_srvs/include/assignment2_custom_msgs_srvs/assignment2_custom_msgs_srvs/srv/detail/change_threshold__type_support.c\n'}
[5.668931] (assignment2_custom_msgs_srvs) StdoutLine: {'line': b'-- Installing: /home/basmala/ros2_ws/install/assignment2_custom_msgs_srvs/include/assignment2_custom_msgs_srvs/assignment2_custom_msgs_srvs/srv/detail/average_velocities__functions.h\n'}
[5.669000] (assignment2_custom_msgs_srvs) StdoutLine: {'line': b'-- Installing: /home/basmala/ros2_ws/install/assignment2_custom_msgs_srvs/include/assignment2_custom_msgs_srvs/assignment2_custom_msgs_srvs/srv/detail/modify_fixed_point__description.c\n'}
[5.669065] (assignment2_custom_msgs_srvs) StdoutLine: {'line': b'-- Installing: /home/basmala/ros2_ws/install/assignment2_custom_msgs_srvs/include/assignment2_custom_msgs_srvs/assignment2_custom_msgs_srvs/srv/detail/change_threshold__struct.h\n'}
[5.669182] (assignment2_custom_msgs_srvs) StdoutLine: {'line': b'-- Installing: /home/basmala/ros2_ws/install/assignment2_custom_msgs_srvs/include/assignment2_custom_msgs_srvs/assignment2_custom_msgs_srvs/srv/detail/modify_fixed_point__type_support.c\n'}
[5.669254] (assignment2_custom_msgs_srvs) StdoutLine: {'line': b'-- Installing: /home/basmala/ros2_ws/install/assignment2_custom_msgs_srvs/include/assignment2_custom_msgs_srvs/assignment2_custom_msgs_srvs/srv/detail/average_velocities__description.c\n'}
[5.669387] (assignment2_custom_msgs_srvs) StdoutLine: {'line': b'-- Installing: /home/basmala/ros2_ws/install/assignment2_custom_msgs_srvs/include/assignment2_custom_msgs_srvs/assignment2_custom_msgs_srvs/srv/detail/change_threshold__functions.c\n'}
[5.669489] (assignment2_custom_msgs_srvs) StdoutLine: {'line': b'-- Installing: /home/basmala/ros2_ws/install/assignment2_custom_msgs_srvs/include/assignment2_custom_msgs_srvs/assignment2_custom_msgs_srvs/srv/detail/average_velocities__type_support.c\n'}
[5.669584] (assignment2_custom_msgs_srvs) StdoutLine: {'line': b'-- Installing: /home/basmala/ros2_ws/install/assignment2_custom_msgs_srvs/include/assignment2_custom_msgs_srvs/assignment2_custom_msgs_srvs/srv/modify_fixed_point.h\n'}
[5.669658] (assignment2_custom_msgs_srvs) StdoutLine: {'line': b'-- Installing: /home/basmala/ros2_ws/install/assignment2_custom_msgs_srvs/include/assignment2_custom_msgs_srvs/assignment2_custom_msgs_srvs/srv/average_velocities.h\n'}
[5.669722] (assignment2_custom_msgs_srvs) StdoutLine: {'line': b'-- Installing: /home/basmala/ros2_ws/install/assignment2_custom_msgs_srvs/include/assignment2_custom_msgs_srvs/assignment2_custom_msgs_srvs/srv/change_threshold.h\n'}
[5.669786] (assignment2_custom_msgs_srvs) StdoutLine: {'line': b'-- Up-to-date: /home/basmala/ros2_ws/install/assignment2_custom_msgs_srvs/include/assignment2_custom_msgs_srvs/assignment2_custom_msgs_srvs/msg\n'}
[5.669849] (assignment2_custom_msgs_srvs) StdoutLine: {'line': b'-- Up-to-date: /home/basmala/ros2_ws/install/assignment2_custom_msgs_srvs/include/assignment2_custom_msgs_srvs/assignment2_custom_msgs_srvs/msg/detail\n'}
[5.669912] (assignment2_custom_msgs_srvs) StdoutLine: {'line': b'-- Installing: /home/basmala/ros2_ws/install/assignment2_custom_msgs_srvs/include/assignment2_custom_msgs_srvs/assignment2_custom_msgs_srvs/msg/detail/obstacle__type_support.h\n'}
[5.669977] (assignment2_custom_msgs_srvs) StdoutLine: {'line': b'-- Installing: /home/basmala/ros2_ws/install/assignment2_custom_msgs_srvs/include/assignment2_custom_msgs_srvs/assignment2_custom_msgs_srvs/msg/detail/obstacle__type_support.c\n'}
[5.670039] (assignment2_custom_msgs_srvs) StdoutLine: {'line': b'-- Installing: /home/basmala/ros2_ws/install/assignment2_custom_msgs_srvs/include/assignment2_custom_msgs_srvs/assignment2_custom_msgs_srvs/msg/detail/obstacle__functions.h\n'}
[5.670157] (assignment2_custom_msgs_srvs) StdoutLine: {'line': b'-- Installing: /home/basmala/ros2_ws/install/assignment2_custom_msgs_srvs/include/assignment2_custom_msgs_srvs/assignment2_custom_msgs_srvs/msg/detail/obstacle__description.c\n'}
[5.670217] (assignment2_custom_msgs_srvs) StdoutLine: {'line': b'-- Installing: /home/basmala/ros2_ws/install/assignment2_custom_msgs_srvs/include/assignment2_custom_msgs_srvs/assignment2_custom_msgs_srvs/msg/detail/obstacle__struct.h\n'}
[5.670275] (assignment2_custom_msgs_srvs) StdoutLine: {'line': b'-- Installing: /home/basmala/ros2_ws/install/assignment2_custom_msgs_srvs/include/assignment2_custom_msgs_srvs/assignment2_custom_msgs_srvs/msg/detail/obstacle__functions.c\n'}
[5.670342] (assignment2_custom_msgs_srvs) StdoutLine: {'line': b'-- Up-to-date: /home/basmala/ros2_ws/install/assignment2_custom_msgs_srvs/include/assignment2_custom_msgs_srvs/assignment2_custom_msgs_srvs/msg/rosidl_generator_c__visibility_control.h\n'}
[5.670404] (assignment2_custom_msgs_srvs) StdoutLine: {'line': b'-- Installing: /home/basmala/ros2_ws/install/assignment2_custom_msgs_srvs/include/assignment2_custom_msgs_srvs/assignment2_custom_msgs_srvs/msg/obstacle.h\n'}
[5.670485] (assignment2_custom_msgs_srvs) StdoutLine: {'line': b'-- Up-to-date: /home/basmala/ros2_ws/install/assignment2_custom_msgs_srvs/share/assignment2_custom_msgs_srvs/environment/library_path.sh\n'}
[5.670544] (assignment2_custom_msgs_srvs) StdoutLine: {'line': b'-- Up-to-date: /home/basmala/ros2_ws/install/assignment2_custom_msgs_srvs/share/assignment2_custom_msgs_srvs/environment/library_path.dsv\n'}
[5.670603] (assignment2_custom_msgs_srvs) StdoutLine: {'line': b'-- Installing: /home/basmala/ros2_ws/install/assignment2_custom_msgs_srvs/lib/libassignment2_custom_msgs_srvs__rosidl_generator_c.so\n'}
[5.670660] (assignment2_custom_msgs_srvs) StdoutLine: {'line': b'-- Set non-toolchain portion of runtime path of "/home/basmala/ros2_ws/install/assignment2_custom_msgs_srvs/lib/libassignment2_custom_msgs_srvs__rosidl_generator_c.so" to ""\n'}
[5.670722] (assignment2_custom_msgs_srvs) StdoutLine: {'line': b'-- Up-to-date: /home/basmala/ros2_ws/install/assignment2_custom_msgs_srvs/include/assignment2_custom_msgs_srvs/assignment2_custom_msgs_srvs\n'}
[5.670783] (assignment2_custom_msgs_srvs) StdoutLine: {'line': b'-- Up-to-date: /home/basmala/ros2_ws/install/assignment2_custom_msgs_srvs/include/assignment2_custom_msgs_srvs/assignment2_custom_msgs_srvs/srv\n'}
[5.670844] (assignment2_custom_msgs_srvs) StdoutLine: {'line': b'-- Up-to-date: /home/basmala/ros2_ws/install/assignment2_custom_msgs_srvs/include/assignment2_custom_msgs_srvs/assignment2_custom_msgs_srvs/srv/detail\n'}
[5.670905] (assignment2_custom_msgs_srvs) StdoutLine: {'line': b'-- Installing: /home/basmala/ros2_ws/install/assignment2_custom_msgs_srvs/include/assignment2_custom_msgs_srvs/assignment2_custom_msgs_srvs/srv/detail/change_threshold__rosidl_typesupport_fastrtps_c.h\n'}
[5.670969] (assignment2_custom_msgs_srvs) StdoutLine: {'line': b'-- Installing: /home/basmala/ros2_ws/install/assignment2_custom_msgs_srvs/include/assignment2_custom_msgs_srvs/assignment2_custom_msgs_srvs/srv/detail/modify_fixed_point__rosidl_typesupport_fastrtps_c.h\n'}
[5.671033] (assignment2_custom_msgs_srvs) StdoutLine: {'line': b'-- Installing: /home/basmala/ros2_ws/install/assignment2_custom_msgs_srvs/include/assignment2_custom_msgs_srvs/assignment2_custom_msgs_srvs/srv/detail/average_velocities__rosidl_typesupport_fastrtps_c.h\n'}
[5.671104] (assignment2_custom_msgs_srvs) StdoutLine: {'line': b'-- Up-to-date: /home/basmala/ros2_ws/install/assignment2_custom_msgs_srvs/include/assignment2_custom_msgs_srvs/assignment2_custom_msgs_srvs/msg\n'}
[5.671256] (assignment2_custom_msgs_srvs) StdoutLine: {'line': b'-- Up-to-date: /home/basmala/ros2_ws/install/assignment2_custom_msgs_srvs/include/assignment2_custom_msgs_srvs/assignment2_custom_msgs_srvs/msg/detail\n'}
[5.671333] (assignment2_custom_msgs_srvs) StdoutLine: {'line': b'-- Installing: /home/basmala/ros2_ws/install/assignment2_custom_msgs_srvs/include/assignment2_custom_msgs_srvs/assignment2_custom_msgs_srvs/msg/detail/obstacle__rosidl_typesupport_fastrtps_c.h\n'}
[5.671408] (assignment2_custom_msgs_srvs) StdoutLine: {'line': b'-- Up-to-date: /home/basmala/ros2_ws/install/assignment2_custom_msgs_srvs/include/assignment2_custom_msgs_srvs/assignment2_custom_msgs_srvs/msg/rosidl_typesupport_fastrtps_c__visibility_control.h\n'}
[5.671472] (assignment2_custom_msgs_srvs) StdoutLine: {'line': b'-- Installing: /home/basmala/ros2_ws/install/assignment2_custom_msgs_srvs/lib/libassignment2_custom_msgs_srvs__rosidl_typesupport_fastrtps_c.so\n'}
[5.671534] (assignment2_custom_msgs_srvs) StdoutLine: {'line': b'-- Set non-toolchain portion of runtime path of "/home/basmala/ros2_ws/install/assignment2_custom_msgs_srvs/lib/libassignment2_custom_msgs_srvs__rosidl_typesupport_fastrtps_c.so" to ""\n'}
[5.671596] (assignment2_custom_msgs_srvs) StdoutLine: {'line': b'-- Up-to-date: /home/basmala/ros2_ws/install/assignment2_custom_msgs_srvs/include/assignment2_custom_msgs_srvs/assignment2_custom_msgs_srvs\n'}
[5.671659] (assignment2_custom_msgs_srvs) StdoutLine: {'line': b'-- Up-to-date: /home/basmala/ros2_ws/install/assignment2_custom_msgs_srvs/include/assignment2_custom_msgs_srvs/assignment2_custom_msgs_srvs/srv\n'}
[5.671720] (assignment2_custom_msgs_srvs) StdoutLine: {'line': b'-- Up-to-date: /home/basmala/ros2_ws/install/assignment2_custom_msgs_srvs/include/assignment2_custom_msgs_srvs/assignment2_custom_msgs_srvs/srv/detail\n'}
[5.671781] (assignment2_custom_msgs_srvs) StdoutLine: {'line': b'-- Installing: /home/basmala/ros2_ws/install/assignment2_custom_msgs_srvs/include/assignment2_custom_msgs_srvs/assignment2_custom_msgs_srvs/srv/detail/modify_fixed_point__rosidl_typesupport_introspection_c.h\n'}
[5.671844] (assignment2_custom_msgs_srvs) StdoutLine: {'line': b'-- Installing: /home/basmala/ros2_ws/install/assignment2_custom_msgs_srvs/include/assignment2_custom_msgs_srvs/assignment2_custom_msgs_srvs/srv/detail/change_threshold__rosidl_typesupport_introspection_c.h\n'}
[5.671907] (assignment2_custom_msgs_srvs) StdoutLine: {'line': b'-- Installing: /home/basmala/ros2_ws/install/assignment2_custom_msgs_srvs/include/assignment2_custom_msgs_srvs/assignment2_custom_msgs_srvs/srv/detail/change_threshold__type_support.c\n'}
[5.671967] (assignment2_custom_msgs_srvs) StdoutLine: {'line': b'-- Installing: /home/basmala/ros2_ws/install/assignment2_custom_msgs_srvs/include/assignment2_custom_msgs_srvs/assignment2_custom_msgs_srvs/srv/detail/average_velocities__rosidl_typesupport_introspection_c.h\n'}
[5.672027] (assignment2_custom_msgs_srvs) StdoutLine: {'line': b'-- Installing: /home/basmala/ros2_ws/install/assignment2_custom_msgs_srvs/include/assignment2_custom_msgs_srvs/assignment2_custom_msgs_srvs/srv/detail/modify_fixed_point__type_support.c\n'}
[5.672129] (assignment2_custom_msgs_srvs) StdoutLine: {'line': b'-- Installing: /home/basmala/ros2_ws/install/assignment2_custom_msgs_srvs/include/assignment2_custom_msgs_srvs/assignment2_custom_msgs_srvs/srv/detail/average_velocities__type_support.c\n'}
[5.672249] (assignment2_custom_msgs_srvs) StdoutLine: {'line': b'-- Up-to-date: /home/basmala/ros2_ws/install/assignment2_custom_msgs_srvs/include/assignment2_custom_msgs_srvs/assignment2_custom_msgs_srvs/msg\n'}
[5.672323] (assignment2_custom_msgs_srvs) StdoutLine: {'line': b'-- Up-to-date: /home/basmala/ros2_ws/install/assignment2_custom_msgs_srvs/include/assignment2_custom_msgs_srvs/assignment2_custom_msgs_srvs/msg/detail\n'}
[5.672387] (assignment2_custom_msgs_srvs) StdoutLine: {'line': b'-- Installing: /home/basmala/ros2_ws/install/assignment2_custom_msgs_srvs/include/assignment2_custom_msgs_srvs/assignment2_custom_msgs_srvs/msg/detail/obstacle__rosidl_typesupport_introspection_c.h\n'}
[5.672448] (assignment2_custom_msgs_srvs) StdoutLine: {'line': b'-- Installing: /home/basmala/ros2_ws/install/assignment2_custom_msgs_srvs/include/assignment2_custom_msgs_srvs/assignment2_custom_msgs_srvs/msg/detail/obstacle__type_support.c\n'}
[5.672524] (assignment2_custom_msgs_srvs) StdoutLine: {'line': b'-- Up-to-date: /home/basmala/ros2_ws/install/assignment2_custom_msgs_srvs/include/assignment2_custom_msgs_srvs/assignment2_custom_msgs_srvs/msg/rosidl_typesupport_introspection_c__visibility_control.h\n'}
[5.672586] (assignment2_custom_msgs_srvs) StdoutLine: {'line': b'-- Installing: /home/basmala/ros2_ws/install/assignment2_custom_msgs_srvs/lib/libassignment2_custom_msgs_srvs__rosidl_typesupport_introspection_c.so\n'}
[5.672644] (assignment2_custom_msgs_srvs) StdoutLine: {'line': b'-- Set non-toolchain portion of runtime path of "/home/basmala/ros2_ws/install/assignment2_custom_msgs_srvs/lib/libassignment2_custom_msgs_srvs__rosidl_typesupport_introspection_c.so" to ""\n'}
[5.673104] (assignment2_custom_msgs_srvs) StdoutLine: {'line': b'-- Installing: /home/basmala/ros2_ws/install/assignment2_custom_msgs_srvs/lib/libassignment2_custom_msgs_srvs__rosidl_typesupport_c.so\n'}
[5.673295] (assignment2_custom_msgs_srvs) StdoutLine: {'line': b'-- Set non-toolchain portion of runtime path of "/home/basmala/ros2_ws/install/assignment2_custom_msgs_srvs/lib/libassignment2_custom_msgs_srvs__rosidl_typesupport_c.so" to ""\n'}
[5.673400] (assignment2_custom_msgs_srvs) StdoutLine: {'line': b'-- Up-to-date: /home/basmala/ros2_ws/install/assignment2_custom_msgs_srvs/include/assignment2_custom_msgs_srvs/assignment2_custom_msgs_srvs\n'}
[5.673515] (assignment2_custom_msgs_srvs) StdoutLine: {'line': b'-- Up-to-date: /home/basmala/ros2_ws/install/assignment2_custom_msgs_srvs/include/assignment2_custom_msgs_srvs/assignment2_custom_msgs_srvs/srv\n'}
[5.673580] (assignment2_custom_msgs_srvs) StdoutLine: {'line': b'-- Installing: /home/basmala/ros2_ws/install/assignment2_custom_msgs_srvs/include/assignment2_custom_msgs_srvs/assignment2_custom_msgs_srvs/srv/change_threshold.hpp\n'}
[5.673646] (assignment2_custom_msgs_srvs) StdoutLine: {'line': b'-- Up-to-date: /home/basmala/ros2_ws/install/assignment2_custom_msgs_srvs/include/assignment2_custom_msgs_srvs/assignment2_custom_msgs_srvs/srv/detail\n'}
[5.673731] (assignment2_custom_msgs_srvs) StdoutLine: {'line': b'-- Installing: /home/basmala/ros2_ws/install/assignment2_custom_msgs_srvs/include/assignment2_custom_msgs_srvs/assignment2_custom_msgs_srvs/srv/detail/modify_fixed_point__builder.hpp\n'}
[5.673834] (assignment2_custom_msgs_srvs) StdoutLine: {'line': b'-- Installing: /home/basmala/ros2_ws/install/assignment2_custom_msgs_srvs/include/assignment2_custom_msgs_srvs/assignment2_custom_msgs_srvs/srv/detail/average_velocities__builder.hpp\n'}
[5.673903] (assignment2_custom_msgs_srvs) StdoutLine: {'line': b'-- Installing: /home/basmala/ros2_ws/install/assignment2_custom_msgs_srvs/include/assignment2_custom_msgs_srvs/assignment2_custom_msgs_srvs/srv/detail/modify_fixed_point__struct.hpp\n'}
[5.673968] (assignment2_custom_msgs_srvs) StdoutLine: {'line': b'-- Installing: /home/basmala/ros2_ws/install/assignment2_custom_msgs_srvs/include/assignment2_custom_msgs_srvs/assignment2_custom_msgs_srvs/srv/detail/change_threshold__traits.hpp\n'}
[5.674053] (assignment2_custom_msgs_srvs) StdoutLine: {'line': b'-- Installing: /home/basmala/ros2_ws/install/assignment2_custom_msgs_srvs/include/assignment2_custom_msgs_srvs/assignment2_custom_msgs_srvs/srv/detail/modify_fixed_point__traits.hpp\n'}
[5.674152] (assignment2_custom_msgs_srvs) StdoutLine: {'line': b'-- Installing: /home/basmala/ros2_ws/install/assignment2_custom_msgs_srvs/include/assignment2_custom_msgs_srvs/assignment2_custom_msgs_srvs/srv/detail/average_velocities__struct.hpp\n'}
[5.674255] (assignment2_custom_msgs_srvs) StdoutLine: {'line': b'-- Installing: /home/basmala/ros2_ws/install/assignment2_custom_msgs_srvs/include/assignment2_custom_msgs_srvs/assignment2_custom_msgs_srvs/srv/detail/average_velocities__traits.hpp\n'}
[5.674362] (assignment2_custom_msgs_srvs) StdoutLine: {'line': b'-- Installing: /home/basmala/ros2_ws/install/assignment2_custom_msgs_srvs/include/assignment2_custom_msgs_srvs/assignment2_custom_msgs_srvs/srv/detail/change_threshold__struct.hpp\n'}
[5.674456] (assignment2_custom_msgs_srvs) StdoutLine: {'line': b'-- Installing: /home/basmala/ros2_ws/install/assignment2_custom_msgs_srvs/include/assignment2_custom_msgs_srvs/assignment2_custom_msgs_srvs/srv/detail/average_velocities__type_support.hpp\n'}
[5.674557] (assignment2_custom_msgs_srvs) StdoutLine: {'line': b'-- Installing: /home/basmala/ros2_ws/install/assignment2_custom_msgs_srvs/include/assignment2_custom_msgs_srvs/assignment2_custom_msgs_srvs/srv/detail/change_threshold__builder.hpp\n'}
[5.674657] (assignment2_custom_msgs_srvs) StdoutLine: {'line': b'-- Installing: /home/basmala/ros2_ws/install/assignment2_custom_msgs_srvs/include/assignment2_custom_msgs_srvs/assignment2_custom_msgs_srvs/srv/detail/change_threshold__type_support.hpp\n'}
[5.674758] (assignment2_custom_msgs_srvs) StdoutLine: {'line': b'-- Installing: /home/basmala/ros2_ws/install/assignment2_custom_msgs_srvs/include/assignment2_custom_msgs_srvs/assignment2_custom_msgs_srvs/srv/detail/modify_fixed_point__type_support.hpp\n'}
[5.674839] (assignment2_custom_msgs_srvs) StdoutLine: {'line': b'-- Installing: /home/basmala/ros2_ws/install/assignment2_custom_msgs_srvs/include/assignment2_custom_msgs_srvs/assignment2_custom_msgs_srvs/srv/modify_fixed_point.hpp\n'}
[5.674919] (assignment2_custom_msgs_srvs) StdoutLine: {'line': b'-- Installing: /home/basmala/ros2_ws/install/assignment2_custom_msgs_srvs/include/assignment2_custom_msgs_srvs/assignment2_custom_msgs_srvs/srv/average_velocities.hpp\n'}
[5.674988] (assignment2_custom_msgs_srvs) StdoutLine: {'line': b'-- Up-to-date: /home/basmala/ros2_ws/install/assignment2_custom_msgs_srvs/include/assignment2_custom_msgs_srvs/assignment2_custom_msgs_srvs/msg\n'}
[5.675050] (assignment2_custom_msgs_srvs) StdoutLine: {'line': b'-- Up-to-date: /home/basmala/ros2_ws/install/assignment2_custom_msgs_srvs/include/assignment2_custom_msgs_srvs/assignment2_custom_msgs_srvs/msg/detail\n'}
[5.675146] (assignment2_custom_msgs_srvs) StdoutLine: {'line': b'-- Installing: /home/basmala/ros2_ws/install/assignment2_custom_msgs_srvs/include/assignment2_custom_msgs_srvs/assignment2_custom_msgs_srvs/msg/detail/obstacle__traits.hpp\n'}
[5.675270] (assignment2_custom_msgs_srvs) StdoutLine: {'line': b'-- Installing: /home/basmala/ros2_ws/install/assignment2_custom_msgs_srvs/include/assignment2_custom_msgs_srvs/assignment2_custom_msgs_srvs/msg/detail/obstacle__builder.hpp\n'}
[5.675347] (assignment2_custom_msgs_srvs) StdoutLine: {'line': b'-- Installing: /home/basmala/ros2_ws/install/assignment2_custom_msgs_srvs/include/assignment2_custom_msgs_srvs/assignment2_custom_msgs_srvs/msg/detail/obstacle__struct.hpp\n'}
[5.675410] (assignment2_custom_msgs_srvs) StdoutLine: {'line': b'-- Installing: /home/basmala/ros2_ws/install/assignment2_custom_msgs_srvs/include/assignment2_custom_msgs_srvs/assignment2_custom_msgs_srvs/msg/detail/obstacle__type_support.hpp\n'}
[5.675472] (assignment2_custom_msgs_srvs) StdoutLine: {'line': b'-- Installing: /home/basmala/ros2_ws/install/assignment2_custom_msgs_srvs/include/assignment2_custom_msgs_srvs/assignment2_custom_msgs_srvs/msg/rosidl_generator_cpp__visibility_control.hpp\n'}
[5.675559] (assignment2_custom_msgs_srvs) StdoutLine: {'line': b'-- Installing: /home/basmala/ros2_ws/install/assignment2_custom_msgs_srvs/include/assignment2_custom_msgs_srvs/assignment2_custom_msgs_srvs/msg/obstacle.hpp\n'}
[5.675670] (assignment2_custom_msgs_srvs) StdoutLine: {'line': b'-- Up-to-date: /home/basmala/ros2_ws/install/assignment2_custom_msgs_srvs/include/assignment2_custom_msgs_srvs/assignment2_custom_msgs_srvs\n'}
[5.675732] (assignment2_custom_msgs_srvs) StdoutLine: {'line': b'-- Up-to-date: /home/basmala/ros2_ws/install/assignment2_custom_msgs_srvs/include/assignment2_custom_msgs_srvs/assignment2_custom_msgs_srvs/srv\n'}
[5.675806] (assignment2_custom_msgs_srvs) StdoutLine: {'line': b'-- Up-to-date: /home/basmala/ros2_ws/install/assignment2_custom_msgs_srvs/include/assignment2_custom_msgs_srvs/assignment2_custom_msgs_srvs/srv/detail\n'}
[5.675873] (assignment2_custom_msgs_srvs) StdoutLine: {'line': b'-- Installing: /home/basmala/ros2_ws/install/assignment2_custom_msgs_srvs/include/assignment2_custom_msgs_srvs/assignment2_custom_msgs_srvs/srv/detail/modify_fixed_point__rosidl_typesupport_fastrtps_cpp.hpp\n'}
[5.675938] (assignment2_custom_msgs_srvs) StdoutLine: {'line': b'-- Up-to-date: /home/basmala/ros2_ws/install/assignment2_custom_msgs_srvs/include/assignment2_custom_msgs_srvs/assignment2_custom_msgs_srvs/srv/detail/dds_fastrtps\n'}
[5.676044] (assignment2_custom_msgs_srvs) StdoutLine: {'line': b'-- Installing: /home/basmala/ros2_ws/install/assignment2_custom_msgs_srvs/include/assignment2_custom_msgs_srvs/assignment2_custom_msgs_srvs/srv/detail/average_velocities__rosidl_typesupport_fastrtps_cpp.hpp\n'}
[5.676110] (assignment2_custom_msgs_srvs) StdoutLine: {'line': b'-- Installing: /home/basmala/ros2_ws/install/assignment2_custom_msgs_srvs/include/assignment2_custom_msgs_srvs/assignment2_custom_msgs_srvs/srv/detail/change_threshold__rosidl_typesupport_fastrtps_cpp.hpp\n'}
[5.676175] (assignment2_custom_msgs_srvs) StdoutLine: {'line': b'-- Up-to-date: /home/basmala/ros2_ws/install/assignment2_custom_msgs_srvs/include/assignment2_custom_msgs_srvs/assignment2_custom_msgs_srvs/msg\n'}
[5.676236] (assignment2_custom_msgs_srvs) StdoutLine: {'line': b'-- Up-to-date: /home/basmala/ros2_ws/install/assignment2_custom_msgs_srvs/include/assignment2_custom_msgs_srvs/assignment2_custom_msgs_srvs/msg/detail\n'}
[5.676302] (assignment2_custom_msgs_srvs) StdoutLine: {'line': b'-- Up-to-date: /home/basmala/ros2_ws/install/assignment2_custom_msgs_srvs/include/assignment2_custom_msgs_srvs/assignment2_custom_msgs_srvs/msg/detail/dds_fastrtps\n'}
[5.676365] (assignment2_custom_msgs_srvs) StdoutLine: {'line': b'-- Installing: /home/basmala/ros2_ws/install/assignment2_custom_msgs_srvs/include/assignment2_custom_msgs_srvs/assignment2_custom_msgs_srvs/msg/detail/obstacle__rosidl_typesupport_fastrtps_cpp.hpp\n'}
[5.676426] (assignment2_custom_msgs_srvs) StdoutLine: {'line': b'-- Up-to-date: /home/basmala/ros2_ws/install/assignment2_custom_msgs_srvs/include/assignment2_custom_msgs_srvs/assignment2_custom_msgs_srvs/msg/rosidl_typesupport_fastrtps_cpp__visibility_control.h\n'}
[5.676556] (assignment2_custom_msgs_srvs) StdoutLine: {'line': b'-- Installing: /home/basmala/ros2_ws/install/assignment2_custom_msgs_srvs/lib/libassignment2_custom_msgs_srvs__rosidl_typesupport_fastrtps_cpp.so\n'}
[5.677154] (assignment2_custom_msgs_srvs) StdoutLine: {'line': b'-- Set non-toolchain portion of runtime path of "/home/basmala/ros2_ws/install/assignment2_custom_msgs_srvs/lib/libassignment2_custom_msgs_srvs__rosidl_typesupport_fastrtps_cpp.so" to ""\n'}
[5.677266] (assignment2_custom_msgs_srvs) StdoutLine: {'line': b'-- Up-to-date: /home/basmala/ros2_ws/install/assignment2_custom_msgs_srvs/include/assignment2_custom_msgs_srvs/assignment2_custom_msgs_srvs\n'}
[5.677403] (assignment2_custom_msgs_srvs) StdoutLine: {'line': b'-- Up-to-date: /home/basmala/ros2_ws/install/assignment2_custom_msgs_srvs/include/assignment2_custom_msgs_srvs/assignment2_custom_msgs_srvs/srv\n'}
[5.677475] (assignment2_custom_msgs_srvs) StdoutLine: {'line': b'-- Up-to-date: /home/basmala/ros2_ws/install/assignment2_custom_msgs_srvs/include/assignment2_custom_msgs_srvs/assignment2_custom_msgs_srvs/srv/detail\n'}
[5.677557] (assignment2_custom_msgs_srvs) StdoutLine: {'line': b'-- Installing: /home/basmala/ros2_ws/install/assignment2_custom_msgs_srvs/include/assignment2_custom_msgs_srvs/assignment2_custom_msgs_srvs/srv/detail/average_velocities__rosidl_typesupport_introspection_cpp.hpp\n'}
[5.677622] (assignment2_custom_msgs_srvs) StdoutLine: {'line': b'-- Installing: /home/basmala/ros2_ws/install/assignment2_custom_msgs_srvs/include/assignment2_custom_msgs_srvs/assignment2_custom_msgs_srvs/srv/detail/change_threshold__type_support.cpp\n'}
[5.677696] (assignment2_custom_msgs_srvs) StdoutLine: {'line': b'-- Installing: /home/basmala/ros2_ws/install/assignment2_custom_msgs_srvs/include/assignment2_custom_msgs_srvs/assignment2_custom_msgs_srvs/srv/detail/change_threshold__rosidl_typesupport_introspection_cpp.hpp\n'}
[5.677823] (assignment2_custom_msgs_srvs) StdoutLine: {'line': b'-- Installing: /home/basmala/ros2_ws/install/assignment2_custom_msgs_srvs/include/assignment2_custom_msgs_srvs/assignment2_custom_msgs_srvs/srv/detail/average_velocities__type_support.cpp\n'}
[5.677887] (assignment2_custom_msgs_srvs) StdoutLine: {'line': b'-- Installing: /home/basmala/ros2_ws/install/assignment2_custom_msgs_srvs/include/assignment2_custom_msgs_srvs/assignment2_custom_msgs_srvs/srv/detail/modify_fixed_point__rosidl_typesupport_introspection_cpp.hpp\n'}
[5.678012] (assignment2_custom_msgs_srvs) StdoutLine: {'line': b'-- Installing: /home/basmala/ros2_ws/install/assignment2_custom_msgs_srvs/include/assignment2_custom_msgs_srvs/assignment2_custom_msgs_srvs/srv/detail/modify_fixed_point__type_support.cpp\n'}
[5.678081] (assignment2_custom_msgs_srvs) StdoutLine: {'line': b'-- Up-to-date: /home/basmala/ros2_ws/install/assignment2_custom_msgs_srvs/include/assignment2_custom_msgs_srvs/assignment2_custom_msgs_srvs/msg\n'}
[5.678153] (assignment2_custom_msgs_srvs) StdoutLine: {'line': b'-- Up-to-date: /home/basmala/ros2_ws/install/assignment2_custom_msgs_srvs/include/assignment2_custom_msgs_srvs/assignment2_custom_msgs_srvs/msg/detail\n'}
[5.678224] (assignment2_custom_msgs_srvs) StdoutLine: {'line': b'-- Installing: /home/basmala/ros2_ws/install/assignment2_custom_msgs_srvs/include/assignment2_custom_msgs_srvs/assignment2_custom_msgs_srvs/msg/detail/obstacle__rosidl_typesupport_introspection_cpp.hpp\n'}
[5.678374] (assignment2_custom_msgs_srvs) StdoutLine: {'line': b'-- Installing: /home/basmala/ros2_ws/install/assignment2_custom_msgs_srvs/include/assignment2_custom_msgs_srvs/assignment2_custom_msgs_srvs/msg/detail/obstacle__type_support.cpp\n'}
[5.678720] (assignment2_custom_msgs_srvs) StdoutLine: {'line': b'-- Installing: /home/basmala/ros2_ws/install/assignment2_custom_msgs_srvs/lib/libassignment2_custom_msgs_srvs__rosidl_typesupport_introspection_cpp.so\n'}
[5.679285] (assignment2_custom_msgs_srvs) StdoutLine: {'line': b'-- Set non-toolchain portion of runtime path of "/home/basmala/ros2_ws/install/assignment2_custom_msgs_srvs/lib/libassignment2_custom_msgs_srvs__rosidl_typesupport_introspection_cpp.so" to ""\n'}
[5.679806] (assignment2_custom_msgs_srvs) StdoutLine: {'line': b'-- Installing: /home/basmala/ros2_ws/install/assignment2_custom_msgs_srvs/lib/libassignment2_custom_msgs_srvs__rosidl_typesupport_cpp.so\n'}
[5.680198] (assignment2_custom_msgs_srvs) StdoutLine: {'line': b'-- Set non-toolchain portion of runtime path of "/home/basmala/ros2_ws/install/assignment2_custom_msgs_srvs/lib/libassignment2_custom_msgs_srvs__rosidl_typesupport_cpp.so" to ""\n'}
[5.680324] (assignment2_custom_msgs_srvs) StdoutLine: {'line': b'-- Up-to-date: /home/basmala/ros2_ws/install/assignment2_custom_msgs_srvs/share/assignment2_custom_msgs_srvs/environment/pythonpath.sh\n'}
[5.680417] (assignment2_custom_msgs_srvs) StdoutLine: {'line': b'-- Up-to-date: /home/basmala/ros2_ws/install/assignment2_custom_msgs_srvs/share/assignment2_custom_msgs_srvs/environment/pythonpath.dsv\n'}
[5.680530] (assignment2_custom_msgs_srvs) StdoutLine: {'line': b'-- Up-to-date: /home/basmala/ros2_ws/install/assignment2_custom_msgs_srvs/lib/python3.12/site-packages/assignment2_custom_msgs_srvs-0.0.0-py3.12.egg-info\n'}
[5.680601] (assignment2_custom_msgs_srvs) StdoutLine: {'line': b'-- Installing: /home/basmala/ros2_ws/install/assignment2_custom_msgs_srvs/lib/python3.12/site-packages/assignment2_custom_msgs_srvs-0.0.0-py3.12.egg-info/dependency_links.txt\n'}
[5.680667] (assignment2_custom_msgs_srvs) StdoutLine: {'line': b'-- Installing: /home/basmala/ros2_ws/install/assignment2_custom_msgs_srvs/lib/python3.12/site-packages/assignment2_custom_msgs_srvs-0.0.0-py3.12.egg-info/SOURCES.txt\n'}
[5.680774] (assignment2_custom_msgs_srvs) StdoutLine: {'line': b'-- Installing: /home/basmala/ros2_ws/install/assignment2_custom_msgs_srvs/lib/python3.12/site-packages/assignment2_custom_msgs_srvs-0.0.0-py3.12.egg-info/PKG-INFO\n'}
[5.680840] (assignment2_custom_msgs_srvs) StdoutLine: {'line': b'-- Installing: /home/basmala/ros2_ws/install/assignment2_custom_msgs_srvs/lib/python3.12/site-packages/assignment2_custom_msgs_srvs-0.0.0-py3.12.egg-info/top_level.txt\n'}
[5.680922] (assignment2_custom_msgs_srvs) StdoutLine: {'line': b'-- Up-to-date: /home/basmala/ros2_ws/install/assignment2_custom_msgs_srvs/lib/python3.12/site-packages/assignment2_custom_msgs_srvs\n'}
[5.680990] (assignment2_custom_msgs_srvs) StdoutLine: {'line': b'-- Installing: /home/basmala/ros2_ws/install/assignment2_custom_msgs_srvs/lib/python3.12/site-packages/assignment2_custom_msgs_srvs/_assignment2_custom_msgs_srvs_s.ep.rosidl_typesupport_fastrtps_c.c\n'}
[5.681059] (assignment2_custom_msgs_srvs) StdoutLine: {'line': b'-- Installing: /home/basmala/ros2_ws/install/assignment2_custom_msgs_srvs/lib/python3.12/site-packages/assignment2_custom_msgs_srvs/assignment2_custom_msgs_srvs_s__rosidl_typesupport_c.so\n'}
[5.681169] (assignment2_custom_msgs_srvs) StdoutLine: {'line': b'-- Installing: /home/basmala/ros2_ws/install/assignment2_custom_msgs_srvs/lib/python3.12/site-packages/assignment2_custom_msgs_srvs/assignment2_custom_msgs_srvs_s__rosidl_typesupport_fastrtps_c.so\n'}
[5.681270] (assignment2_custom_msgs_srvs) StdoutLine: {'line': b'-- Up-to-date: /home/basmala/ros2_ws/install/assignment2_custom_msgs_srvs/lib/python3.12/site-packages/assignment2_custom_msgs_srvs/srv\n'}
[5.681341] (assignment2_custom_msgs_srvs) StdoutLine: {'line': b'-- Installing: /home/basmala/ros2_ws/install/assignment2_custom_msgs_srvs/lib/python3.12/site-packages/assignment2_custom_msgs_srvs/srv/_average_velocities.py\n'}
[5.681422] (assignment2_custom_msgs_srvs) StdoutLine: {'line': b'-- Installing: /home/basmala/ros2_ws/install/assignment2_custom_msgs_srvs/lib/python3.12/site-packages/assignment2_custom_msgs_srvs/srv/_average_velocities_s.c\n'}
[5.681502] (assignment2_custom_msgs_srvs) StdoutLine: {'line': b'-- Installing: /home/basmala/ros2_ws/install/assignment2_custom_msgs_srvs/lib/python3.12/site-packages/assignment2_custom_msgs_srvs/srv/_change_threshold_s.c\n'}
[5.681587] (assignment2_custom_msgs_srvs) StdoutLine: {'line': b'-- Installing: /home/basmala/ros2_ws/install/assignment2_custom_msgs_srvs/lib/python3.12/site-packages/assignment2_custom_msgs_srvs/srv/_modify_fixed_point_s.c\n'}
[5.681676] (assignment2_custom_msgs_srvs) StdoutLine: {'line': b'-- Installing: /home/basmala/ros2_ws/install/assignment2_custom_msgs_srvs/lib/python3.12/site-packages/assignment2_custom_msgs_srvs/srv/_change_threshold.py\n'}
[5.681765] (assignment2_custom_msgs_srvs) StdoutLine: {'line': b'-- Installing: /home/basmala/ros2_ws/install/assignment2_custom_msgs_srvs/lib/python3.12/site-packages/assignment2_custom_msgs_srvs/srv/__init__.py\n'}
[5.681855] (assignment2_custom_msgs_srvs) StdoutLine: {'line': b'-- Installing: /home/basmala/ros2_ws/install/assignment2_custom_msgs_srvs/lib/python3.12/site-packages/assignment2_custom_msgs_srvs/srv/_modify_fixed_point.py\n'}
[5.681942] (assignment2_custom_msgs_srvs) StdoutLine: {'line': b'-- Installing: /home/basmala/ros2_ws/install/assignment2_custom_msgs_srvs/lib/python3.12/site-packages/assignment2_custom_msgs_srvs/_assignment2_custom_msgs_srvs_s.ep.rosidl_typesupport_c.c\n'}
[5.682069] (assignment2_custom_msgs_srvs) StdoutLine: {'line': b'-- Installing: /home/basmala/ros2_ws/install/assignment2_custom_msgs_srvs/lib/python3.12/site-packages/assignment2_custom_msgs_srvs/assignment2_custom_msgs_srvs_s__rosidl_typesupport_introspection_c.so\n'}
[5.682231] (assignment2_custom_msgs_srvs) StdoutLine: {'line': b'-- Installing: /home/basmala/ros2_ws/install/assignment2_custom_msgs_srvs/lib/python3.12/site-packages/assignment2_custom_msgs_srvs/__init__.py\n'}
[5.682334] (assignment2_custom_msgs_srvs) StdoutLine: {'line': b'-- Up-to-date: /home/basmala/ros2_ws/install/assignment2_custom_msgs_srvs/lib/python3.12/site-packages/assignment2_custom_msgs_srvs/msg\n'}
[5.682438] (assignment2_custom_msgs_srvs) StdoutLine: {'line': b'-- Installing: /home/basmala/ros2_ws/install/assignment2_custom_msgs_srvs/lib/python3.12/site-packages/assignment2_custom_msgs_srvs/msg/_obstacle.py\n'}
[5.682532] (assignment2_custom_msgs_srvs) StdoutLine: {'line': b'-- Installing: /home/basmala/ros2_ws/install/assignment2_custom_msgs_srvs/lib/python3.12/site-packages/assignment2_custom_msgs_srvs/msg/_obstacle_s.c\n'}
[5.682619] (assignment2_custom_msgs_srvs) StdoutLine: {'line': b'-- Installing: /home/basmala/ros2_ws/install/assignment2_custom_msgs_srvs/lib/python3.12/site-packages/assignment2_custom_msgs_srvs/msg/__init__.py\n'}
[5.682710] (assignment2_custom_msgs_srvs) StdoutLine: {'line': b'-- Installing: /home/basmala/ros2_ws/install/assignment2_custom_msgs_srvs/lib/python3.12/site-packages/assignment2_custom_msgs_srvs/_assignment2_custom_msgs_srvs_s.ep.rosidl_typesupport_introspection_c.c\n'}
[5.721550] (-) TimerEvent: {}
[5.735940] (assignment2_custom_msgs_srvs) StdoutLine: {'line': b"Listing '/home/basmala/ros2_ws/install/assignment2_custom_msgs_srvs/lib/python3.12/site-packages/assignment2_custom_msgs_srvs'...\n"}
[5.736248] (assignment2_custom_msgs_srvs) StdoutLine: {'line': b"Compiling '/home/basmala/ros2_ws/install/assignment2_custom_msgs_srvs/lib/python3.12/site-packages/assignment2_custom_msgs_srvs/__init__.py'...\n"}
[5.736407] (assignment2_custom_msgs_srvs) StdoutLine: {'line': b"Listing '/home/basmala/ros2_ws/install/assignment2_custom_msgs_srvs/lib/python3.12/site-packages/assignment2_custom_msgs_srvs/msg'...\n"}
[5.736543] (assignment2_custom_msgs_srvs) StdoutLine: {'line': b"Compiling '/home/basmala/ros2_ws/install/assignment2_custom_msgs_srvs/lib/python3.12/site-packages/assignment2_custom_msgs_srvs/msg/__init__.py'...\n"}
[5.736682] (assignment2_custom_msgs_srvs) StdoutLine: {'line': b"Compiling '/home/basmala/ros2_ws/install/assignment2_custom_msgs_srvs/lib/python3.12/site-packages/assignment2_custom_msgs_srvs/msg/_obstacle.py'...\n"}
[5.736851] (assignment2_custom_msgs_srvs) StdoutLine: {'line': b"Listing '/home/basmala/ros2_ws/install/assignment2_custom_msgs_srvs/lib/python3.12/site-packages/assignment2_custom_msgs_srvs/srv'...\n"}
[5.737044] (assignment2_custom_msgs_srvs) StdoutLine: {'line': b"Compiling '/home/basmala/ros2_ws/install/assignment2_custom_msgs_srvs/lib/python3.12/site-packages/assignment2_custom_msgs_srvs/srv/__init__.py'...\n"}
[5.737268] (assignment2_custom_msgs_srvs) StdoutLine: {'line': b"Compiling '/home/basmala/ros2_ws/install/assignment2_custom_msgs_srvs/lib/python3.12/site-packages/assignment2_custom_msgs_srvs/srv/_average_velocities.py'...\n"}
[5.737474] (assignment2_custom_msgs_srvs) StdoutLine: {'line': b"Compiling '/home/basmala/ros2_ws/install/assignment2_custom_msgs_srvs/lib/python3.12/site-packages/assignment2_custom_msgs_srvs/srv/_change_threshold.py'...\n"}
[5.737681] (assignment2_custom_msgs_srvs) StdoutLine: {'line': b"Compiling '/home/basmala/ros2_ws/install/assignment2_custom_msgs_srvs/lib/python3.12/site-packages/assignment2_custom_msgs_srvs/srv/_modify_fixed_point.py'...\n"}
[5.744184] (assignment2_custom_msgs_srvs) StdoutLine: {'line': b'-- Installing: /home/basmala/ros2_ws/install/assignment2_custom_msgs_srvs/lib/python3.12/site-packages/assignment2_custom_msgs_srvs/assignment2_custom_msgs_srvs_s__rosidl_typesupport_fastrtps_c.so\n'}
[5.744500] (assignment2_custom_msgs_srvs) StdoutLine: {'line': b'-- Set non-toolchain portion of runtime path of "/home/basmala/ros2_ws/install/assignment2_custom_msgs_srvs/lib/python3.12/site-packages/assignment2_custom_msgs_srvs/assignment2_custom_msgs_srvs_s__rosidl_typesupport_fastrtps_c.so" to ""\n'}
[5.744818] (assignment2_custom_msgs_srvs) StdoutLine: {'line': b'-- Installing: /home/basmala/ros2_ws/install/assignment2_custom_msgs_srvs/lib/python3.12/site-packages/assignment2_custom_msgs_srvs/assignment2_custom_msgs_srvs_s__rosidl_typesupport_introspection_c.so\n'}
[5.745225] (assignment2_custom_msgs_srvs) StdoutLine: {'line': b'-- Set non-toolchain portion of runtime path of "/home/basmala/ros2_ws/install/assignment2_custom_msgs_srvs/lib/python3.12/site-packages/assignment2_custom_msgs_srvs/assignment2_custom_msgs_srvs_s__rosidl_typesupport_introspection_c.so" to ""\n'}
[5.745425] (assignment2_custom_msgs_srvs) StdoutLine: {'line': b'-- Installing: /home/basmala/ros2_ws/install/assignment2_custom_msgs_srvs/lib/python3.12/site-packages/assignment2_custom_msgs_srvs/assignment2_custom_msgs_srvs_s__rosidl_typesupport_c.so\n'}
[5.745756] (assignment2_custom_msgs_srvs) StdoutLine: {'line': b'-- Set non-toolchain portion of runtime path of "/home/basmala/ros2_ws/install/assignment2_custom_msgs_srvs/lib/python3.12/site-packages/assignment2_custom_msgs_srvs/assignment2_custom_msgs_srvs_s__rosidl_typesupport_c.so" to ""\n'}
[5.745951] (assignment2_custom_msgs_srvs) StdoutLine: {'line': b'-- Installing: /home/basmala/ros2_ws/install/assignment2_custom_msgs_srvs/lib/libassignment2_custom_msgs_srvs__rosidl_generator_py.so\n'}
[5.746381] (assignment2_custom_msgs_srvs) StdoutLine: {'line': b'-- Set non-toolchain portion of runtime path of "/home/basmala/ros2_ws/install/assignment2_custom_msgs_srvs/lib/libassignment2_custom_msgs_srvs__rosidl_generator_py.so" to ""\n'}
[5.746718] (assignment2_custom_msgs_srvs) StdoutLine: {'line': b'-- Up-to-date: /home/basmala/ros2_ws/install/assignment2_custom_msgs_srvs/share/assignment2_custom_msgs_srvs/msg/Obstacle.idl\n'}
[5.746987] (assignment2_custom_msgs_srvs) StdoutLine: {'line': b'-- Up-to-date: /home/basmala/ros2_ws/install/assignment2_custom_msgs_srvs/share/assignment2_custom_msgs_srvs/srv/AverageVelocities.idl\n'}
[5.747216] (assignment2_custom_msgs_srvs) StdoutLine: {'line': b'-- Up-to-date: /home/basmala/ros2_ws/install/assignment2_custom_msgs_srvs/share/assignment2_custom_msgs_srvs/srv/ChangeThreshold.idl\n'}
[5.747471] (assignment2_custom_msgs_srvs) StdoutLine: {'line': b'-- Installing: /home/basmala/ros2_ws/install/assignment2_custom_msgs_srvs/share/assignment2_custom_msgs_srvs/srv/ModifyFixedPoint.idl\n'}
[5.748111] (assignment2_custom_msgs_srvs) StdoutLine: {'line': b'-- Up-to-date: /home/basmala/ros2_ws/install/assignment2_custom_msgs_srvs/share/assignment2_custom_msgs_srvs/msg/Obstacle.msg\n'}
[5.748544] (assignment2_custom_msgs_srvs) StdoutLine: {'line': b'-- Up-to-date: /home/basmala/ros2_ws/install/assignment2_custom_msgs_srvs/share/assignment2_custom_msgs_srvs/srv/AverageVelocities.srv\n'}
[5.748764] (assignment2_custom_msgs_srvs) StdoutLine: {'line': b'-- Up-to-date: /home/basmala/ros2_ws/install/assignment2_custom_msgs_srvs/share/assignment2_custom_msgs_srvs/srv/ChangeThreshold.srv\n'}
[5.748976] (assignment2_custom_msgs_srvs) StdoutLine: {'line': b'-- Installing: /home/basmala/ros2_ws/install/assignment2_custom_msgs_srvs/share/assignment2_custom_msgs_srvs/srv/ModifyFixedPoint.srv\n'}
[5.749128] (assignment2_custom_msgs_srvs) StdoutLine: {'line': b'-- Up-to-date: /home/basmala/ros2_ws/install/assignment2_custom_msgs_srvs/share/ament_index/resource_index/package_run_dependencies/assignment2_custom_msgs_srvs\n'}
[5.749344] (assignment2_custom_msgs_srvs) StdoutLine: {'line': b'-- Installing: /home/basmala/ros2_ws/install/assignment2_custom_msgs_srvs/share/ament_index/resource_index/parent_prefix_path/assignment2_custom_msgs_srvs\n'}
[5.749487] (assignment2_custom_msgs_srvs) StdoutLine: {'line': b'-- Up-to-date: /home/basmala/ros2_ws/install/assignment2_custom_msgs_srvs/share/assignment2_custom_msgs_srvs/environment/ament_prefix_path.sh\n'}
[5.749662] (assignment2_custom_msgs_srvs) StdoutLine: {'line': b'-- Up-to-date: /home/basmala/ros2_ws/install/assignment2_custom_msgs_srvs/share/assignment2_custom_msgs_srvs/environment/ament_prefix_path.dsv\n'}
[5.749831] (assignment2_custom_msgs_srvs) StdoutLine: {'line': b'-- Up-to-date: /home/basmala/ros2_ws/install/assignment2_custom_msgs_srvs/share/assignment2_custom_msgs_srvs/environment/path.sh\n'}
[5.750011] (assignment2_custom_msgs_srvs) StdoutLine: {'line': b'-- Up-to-date: /home/basmala/ros2_ws/install/assignment2_custom_msgs_srvs/share/assignment2_custom_msgs_srvs/environment/path.dsv\n'}
[5.750162] (assignment2_custom_msgs_srvs) StdoutLine: {'line': b'-- Up-to-date: /home/basmala/ros2_ws/install/assignment2_custom_msgs_srvs/share/assignment2_custom_msgs_srvs/local_setup.bash\n'}
[5.750370] (assignment2_custom_msgs_srvs) StdoutLine: {'line': b'-- Up-to-date: /home/basmala/ros2_ws/install/assignment2_custom_msgs_srvs/share/assignment2_custom_msgs_srvs/local_setup.sh\n'}
[5.750509] (assignment2_custom_msgs_srvs) StdoutLine: {'line': b'-- Up-to-date: /home/basmala/ros2_ws/install/assignment2_custom_msgs_srvs/share/assignment2_custom_msgs_srvs/local_setup.zsh\n'}
[5.750668] (assignment2_custom_msgs_srvs) StdoutLine: {'line': b'-- Up-to-date: /home/basmala/ros2_ws/install/assignment2_custom_msgs_srvs/share/assignment2_custom_msgs_srvs/local_setup.dsv\n'}
[5.750851] (assignment2_custom_msgs_srvs) StdoutLine: {'line': b'-- Installing: /home/basmala/ros2_ws/install/assignment2_custom_msgs_srvs/share/assignment2_custom_msgs_srvs/package.dsv\n'}
[5.750996] (assignment2_custom_msgs_srvs) StdoutLine: {'line': b'-- Up-to-date: /home/basmala/ros2_ws/install/assignment2_custom_msgs_srvs/share/ament_index/resource_index/packages/assignment2_custom_msgs_srvs\n'}
[5.751199] (assignment2_custom_msgs_srvs) StdoutLine: {'line': b'-- Up-to-date: /home/basmala/ros2_ws/install/assignment2_custom_msgs_srvs/share/assignment2_custom_msgs_srvs/cmake/export_assignment2_custom_msgs_srvs__rosidl_generator_cExport.cmake\n'}
[5.751374] (assignment2_custom_msgs_srvs) StdoutLine: {'line': b'-- Up-to-date: /home/basmala/ros2_ws/install/assignment2_custom_msgs_srvs/share/assignment2_custom_msgs_srvs/cmake/export_assignment2_custom_msgs_srvs__rosidl_generator_cExport-noconfig.cmake\n'}
[5.751576] (assignment2_custom_msgs_srvs) StdoutLine: {'line': b'-- Up-to-date: /home/basmala/ros2_ws/install/assignment2_custom_msgs_srvs/share/assignment2_custom_msgs_srvs/cmake/export_assignment2_custom_msgs_srvs__rosidl_typesupport_fastrtps_cExport.cmake\n'}
[5.751824] (assignment2_custom_msgs_srvs) StdoutLine: {'line': b'-- Up-to-date: /home/basmala/ros2_ws/install/assignment2_custom_msgs_srvs/share/assignment2_custom_msgs_srvs/cmake/export_assignment2_custom_msgs_srvs__rosidl_typesupport_fastrtps_cExport-noconfig.cmake\n'}
[5.752037] (assignment2_custom_msgs_srvs) StdoutLine: {'line': b'-- Up-to-date: /home/basmala/ros2_ws/install/assignment2_custom_msgs_srvs/share/assignment2_custom_msgs_srvs/cmake/assignment2_custom_msgs_srvs__rosidl_typesupport_introspection_cExport.cmake\n'}
[5.752241] (assignment2_custom_msgs_srvs) StdoutLine: {'line': b'-- Up-to-date: /home/basmala/ros2_ws/install/assignment2_custom_msgs_srvs/share/assignment2_custom_msgs_srvs/cmake/assignment2_custom_msgs_srvs__rosidl_typesupport_introspection_cExport-noconfig.cmake\n'}
[5.752414] (assignment2_custom_msgs_srvs) StdoutLine: {'line': b'-- Up-to-date: /home/basmala/ros2_ws/install/assignment2_custom_msgs_srvs/share/assignment2_custom_msgs_srvs/cmake/assignment2_custom_msgs_srvs__rosidl_typesupport_cExport.cmake\n'}
[5.752560] (assignment2_custom_msgs_srvs) StdoutLine: {'line': b'-- Up-to-date: /home/basmala/ros2_ws/install/assignment2_custom_msgs_srvs/share/assignment2_custom_msgs_srvs/cmake/assignment2_custom_msgs_srvs__rosidl_typesupport_cExport-noconfig.cmake\n'}
[5.752750] (assignment2_custom_msgs_srvs) StdoutLine: {'line': b'-- Up-to-date: /home/basmala/ros2_ws/install/assignment2_custom_msgs_srvs/share/assignment2_custom_msgs_srvs/cmake/export_assignment2_custom_msgs_srvs__rosidl_generator_cppExport.cmake\n'}
[5.752954] (assignment2_custom_msgs_srvs) StdoutLine: {'line': b'-- Up-to-date: /home/basmala/ros2_ws/install/assignment2_custom_msgs_srvs/share/assignment2_custom_msgs_srvs/cmake/export_assignment2_custom_msgs_srvs__rosidl_typesupport_fastrtps_cppExport.cmake\n'}
[5.753200] (assignment2_custom_msgs_srvs) StdoutLine: {'line': b'-- Up-to-date: /home/basmala/ros2_ws/install/assignment2_custom_msgs_srvs/share/assignment2_custom_msgs_srvs/cmake/export_assignment2_custom_msgs_srvs__rosidl_typesupport_fastrtps_cppExport-noconfig.cmake\n'}
[5.753373] (assignment2_custom_msgs_srvs) StdoutLine: {'line': b'-- Up-to-date: /home/basmala/ros2_ws/install/assignment2_custom_msgs_srvs/share/assignment2_custom_msgs_srvs/cmake/assignment2_custom_msgs_srvs__rosidl_typesupport_introspection_cppExport.cmake\n'}
[5.753566] (assignment2_custom_msgs_srvs) StdoutLine: {'line': b'-- Up-to-date: /home/basmala/ros2_ws/install/assignment2_custom_msgs_srvs/share/assignment2_custom_msgs_srvs/cmake/assignment2_custom_msgs_srvs__rosidl_typesupport_introspection_cppExport-noconfig.cmake\n'}
[5.753722] (assignment2_custom_msgs_srvs) StdoutLine: {'line': b'-- Up-to-date: /home/basmala/ros2_ws/install/assignment2_custom_msgs_srvs/share/assignment2_custom_msgs_srvs/cmake/assignment2_custom_msgs_srvs__rosidl_typesupport_cppExport.cmake\n'}
[5.753875] (assignment2_custom_msgs_srvs) StdoutLine: {'line': b'-- Up-to-date: /home/basmala/ros2_ws/install/assignment2_custom_msgs_srvs/share/assignment2_custom_msgs_srvs/cmake/assignment2_custom_msgs_srvs__rosidl_typesupport_cppExport-noconfig.cmake\n'}
[5.754019] (assignment2_custom_msgs_srvs) StdoutLine: {'line': b'-- Up-to-date: /home/basmala/ros2_ws/install/assignment2_custom_msgs_srvs/share/assignment2_custom_msgs_srvs/cmake/export_assignment2_custom_msgs_srvs__rosidl_generator_pyExport.cmake\n'}
[5.754214] (assignment2_custom_msgs_srvs) StdoutLine: {'line': b'-- Up-to-date: /home/basmala/ros2_ws/install/assignment2_custom_msgs_srvs/share/assignment2_custom_msgs_srvs/cmake/export_assignment2_custom_msgs_srvs__rosidl_generator_pyExport-noconfig.cmake\n'}
[5.754376] (assignment2_custom_msgs_srvs) StdoutLine: {'line': b'-- Installing: /home/basmala/ros2_ws/install/assignment2_custom_msgs_srvs/share/assignment2_custom_msgs_srvs/cmake/rosidl_cmake-extras.cmake\n'}
[5.754520] (assignment2_custom_msgs_srvs) StdoutLine: {'line': b'-- Installing: /home/basmala/ros2_ws/install/assignment2_custom_msgs_srvs/share/assignment2_custom_msgs_srvs/cmake/ament_cmake_export_dependencies-extras.cmake\n'}
[5.754664] (assignment2_custom_msgs_srvs) StdoutLine: {'line': b'-- Up-to-date: /home/basmala/ros2_ws/install/assignment2_custom_msgs_srvs/share/assignment2_custom_msgs_srvs/cmake/ament_cmake_export_include_directories-extras.cmake\n'}
[5.754800] (assignment2_custom_msgs_srvs) StdoutLine: {'line': b'-- Up-to-date: /home/basmala/ros2_ws/install/assignment2_custom_msgs_srvs/share/assignment2_custom_msgs_srvs/cmake/ament_cmake_export_libraries-extras.cmake\n'}
[5.754967] (assignment2_custom_msgs_srvs) StdoutLine: {'line': b'-- Up-to-date: /home/basmala/ros2_ws/install/assignment2_custom_msgs_srvs/share/assignment2_custom_msgs_srvs/cmake/ament_cmake_export_targets-extras.cmake\n'}
[5.755163] (assignment2_custom_msgs_srvs) StdoutLine: {'line': b'-- Up-to-date: /home/basmala/ros2_ws/install/assignment2_custom_msgs_srvs/share/assignment2_custom_msgs_srvs/cmake/rosidl_cmake_export_typesupport_targets-extras.cmake\n'}
[5.755354] (assignment2_custom_msgs_srvs) StdoutLine: {'line': b'-- Up-to-date: /home/basmala/ros2_ws/install/assignment2_custom_msgs_srvs/share/assignment2_custom_msgs_srvs/cmake/rosidl_cmake_export_typesupport_libraries-extras.cmake\n'}
[5.755513] (assignment2_custom_msgs_srvs) StdoutLine: {'line': b'-- Up-to-date: /home/basmala/ros2_ws/install/assignment2_custom_msgs_srvs/share/assignment2_custom_msgs_srvs/cmake/assignment2_custom_msgs_srvsConfig.cmake\n'}
[5.755667] (assignment2_custom_msgs_srvs) StdoutLine: {'line': b'-- Up-to-date: /home/basmala/ros2_ws/install/assignment2_custom_msgs_srvs/share/assignment2_custom_msgs_srvs/cmake/assignment2_custom_msgs_srvsConfig-version.cmake\n'}
[5.755922] (assignment2_custom_msgs_srvs) StdoutLine: {'line': b'-- Up-to-date: /home/basmala/ros2_ws/install/assignment2_custom_msgs_srvs/share/assignment2_custom_msgs_srvs/package.xml\n'}
[5.756944] (assignment2_custom_msgs_srvs) CommandEnded: {'returncode': 0}
[5.785000] (assignment2_custom_msgs_srvs) JobEnded: {'identifier': 'assignment2_custom_msgs_srvs', 'rc': 0}
[5.786211] (assignment2_rt) JobStarted: {'identifier': 'assignment2_rt'}
[5.799438] (assignment2_rt) JobProgress: {'identifier': 'assignment2_rt', 'progress': 'cmake'}
[5.800921] (assignment2_rt) JobProgress: {'identifier': 'assignment2_rt', 'progress': 'build'}
[5.801308] (assignment2_rt) Command: {'cmd': ['/usr/bin/cmake', '--build', '/home/basmala/ros2_ws/build/assignment2_rt', '--', '-j20', '-l20'], 'cwd': '/home/basmala/ros2_ws/build/assignment2_rt', 'env': OrderedDict({'GJS_DEBUG_TOPICS': 'JS ERROR;JS LOG', 'PYTHON_BASIC_REPL': '1', 'LESSOPEN': '| /usr/bin/lesspipe %s', 'GZ_SIM_RESOURCE_PATH': '/opt/ros/jazzy/share', 'USER': 'basmala', 'LC_TIME': 'ar_EG.UTF-8', 'GZ_CONFIG_PATH': '/opt/ros/jazzy/opt/gz_sim_vendor/share/gz:/opt/ros/jazzy/opt/sdformat_vendor/share/gz:/opt/ros/jazzy/opt/gz_gui_vendor/share/gz:/opt/ros/jazzy/opt/gz_transport_vendor/share/gz:/opt/ros/jazzy/opt/gz_rendering_vendor/share/gz:/opt/ros/jazzy/opt/gz_plugin_vendor/share/gz:/opt/ros/jazzy/opt/gz_fuel_tools_vendor/share/gz:/opt/ros/jazzy/opt/gz_msgs_vendor/share/gz:/opt/ros/jazzy/opt/gz_common_vendor/share/gz', 'XDG_SESSION_TYPE': 'wayland', 'GIT_ASKPASS': '/usr/share/code/resources/app/extensions/git/dist/askpass.sh', 'CLUTTER_DISABLE_MIPMAPPED_TEXT': '1', 'SHLVL': '1', 'LD_LIBRARY_PATH': '/home/basmala/ros2_ws/install/assignment2_custom_msgs_srvs/lib:/home/basmala/ros2_ws/install/turtlesim_custom_msgs/lib:/home/basmala/ros2_ws/install/mecanum_drive_controller/lib:/opt/ros/jazzy/opt/gz_sim_vendor/lib:/opt/ros/jazzy/opt/gz_sensors_vendor/lib:/opt/ros/jazzy/opt/gz_physics_vendor/lib:/opt/ros/jazzy/opt/sdformat_vendor/lib:/opt/ros/jazzy/opt/rviz_ogre_vendor/lib:/opt/ros/jazzy/lib/x86_64-linux-gnu:/opt/ros/jazzy/opt/gz_gui_vendor/lib:/opt/ros/jazzy/opt/gz_transport_vendor/lib:/opt/ros/jazzy/opt/gz_rendering_vendor/lib:/opt/ros/jazzy/opt/gz_plugin_vendor/lib:/opt/ros/jazzy/opt/gz_fuel_tools_vendor/lib:/opt/ros/jazzy/opt/gz_msgs_vendor/lib:/opt/ros/jazzy/opt/gz_common_vendor/lib:/opt/ros/jazzy/opt/gz_math_vendor/lib:/opt/ros/jazzy/opt/gz_utils_vendor/lib:/opt/ros/jazzy/opt/gz_tools_vendor/lib:/opt/ros/jazzy/opt/gz_ogre_next_vendor/lib:/opt/ros/jazzy/opt/gz_dartsim_vendor/lib:/opt/ros/jazzy/opt/gz_cmake_vendor/lib:/opt/ros/jazzy/lib', 'HOME': '/home/basmala', 'CHROME_DESKTOP': 'code.desktop', 'TERM_PROGRAM_VERSION': '1.108.1', 'DESKTOP_SESSION': 'ubuntu', 'GIO_LAUNCHED_DESKTOP_FILE': '/usr/share/applications/code.desktop', 'ROS_PYTHON_VERSION': '3', 'GNOME_SHELL_SESSION_MODE': 'ubuntu', 'GTK_MODULES': 'gail:atk-bridge', 'VSCODE_GIT_ASKPASS_MAIN': '/usr/share/code/resources/app/extensions/git/dist/askpass-main.js', 'LC_MONETARY': 'ar_EG.UTF-8', 'VSCODE_GIT_ASKPASS_NODE': '/usr/share/code/code', 'MANAGERPID': '3085', 'PYDEVD_DISABLE_FILE_VALIDATION': '1', 'SYSTEMD_EXEC_PID': '3363', 'BUNDLED_DEBUGPY_PATH': '/home/basmala/.vscode/extensions/ms-python.debugpy-2025.18.0-linux-x64/bundled/libs/debugpy', 'IM_CONFIG_CHECK_ENV': '1', 'VSCODE_PYTHON_AUTOACTIVATE_GUARD': '1', 'GSM_SKIP_SSH_AGENT_WORKAROUND': 'true', 'DBUS_SESSION_BUS_ADDRESS': 'unix:path=/run/user/1000/bus', 'COLORTERM': 'truecolor', 'GIO_LAUNCHED_DESKTOP_FILE_PID': '6235', 'DEBUGINFOD_URLS': 'https://debuginfod.ubuntu.com', 'IM_CONFIG_PHASE': '1', 'WAYLAND_DISPLAY': 'wayland-0', 'COLCON_PREFIX_PATH': '/home/basmala/ros2_ws/install:/home/basmala/ros2_ws/src/install', 'ROS_DISTRO': 'jazzy', 'LOGNAME': 'basmala', 'JOURNAL_STREAM': '8:29348', '_': '/usr/bin/colcon', 'ROS_VERSION': '2', 'MEMORY_PRESSURE_WATCH': '/sys/fs/cgroup/user.slice/user-1000.slice/user@1000.service/session.slice/org.gnome.Shell@wayland.service/memory.pressure', 'XDG_SESSION_CLASS': 'user', 'USERNAME': 'basmala', 'TERM': 'xterm-256color', 'GNOME_DESKTOP_SESSION_ID': 'this-is-deprecated', 'FC_FONTATIONS': '1', 'PATH': '/home/basmala/.config/Code/User/globalStorage/github.copilot-chat/debugCommand:/home/basmala/.config/Code/User/globalStorage/github.copilot-chat/copilotCli:/home/basmala/.local/bin:/opt/ros/jazzy/opt/gz_msgs_vendor/bin:/opt/ros/jazzy/opt/gz_tools_vendor/bin:/opt/ros/jazzy/opt/gz_ogre_next_vendor/bin:/opt/ros/jazzy/bin:/home/basmala/.local/bin:/usr/local/sbin:/usr/local/bin:/usr/sbin:/usr/bin:/sbin:/bin:/usr/games:/usr/local/games:/snap/bin:/snap/bin:/home/basmala/.vscode/extensions/ms-python.debugpy-2025.18.0-linux-x64/bundled/scripts/noConfigScripts', 'SESSION_MANAGER': 'local/basmala-Victus-by-HP-Laptop-16-d1xxx:@/tmp/.ICE-unix/3320,unix/basmala-Victus-by-HP-Laptop-16-d1xxx:/tmp/.ICE-unix/3320', 'INVOCATION_ID': '694191e11eb94a809305834f622f84d0', 'XDG_MENU_PREFIX': 'gnome-', 'LC_ADDRESS': 'ar_EG.UTF-8', 'GNOME_SETUP_DISPLAY': ':1', 'XDG_RUNTIME_DIR': '/run/user/1000', 'GDK_BACKEND': 'wayland', 'DISPLAY': ':0', 'VSCODE_DEBUGPY_ADAPTER_ENDPOINTS': '/home/basmala/.vscode/extensions/ms-python.debugpy-2025.18.0-linux-x64/.noConfigDebugAdapterEndpoints/endpoint-af7fd2ea1280fc9a.txt', 'LANG': 'en_US.UTF-8', 'XDG_CURRENT_DESKTOP': 'ubuntu:GNOME', 'PYTHONSTARTUP': '/home/basmala/.config/Code/User/workspaceStorage/252af9e7590a177e2820818b062d5291/ms-python.python/pythonrc.py', 'LC_TELEPHONE': 'ar_EG.UTF-8', 'XMODIFIERS': '@im=ibus', 'XDG_SESSION_DESKTOP': 'ubuntu', 'XAUTHORITY': '/run/user/1000/.mutter-Xwaylandauth.RDTNJ3', 'LS_COLORS': 'rs=0:di=01;34:ln=01;36:mh=00:pi=40;33:so=01;35:do=01;35:bd=40;33;01:cd=40;33;01:or=40;31;01:mi=00:su=37;41:sg=30;43:ca=00:tw=30;42:ow=34;42:st=37;44:ex=01;32:*.tar=01;31:*.tgz=01;31:*.arc=01;31:*.arj=01;31:*.taz=01;31:*.lha=01;31:*.lz4=01;31:*.lzh=01;31:*.lzma=01;31:*.tlz=01;31:*.txz=01;31:*.tzo=01;31:*.t7z=01;31:*.zip=01;31:*.z=01;31:*.dz=01;31:*.gz=01;31:*.lrz=01;31:*.lz=01;31:*.lzo=01;31:*.xz=01;31:*.zst=01;31:*.tzst=01;31:*.bz2=01;31:*.bz=01;31:*.tbz=01;31:*.tbz2=01;31:*.tz=01;31:*.deb=01;31:*.rpm=01;31:*.jar=01;31:*.war=01;31:*.ear=01;31:*.sar=01;31:*.rar=01;31:*.alz=01;31:*.ace=01;31:*.zoo=01;31:*.cpio=01;31:*.7z=01;31:*.rz=01;31:*.cab=01;31:*.wim=01;31:*.swm=01;31:*.dwm=01;31:*.esd=01;31:*.avif=01;35:*.jpg=01;35:*.jpeg=01;35:*.mjpg=01;35:*.mjpeg=01;35:*.gif=01;35:*.bmp=01;35:*.pbm=01;35:*.pgm=01;35:*.ppm=01;35:*.tga=01;35:*.xbm=01;35:*.xpm=01;35:*.tif=01;35:*.tiff=01;35:*.png=01;35:*.svg=01;35:*.svgz=01;35:*.mng=01;35:*.pcx=01;35:*.mov=01;35:*.mpg=01;35:*.mpeg=01;35:*.m2v=01;35:*.mkv=01;35:*.webm=01;35:*.webp=01;35:*.ogm=01;35:*.mp4=01;35:*.m4v=01;35:*.mp4v=01;35:*.vob=01;35:*.qt=01;35:*.nuv=01;35:*.wmv=01;35:*.asf=01;35:*.rm=01;35:*.rmvb=01;35:*.flc=01;35:*.avi=01;35:*.fli=01;35:*.flv=01;35:*.gl=01;35:*.dl=01;35:*.xcf=01;35:*.xwd=01;35:*.yuv=01;35:*.cgm=01;35:*.emf=01;35:*.ogv=01;35:*.ogx=01;35:*.aac=00;36:*.au=00;36:*.flac=00;36:*.m4a=00;36:*.mid=00;36:*.midi=00;36:*.mka=00;36:*.mp3=00;36:*.mpc=00;36:*.ogg=00;36:*.ra=00;36:*.wav=00;36:*.oga=00;36:*.opus=00;36:*.spx=00;36:*.xspf=00;36:*~=00;90:*#=00;90:*.bak=00;90:*.crdownload=00;90:*.dpkg-dist=00;90:*.dpkg-new=00;90:*.dpkg-old=00;90:*.dpkg-tmp=00;90:*.old=00;90:*.orig=00;90:*.part=00;90:*.rej=00;90:*.rpmnew=00;90:*.rpmorig=00;90:*.rpmsave=00;90:*.swp=00;90:*.tmp=00;90:*.ucf-dist=00;90:*.ucf-new=00;90:*.ucf-old=00;90:', 'VSCODE_GIT_IPC_HANDLE': '/run/user/1000/vscode-git-2798b36409.sock', 'TERM_PROGRAM': 'vscode', 'SSH_AUTH_SOCK': '/run/user/1000/keyring/ssh', 'AMENT_PREFIX_PATH': '/home/basmala/ros2_ws/install/yahboom_rosmaster:/home/basmala/ros2_ws/install/yahboom_rosmaster_system_tests:/home/basmala/ros2_ws/install/yahboom_rosmaster_gazebo:/home/basmala/ros2_ws/install/yahboom_rosmaster_description:/home/basmala/ros2_ws/install/yahboom_rosmaster_bringup:/home/basmala/ros2_ws/install/turtlesim_controller:/home/basmala/ros2_ws/install/turtlesim_custom_msgs:/home/basmala/ros2_ws/install/mecanum_drive_controller:/home/basmala/ros2_ws/install/first_package_python:/home/basmala/ros2_ws/install/first_package_cpp:/home/basmala/ros2_ws/install/bme_gazebo_sensors:/home/basmala/ros2_ws/install/assignment2_rt:/home/basmala/ros2_ws/install/assignment2_custom_msgs_srvs:/home/basmala/ros2_ws/install/assignment1_rt:/opt/ros/jazzy', 'SHELL': '/bin/bash', 'LC_NAME': 'ar_EG.UTF-8', 'QT_ACCESSIBILITY': '1', 'GDMSESSION': 'ubuntu', 'LESSCLOSE': '/usr/bin/lesspipe %s %s', 'LC_MEASUREMENT': 'ar_EG.UTF-8', 'GJS_DEBUG_OUTPUT': 'stderr', 'LC_IDENTIFICATION': 'ar_EG.UTF-8', 'ROS_AUTOMATIC_DISCOVERY_RANGE': 'SUBNET', 'VSCODE_GIT_ASKPASS_EXTRA_ARGS': '', 'QT_IM_MODULE': 'ibus', 'PWD': '/home/basmala/ros2_ws/build/assignment2_rt', 'XDG_CONFIG_DIRS': '/etc/xdg/xdg-ubuntu:/etc/xdg', 'XDG_DATA_DIRS': '/usr/share/ubuntu:/usr/share/gnome:/usr/local/share/:/usr/share/:/var/lib/snapd/desktop', 'PYTHONPATH': '/home/basmala/ros2_ws/install/assignment2_custom_msgs_srvs/lib/python3.12/site-packages:/home/basmala/ros2_ws/install/turtlesim_custom_msgs/lib/python3.12/site-packages:/home/basmala/ros2_ws/install/first_package_python/lib/python3.12/site-packages:/opt/ros/jazzy/lib/python3.12/site-packages', 'LC_NUMERIC': 'ar_EG.UTF-8', 'LC_PAPER': 'ar_EG.UTF-8', 'COLCON': '1', 'MEMORY_PRESSURE_WRITE': 'c29tZSAyMDAwMDAgMjAwMDAwMAA=', 'CMAKE_PREFIX_PATH': '/home/basmala/ros2_ws/install/assignment2_custom_msgs_srvs:/home/basmala/ros2_ws/install/yahboom_rosmaster:/home/basmala/ros2_ws/install/yahboom_rosmaster_system_tests:/home/basmala/ros2_ws/install/yahboom_rosmaster_gazebo:/home/basmala/ros2_ws/install/yahboom_rosmaster_description:/home/basmala/ros2_ws/install/yahboom_rosmaster_bringup:/home/basmala/ros2_ws/install/turtlesim_controller:/home/basmala/ros2_ws/install/turtlesim_custom_msgs:/home/basmala/ros2_ws/install/mecanum_drive_controller:/home/basmala/ros2_ws/install/first_package_cpp:/home/basmala/ros2_ws/install/bme_gazebo_sensors:/home/basmala/ros2_ws/install/assignment2_rt:/home/basmala/ros2_ws/install/assignment1_rt:/opt/ros/jazzy/opt/gz_sim_vendor:/opt/ros/jazzy/opt/gz_sensors_vendor:/opt/ros/jazzy/opt/gz_physics_vendor:/opt/ros/jazzy/opt/sdformat_vendor:/opt/ros/jazzy/opt/gz_gui_vendor:/opt/ros/jazzy/opt/gz_transport_vendor:/opt/ros/jazzy/opt/gz_rendering_vendor:/opt/ros/jazzy/opt/gz_plugin_vendor:/opt/ros/jazzy/opt/gz_fuel_tools_vendor:/opt/ros/jazzy/opt/gz_msgs_vendor:/opt/ros/jazzy/opt/gz_common_vendor:/opt/ros/jazzy/opt/gz_math_vendor:/opt/ros/jazzy/opt/gz_utils_vendor:/opt/ros/jazzy/opt/gz_tools_vendor:/opt/ros/jazzy/opt/gz_ogre_next_vendor:/opt/ros/jazzy/opt/gz_dartsim_vendor:/opt/ros/jazzy/opt/gz_cmake_vendor:/home/basmala/ros2_ws/install/first_package_python:/opt/ros/jazzy'}), 'shell': False}
[5.821733] (-) TimerEvent: {}
[5.842518] (assignment2_rt) StdoutLine: {'line': b'-- Found ament_cmake: 2.5.4 (/opt/ros/jazzy/share/ament_cmake/cmake)\n'}
[5.921879] (-) TimerEvent: {}
[6.022237] (-) TimerEvent: {}
[6.117341] (assignment2_rt) StdoutLine: {'line': b'-- Found rclcpp: 28.1.13 (/opt/ros/jazzy/share/rclcpp/cmake)\n'}
[6.122473] (-) TimerEvent: {}
[6.149115] (assignment2_rt) StdoutLine: {'line': b'-- Found rosidl_generator_c: 4.6.6 (/opt/ros/jazzy/share/rosidl_generator_c/cmake)\n'}
[6.156086] (assignment2_rt) StdoutLine: {'line': b'-- Found rosidl_generator_cpp: 4.6.6 (/opt/ros/jazzy/share/rosidl_generator_cpp/cmake)\n'}
[6.170725] (assignment2_rt) StdoutLine: {'line': b'-- Using all available rosidl_typesupport_c: rosidl_typesupport_fastrtps_c;rosidl_typesupport_introspection_c\n'}
[6.190508] (assignment2_rt) StdoutLine: {'line': b'-- Using all available rosidl_typesupport_cpp: rosidl_typesupport_fastrtps_cpp;rosidl_typesupport_introspection_cpp\n'}
[6.222709] (-) TimerEvent: {}
[6.266378] (assignment2_rt) StdoutLine: {'line': b'-- Found rmw_implementation_cmake: 7.3.2 (/opt/ros/jazzy/share/rmw_implementation_cmake/cmake)\n'}
[6.267591] (assignment2_rt) StdoutLine: {'line': b'-- Found rmw_fastrtps_cpp: 8.4.3 (/opt/ros/jazzy/share/rmw_fastrtps_cpp/cmake)\n'}
[6.322953] (-) TimerEvent: {}
[6.353815] (assignment2_rt) StdoutLine: {'line': b"-- Using RMW implementation 'rmw_fastrtps_cpp' as default\n"}
[6.422500] (assignment2_rt) StdoutLine: {'line': b'-- Found geometry_msgs: 5.3.6 (/opt/ros/jazzy/share/geometry_msgs/cmake)\n'}
[6.423014] (-) TimerEvent: {}
[6.457142] (assignment2_rt) StdoutLine: {'line': b'-- Found sensor_msgs: 5.3.6 (/opt/ros/jazzy/share/sensor_msgs/cmake)\n'}
[6.478859] (assignment2_rt) StdoutLine: {'line': b'-- Found nav_msgs: 5.3.6 (/opt/ros/jazzy/share/nav_msgs/cmake)\n'}
[6.502816] (assignment2_rt) StdoutLine: {'line': b'-- Found assignment2_custom_msgs_srvs: 0.0.0 (/home/basmala/ros2_ws/install/assignment2_custom_msgs_srvs/share/assignment2_custom_msgs_srvs/cmake)\n'}
[6.523294] (-) TimerEvent: {}
[6.525473] (assignment2_rt) StdoutLine: {'line': b'-- Found ament_lint_auto: 0.17.3 (/opt/ros/jazzy/share/ament_lint_auto/cmake)\n'}
[6.623494] (-) TimerEvent: {}
[6.646362] (assignment2_rt) StdoutLine: {'line': b"-- Added test 'cppcheck' to perform static code analysis on C / C++ code\n"}
[6.646705] (assignment2_rt) StdoutLine: {'line': b'-- Configured cppcheck include dirs: \n'}
[6.646843] (assignment2_rt) StdoutLine: {'line': b'-- Configured cppcheck exclude dirs and/or files: \n'}
[6.647028] (assignment2_rt) StdoutLine: {'line': b"-- Added test 'flake8' to check Python code syntax and style conventions\n"}
[6.647207] (assignment2_rt) StdoutLine: {'line': b"-- Configured 'flake8' exclude dirs and/or files: \n"}
[6.647397] (assignment2_rt) StdoutLine: {'line': b"-- Added test 'lint_cmake' to check CMake code style\n"}
[6.647783] (assignment2_rt) StdoutLine: {'line': b"-- Added test 'pep257' to check Python code against some of the docstring style conventions in PEP 257\n"}
[6.648423] (assignment2_rt) StdoutLine: {'line': b"-- Added test 'uncrustify' to check C / C++ code style\n"}
[6.648548] (assignment2_rt) StdoutLine: {'line': b'-- Configured uncrustify additional arguments: \n'}
[6.648674] (assignment2_rt) StdoutLine: {'line': b"-- Added test 'xmllint' to check XML markup files\n"}
[6.649715] (assignment2_rt) StdoutLine: {'line': b'-- Configuring done (0.8s)\n'}
[6.666098] (assignment2_rt) StdoutLine: {'line': b'-- Generating done (0.0s)\n'}
[6.671196] (assignment2_rt) StdoutLine: {'line': b'-- Build files have been written to: /home/basmala/ros2_ws/build/assignment2_rt\n'}
[6.723617] (-) TimerEvent: {}
[6.742842] (assignment2_rt) StdoutLine: {'line': b'[ 25%] \x1b[32mBuilding CXX object CMakeFiles/Robot_Control.dir/src/Robot_Control.cpp.o\x1b[0m\n'}
[6.746364] (assignment2_rt) StdoutLine: {'line': b'[ 50%] \x1b[32mBuilding CXX object CMakeFiles/UI.dir/src/UI.cpp.o\x1b[0m\n'}
[6.823733] (-) TimerEvent: {}
[6.924108] (-) TimerEvent: {}
[7.024635] (-) TimerEvent: {}
[7.125036] (-) TimerEvent: {}
[7.225614] (-) TimerEvent: {}
[7.326152] (-) TimerEvent: {}
[7.426488] (-) TimerEvent: {}
[7.526831] (-) TimerEvent: {}
[7.627416] (-) TimerEvent: {}
[7.727973] (-) TimerEvent: {}
[7.828400] (-) TimerEvent: {}
[7.928813] (-) TimerEvent: {}
[8.029305] (-) TimerEvent: {}
[8.129659] (-) TimerEvent: {}
[8.230141] (-) TimerEvent: {}
[8.330509] (-) TimerEvent: {}
[8.431002] (-) TimerEvent: {}
[8.531429] (-) TimerEvent: {}
[8.631753] (-) TimerEvent: {}
[8.720958] (assignment2_rt) StderrLine: {'line': b'\x1b[01m\x1b[K/home/basmala/ros2_ws/assignment2_rt/src/UI.cpp:\x1b[m\x1b[K In member function \xe2\x80\x98\x1b[01m\x1b[Kvoid UINode::\x1b[01;32m\x1b[Kcall_modify_fixed_point\x1b[m\x1b[K()\x1b[m\x1b[K\xe2\x80\x99:\n'}
[8.721292] (assignment2_rt) StderrLine: {'line': b'\x1b[01m\x1b[K/home/basmala/ros2_ws/assignment2_rt/src/UI.cpp:170:18:\x1b[m\x1b[K \x1b[01;31m\x1b[Kerror: \x1b[m\x1b[K\xe2\x80\x98\x1b[01m\x1b[Kusing std::__shared_ptr_access<assignment2_custom_msgs_srvs::srv::ModifyFixedPoint_Request_<std::allocator<void> >, __gnu_cxx::_S_atomic, false, false>::element_type = struct assignment2_custom_msgs_srvs::srv::ModifyFixedPoint_Request_<std::allocator<void> >\x1b[m\x1b[K\xe2\x80\x99 {aka \xe2\x80\x98\x1b[01m\x1b[Kstruct assignment2_custom_msgs_srvs::srv::ModifyFixedPoint_Request_<std::allocator<void> >\x1b[m\x1b[K\xe2\x80\x99} has no member named \xe2\x80\x98\x1b[01m\x1b[Knew_x\x1b[m\x1b[K\xe2\x80\x99\n'}
[8.721447] (assignment2_rt) StderrLine: {'line': b'  170 |         request->\x1b[01;31m\x1b[Knew_x\x1b[m\x1b[K = new_x;\n'}
[8.721562] (assignment2_rt) StderrLine: {'line': b'      |                  \x1b[01;31m\x1b[K^~~~~\x1b[m\x1b[K\n'}
[8.721671] (assignment2_rt) StderrLine: {'line': b'\x1b[01m\x1b[K/home/basmala/ros2_ws/assignment2_rt/src/UI.cpp:171:18:\x1b[m\x1b[K \x1b[01;31m\x1b[Kerror: \x1b[m\x1b[K\xe2\x80\x98\x1b[01m\x1b[Kusing std::__shared_ptr_access<assignment2_custom_msgs_srvs::srv::ModifyFixedPoint_Request_<std::allocator<void> >, __gnu_cxx::_S_atomic, false, false>::element_type = struct assignment2_custom_msgs_srvs::srv::ModifyFixedPoint_Request_<std::allocator<void> >\x1b[m\x1b[K\xe2\x80\x99 {aka \xe2\x80\x98\x1b[01m\x1b[Kstruct assignment2_custom_msgs_srvs::srv::ModifyFixedPoint_Request_<std::allocator<void> >\x1b[m\x1b[K\xe2\x80\x99} has no member named \xe2\x80\x98\x1b[01m\x1b[Knew_y\x1b[m\x1b[K\xe2\x80\x99\n'}
[8.721793] (assignment2_rt) StderrLine: {'line': b'  171 |         request->\x1b[01;31m\x1b[Knew_y\x1b[m\x1b[K = new_y;\n'}
[8.721902] (assignment2_rt) StderrLine: {'line': b'      |                  \x1b[01;31m\x1b[K^~~~~\x1b[m\x1b[K\n'}
[8.731964] (-) TimerEvent: {}
[8.783067] (assignment2_rt) StderrLine: {'line': b'\x1b[01m\x1b[K/home/basmala/ros2_ws/assignment2_rt/src/Robot_Control.cpp:99:38:\x1b[m\x1b[K \x1b[01;31m\x1b[Kerror: \x1b[m\x1b[K\xe2\x80\x98\x1b[01m\x1b[KFloat32\x1b[m\x1b[K\xe2\x80\x99 is not a member of \xe2\x80\x98\x1b[01m\x1b[Kstd_msgs::msg\x1b[m\x1b[K\xe2\x80\x99\n'}
[8.783343] (assignment2_rt) StderrLine: {'line': b'   99 |     rclcpp::Publisher<std_msgs::msg::\x1b[01;31m\x1b[KFloat32\x1b[m\x1b[K>::SharedPtr fixed_point_distance_publisher_;\n'}
[8.783459] (assignment2_rt) StderrLine: {'line': b'      |                                      \x1b[01;31m\x1b[K^~~~~~~\x1b[m\x1b[K\n'}
[8.783563] (assignment2_rt) StderrLine: {'line': b'\x1b[01m\x1b[K/home/basmala/ros2_ws/assignment2_rt/src/Robot_Control.cpp:99:45:\x1b[m\x1b[K \x1b[01;31m\x1b[Kerror: \x1b[m\x1b[Ktemplate argument 1 is invalid\n'}
[8.783664] (assignment2_rt) StderrLine: {'line': b'   99 |     rclcpp::Publisher<std_msgs::msg::Float32\x1b[01;31m\x1b[K>\x1b[m\x1b[K::SharedPtr fixed_point_distance_publisher_;\n'}
[8.783778] (assignment2_rt) StderrLine: {'line': b'      |                                             \x1b[01;31m\x1b[K^\x1b[m\x1b[K\n'}
[8.784523] (assignment2_rt) StderrLine: {'line': b'\x1b[01m\x1b[K/home/basmala/ros2_ws/assignment2_rt/src/Robot_Control.cpp:99:48:\x1b[m\x1b[K \x1b[01;31m\x1b[Kerror: \x1b[m\x1b[Kexpected \xe2\x80\x98\x1b[01m\x1b[K;\x1b[m\x1b[K\xe2\x80\x99 at end of member declaration\n'}
[8.784735] (assignment2_rt) StderrLine: {'line': b'   99 |     rclcpp::Publisher<std_msgs::msg::Float32>::\x1b[01;31m\x1b[KSharedPtr\x1b[m\x1b[K fixed_point_distance_publisher_;\n'}
[8.784862] (assignment2_rt) StderrLine: {'line': b'      |                                                \x1b[01;31m\x1b[K^~~~~~~~~\x1b[m\x1b[K\n'}
[8.784979] (assignment2_rt) StderrLine: {'line': b'      |                                                         \x1b[32m\x1b[K;\x1b[m\x1b[K\n'}
[8.791385] (assignment2_rt) StderrLine: {'line': b'\x1b[01m\x1b[K/home/basmala/ros2_ws/assignment2_rt/src/Robot_Control.cpp:99:58:\x1b[m\x1b[K \x1b[01;31m\x1b[Kerror: \x1b[m\x1b[K\xe2\x80\x98\x1b[01m\x1b[Kfixed_point_distance_publisher_\x1b[m\x1b[K\xe2\x80\x99 does not name a type\n'}
[8.791616] (assignment2_rt) StderrLine: {'line': b'   99 |     rclcpp::Publisher<std_msgs::msg::Float32>::SharedPtr \x1b[01;31m\x1b[Kfixed_point_distance_publisher_\x1b[m\x1b[K;\n'}
[8.791746] (assignment2_rt) StderrLine: {'line': b'      |                                                          \x1b[01;31m\x1b[K^~~~~~~~~~~~~~~~~~~~~~~~~~~~~~~\x1b[m\x1b[K\n'}
[8.832219] (-) TimerEvent: {}
[8.885140] (assignment2_rt) StderrLine: {'line': b'\x1b[01m\x1b[K/home/basmala/ros2_ws/assignment2_rt/src/Robot_Control.cpp:\x1b[m\x1b[K In constructor \xe2\x80\x98\x1b[01m\x1b[KRobotControlNode::\x1b[01;32m\x1b[KRobotControlNode\x1b[m\x1b[K()\x1b[m\x1b[K\xe2\x80\x99:\n'}
[8.885442] (assignment2_rt) StderrLine: {'line': b'\x1b[01m\x1b[K/home/basmala/ros2_ws/assignment2_rt/src/Robot_Control.cpp:34:9:\x1b[m\x1b[K \x1b[01;31m\x1b[Kerror: \x1b[m\x1b[K\xe2\x80\x98\x1b[01m\x1b[Kfixed_point_distance_publisher_\x1b[m\x1b[K\xe2\x80\x99 was not declared in this scope\n'}
[8.885601] (assignment2_rt) StderrLine: {'line': b'   34 |         \x1b[01;31m\x1b[Kfixed_point_distance_publisher_\x1b[m\x1b[K = this->create_publisher<std_msgs::msg::Float32>(\n'}
[8.885730] (assignment2_rt) StderrLine: {'line': b'      |         \x1b[01;31m\x1b[K^~~~~~~~~~~~~~~~~~~~~~~~~~~~~~~\x1b[m\x1b[K\n'}
[8.886070] (assignment2_rt) StderrLine: {'line': b'\x1b[01m\x1b[K/home/basmala/ros2_ws/assignment2_rt/src/Robot_Control.cpp:34:81:\x1b[m\x1b[K \x1b[01;31m\x1b[Kerror: \x1b[m\x1b[K\xe2\x80\x98\x1b[01m\x1b[KFloat32\x1b[m\x1b[K\xe2\x80\x99 is not a member of \xe2\x80\x98\x1b[01m\x1b[Kstd_msgs::msg\x1b[m\x1b[K\xe2\x80\x99\n'}
[8.886323] (assignment2_rt) StderrLine: {'line': b'   34 |         fixed_point_distance_publisher_ = this->create_publisher<std_msgs::msg::\x1b[01;31m\x1b[KFloat32\x1b[m\x1b[K>(\n'}
[8.886458] (assignment2_rt) StderrLine: {'line': b'      |                                                                                 \x1b[01;31m\x1b[K^~~~~~~\x1b[m\x1b[K\n'}
[8.886528] (assignment2_rt) StderrLine: {'line': b'\x1b[01m\x1b[K/home/basmala/ros2_ws/assignment2_rt/src/Robot_Control.cpp:34:89:\x1b[m\x1b[K \x1b[01;31m\x1b[Kerror: \x1b[m\x1b[Kno matching function for call to \xe2\x80\x98\x1b[01m\x1b[KRobotControlNode::create_publisher<<expression error> >(const char [21], int)\x1b[m\x1b[K\xe2\x80\x99\n'}
[8.886612] (assignment2_rt) StderrLine: {'line': b'   34 |         fixed_point_distance_publisher_ = \x1b[01;31m\x1b[Kthis->create_publisher<std_msgs::msg::Float32>(\x1b[m\x1b[K\n'}
[8.886677] (assignment2_rt) StderrLine: {'line': b'      |                                           \x1b[01;31m\x1b[K~~~~~~~~~~~~~~~~~~~~~~~~~~~~~~~~~~~~~~~~~~~~~~^\x1b[m\x1b[K\n'}
[8.886740] (assignment2_rt) StderrLine: {'line': b'   35 | \x1b[01;31m\x1b[K            "fixed_point_distance", 10)\x1b[m\x1b[K;\n'}
[8.886805] (assignment2_rt) StderrLine: {'line': b'      |             \x1b[01;31m\x1b[K~~~~~~~~~~~~~~~~~~~~~~~~~~~\x1b[m\x1b[K                                                  \n'}
[8.886868] (assignment2_rt) StderrLine: {'line': b'In file included from \x1b[01m\x1b[K/opt/ros/jazzy/include/rclcpp/rclcpp/node.hpp:1663\x1b[m\x1b[K,\n'}
[8.886933] (assignment2_rt) StderrLine: {'line': b'                 from \x1b[01m\x1b[K/opt/ros/jazzy/include/rclcpp/rclcpp/executors/single_threaded_executor.hpp:28\x1b[m\x1b[K,\n'}
[8.886999] (assignment2_rt) StderrLine: {'line': b'                 from \x1b[01m\x1b[K/opt/ros/jazzy/include/rclcpp/rclcpp/executors.hpp:22\x1b[m\x1b[K,\n'}
[8.887064] (assignment2_rt) StderrLine: {'line': b'                 from \x1b[01m\x1b[K/opt/ros/jazzy/include/rclcpp/rclcpp/rclcpp.hpp:172\x1b[m\x1b[K,\n'}
[8.887143] (assignment2_rt) StderrLine: {'line': b'                 from \x1b[01m\x1b[K/home/basmala/ros2_ws/assignment2_rt/src/Robot_Control.cpp:8\x1b[m\x1b[K:\n'}
[8.887211] (assignment2_rt) StderrLine: {'line': b'\x1b[01m\x1b[K/opt/ros/jazzy/include/rclcpp/rclcpp/node_impl.hpp:73:1:\x1b[m\x1b[K \x1b[01;36m\x1b[Knote: \x1b[m\x1b[Kcandidate: \xe2\x80\x98\x1b[01m\x1b[Ktemplate<class MessageT, class AllocatorT, class PublisherT> std::shared_ptr<PublisherT> rclcpp::Node::\x1b[01;32m\x1b[Kcreate_publisher\x1b[m\x1b[K(const std::string&, const rclcpp::QoS&, const rclcpp::PublisherOptionsWithAllocator<AllocatorT>&)\x1b[m\x1b[K\xe2\x80\x99\n'}
[8.887283] (assignment2_rt) StderrLine: {'line': b'   73 | \x1b[01;36m\x1b[KNode\x1b[m\x1b[K::create_publisher(\n'}
[8.887351] (assignment2_rt) StderrLine: {'line': b'      | \x1b[01;36m\x1b[K^~~~\x1b[m\x1b[K\n'}
[8.887412] (assignment2_rt) StderrLine: {'line': b'\x1b[01m\x1b[K/opt/ros/jazzy/include/rclcpp/rclcpp/node_impl.hpp:73:1:\x1b[m\x1b[K \x1b[01;36m\x1b[Knote: \x1b[m\x1b[K  template argument deduction/substitution failed:\n'}
[8.887475] (assignment2_rt) StderrLine: {'line': b'\x1b[01m\x1b[K/home/basmala/ros2_ws/assignment2_rt/src/Robot_Control.cpp:34:89:\x1b[m\x1b[K \x1b[01;31m\x1b[Kerror: \x1b[m\x1b[Ktemplate argument 1 is invalid\n'}
[8.887538] (assignment2_rt) StderrLine: {'line': b'   34 |         fixed_point_distance_publisher_ = \x1b[01;31m\x1b[Kthis->create_publisher<std_msgs::msg::Float32>(\x1b[m\x1b[K\n'}
[8.887593] (assignment2_rt) StderrLine: {'line': b'      |                                           \x1b[01;31m\x1b[K~~~~~~~~~~~~~~~~~~~~~~~~~~~~~~~~~~~~~~~~~~~~~~^\x1b[m\x1b[K\n'}
[8.887651] (assignment2_rt) StderrLine: {'line': b'   35 | \x1b[01;31m\x1b[K            "fixed_point_distance", 10)\x1b[m\x1b[K;\n'}
[8.887707] (assignment2_rt) StderrLine: {'line': b'      |             \x1b[01;31m\x1b[K~~~~~~~~~~~~~~~~~~~~~~~~~~~\x1b[m\x1b[K                                                  \n'}
[8.919298] (assignment2_rt) StderrLine: {'line': b'\x1b[01m\x1b[K/home/basmala/ros2_ws/assignment2_rt/src/Robot_Control.cpp:\x1b[m\x1b[K In member function \xe2\x80\x98\x1b[01m\x1b[Kvoid RobotControlNode::\x1b[01;32m\x1b[KmodifyFixedPointCallback\x1b[m\x1b[K(std::shared_ptr<assignment2_custom_msgs_srvs::srv::ModifyFixedPoint_Request_<std::allocator<void> > >, std::shared_ptr<assignment2_custom_msgs_srvs::srv::ModifyFixedPoint_Response_<std::allocator<void> > >)\x1b[m\x1b[K\xe2\x80\x99:\n'}
[8.919584] (assignment2_rt) StderrLine: {'line': b'\x1b[01m\x1b[K/home/basmala/ros2_ws/assignment2_rt/src/Robot_Control.cpp:211:35:\x1b[m\x1b[K \x1b[01;31m\x1b[Kerror: \x1b[m\x1b[K\xe2\x80\x98\x1b[01m\x1b[Kusing std::__shared_ptr_access<assignment2_custom_msgs_srvs::srv::ModifyFixedPoint_Request_<std::allocator<void> >, __gnu_cxx::_S_atomic, false, false>::element_type = struct assignment2_custom_msgs_srvs::srv::ModifyFixedPoint_Request_<std::allocator<void> >\x1b[m\x1b[K\xe2\x80\x99 {aka \xe2\x80\x98\x1b[01m\x1b[Kstruct assignment2_custom_msgs_srvs::srv::ModifyFixedPoint_Request_<std::allocator<void> >\x1b[m\x1b[K\xe2\x80\x99} has no member named \xe2\x80\x98\x1b[01m\x1b[Knew_x\x1b[m\x1b[K\xe2\x80\x99\n'}
[8.919701] (assignment2_rt) StderrLine: {'line': b'  211 |         fixed_point_.x = request->\x1b[01;31m\x1b[Knew_x\x1b[m\x1b[K;\n'}
[8.920020] (assignment2_rt) StderrLine: {'line': b'      |                                   \x1b[01;31m\x1b[K^~~~~\x1b[m\x1b[K\n'}
[8.920128] (assignment2_rt) StderrLine: {'line': b'\x1b[01m\x1b[K/home/basmala/ros2_ws/assignment2_rt/src/Robot_Control.cpp:212:35:\x1b[m\x1b[K \x1b[01;31m\x1b[Kerror: \x1b[m\x1b[K\xe2\x80\x98\x1b[01m\x1b[Kusing std::__shared_ptr_access<assignment2_custom_msgs_srvs::srv::ModifyFixedPoint_Request_<std::allocator<void> >, __gnu_cxx::_S_atomic, false, false>::element_type = struct assignment2_custom_msgs_srvs::srv::ModifyFixedPoint_Request_<std::allocator<void> >\x1b[m\x1b[K\xe2\x80\x99 {aka \xe2\x80\x98\x1b[01m\x1b[Kstruct assignment2_custom_msgs_srvs::srv::ModifyFixedPoint_Request_<std::allocator<void> >\x1b[m\x1b[K\xe2\x80\x99} has no member named \xe2\x80\x98\x1b[01m\x1b[Knew_y\x1b[m\x1b[K\xe2\x80\x99\n'}
[8.920205] (assignment2_rt) StderrLine: {'line': b'  212 |         fixed_point_.y = request->\x1b[01;31m\x1b[Knew_y\x1b[m\x1b[K;\n'}
[8.920265] (assignment2_rt) StderrLine: {'line': b'      |                                   \x1b[01;31m\x1b[K^~~~~\x1b[m\x1b[K\n'}
[8.920329] (assignment2_rt) StderrLine: {'line': b'\x1b[01m\x1b[K/home/basmala/ros2_ws/assignment2_rt/src/Robot_Control.cpp:214:19:\x1b[m\x1b[K \x1b[01;31m\x1b[Kerror: \x1b[m\x1b[K\xe2\x80\x98\x1b[01m\x1b[Kusing std::__shared_ptr_access<assignment2_custom_msgs_srvs::srv::ModifyFixedPoint_Response_<std::allocator<void> >, __gnu_cxx::_S_atomic, false, false>::element_type = struct assignment2_custom_msgs_srvs::srv::ModifyFixedPoint_Response_<std::allocator<void> >\x1b[m\x1b[K\xe2\x80\x99 {aka \xe2\x80\x98\x1b[01m\x1b[Kstruct assignment2_custom_msgs_srvs::srv::ModifyFixedPoint_Response_<std::allocator<void> >\x1b[m\x1b[K\xe2\x80\x99} has no member named \xe2\x80\x98\x1b[01m\x1b[Ksuccess\x1b[m\x1b[K\xe2\x80\x99\n'}
[8.920405] (assignment2_rt) StderrLine: {'line': b'  214 |         response->\x1b[01;31m\x1b[Ksuccess\x1b[m\x1b[K = true;\n'}
[8.920470] (assignment2_rt) StderrLine: {'line': b'      |                   \x1b[01;31m\x1b[K^~~~~~~\x1b[m\x1b[K\n'}
[8.920729] (assignment2_rt) StderrLine: {'line': b'\x1b[01m\x1b[K/home/basmala/ros2_ws/assignment2_rt/src/Robot_Control.cpp:\x1b[m\x1b[K In member function \xe2\x80\x98\x1b[01m\x1b[Kvoid RobotControlNode::\x1b[01;32m\x1b[KcheckFixedPointDistance\x1b[m\x1b[K()\x1b[m\x1b[K\xe2\x80\x99:\n'}
[8.920882] (assignment2_rt) StderrLine: {'line': b'\x1b[01m\x1b[K/home/basmala/ros2_ws/assignment2_rt/src/Robot_Control.cpp:225:44:\x1b[m\x1b[K \x1b[01;31m\x1b[Kerror: \x1b[m\x1b[K\xe2\x80\x98\x1b[01m\x1b[KFloat32\x1b[m\x1b[K\xe2\x80\x99 is not a member of \xe2\x80\x98\x1b[01m\x1b[Kstd_msgs::msg\x1b[m\x1b[K\xe2\x80\x99\n'}
[8.920961] (assignment2_rt) StderrLine: {'line': b'  225 |         auto distance_msg = std_msgs::msg::\x1b[01;31m\x1b[KFloat32\x1b[m\x1b[K();\n'}
[8.921044] (assignment2_rt) StderrLine: {'line': b'      |                                            \x1b[01;31m\x1b[K^~~~~~~\x1b[m\x1b[K\n'}
[8.932289] (-) TimerEvent: {}
[8.937595] (assignment2_rt) StderrLine: {'line': b'\x1b[01m\x1b[K/home/basmala/ros2_ws/assignment2_rt/src/Robot_Control.cpp:227:9:\x1b[m\x1b[K \x1b[01;31m\x1b[Kerror: \x1b[m\x1b[K\xe2\x80\x98\x1b[01m\x1b[Kfixed_point_distance_publisher_\x1b[m\x1b[K\xe2\x80\x99 was not declared in this scope\n'}
[8.937772] (assignment2_rt) StderrLine: {'line': b'  227 |         \x1b[01;31m\x1b[Kfixed_point_distance_publisher_\x1b[m\x1b[K->publish(distance_msg);\n'}
[8.937858] (assignment2_rt) StderrLine: {'line': b'      |         \x1b[01;31m\x1b[K^~~~~~~~~~~~~~~~~~~~~~~~~~~~~~~\x1b[m\x1b[K\n'}
[9.032403] (-) TimerEvent: {}
[9.132722] (-) TimerEvent: {}
[9.233131] (-) TimerEvent: {}
[9.333409] (-) TimerEvent: {}
[9.433719] (-) TimerEvent: {}
[9.534158] (-) TimerEvent: {}
[9.634496] (-) TimerEvent: {}
[9.734897] (-) TimerEvent: {}
[9.835137] (-) TimerEvent: {}
[9.935444] (-) TimerEvent: {}
[10.035752] (-) TimerEvent: {}
[10.136153] (-) TimerEvent: {}
[10.192796] (assignment2_rt) StderrLine: {'line': b'gmake[2]: *** [CMakeFiles/UI.dir/build.make:76: CMakeFiles/UI.dir/src/UI.cpp.o] Error 1\n'}
[10.193362] (assignment2_rt) StderrLine: {'line': b'gmake[1]: *** [CMakeFiles/Makefile2:165: CMakeFiles/UI.dir/all] Error 2\n'}
[10.193616] (assignment2_rt) StderrLine: {'line': b'gmake[1]: *** Waiting for unfinished jobs....\n'}
[10.236401] (-) TimerEvent: {}
[10.336709] (-) TimerEvent: {}
[10.437016] (-) TimerEvent: {}
[10.537403] (-) TimerEvent: {}
[10.637834] (-) TimerEvent: {}
[10.738136] (-) TimerEvent: {}
[10.838755] (-) TimerEvent: {}
[10.939157] (-) TimerEvent: {}
[11.039545] (-) TimerEvent: {}
[11.139902] (-) TimerEvent: {}
[11.240370] (-) TimerEvent: {}
[11.340767] (-) TimerEvent: {}
[11.441151] (-) TimerEvent: {}
[11.541408] (-) TimerEvent: {}
[11.641832] (-) TimerEvent: {}
[11.742205] (-) TimerEvent: {}
[11.842452] (-) TimerEvent: {}
[11.942821] (-) TimerEvent: {}
[11.962665] (assignment2_rt) StderrLine: {'line': b'gmake[2]: *** [CMakeFiles/Robot_Control.dir/build.make:76: CMakeFiles/Robot_Control.dir/src/Robot_Control.cpp.o] Error 1\n'}
[11.962935] (assignment2_rt) StderrLine: {'line': b'gmake[1]: *** [CMakeFiles/Makefile2:139: CMakeFiles/Robot_Control.dir/all] Error 2\n'}
[11.963104] (assignment2_rt) StderrLine: {'line': b'gmake: *** [Makefile:146: all] Error 2\n'}
[11.965722] (assignment2_rt) CommandEnded: {'returncode': 2}
[11.975867] (assignment2_rt) JobEnded: {'identifier': 'assignment2_rt', 'rc': 2}
[11.986474] (-) EventReactorShutdown: {}
