[0.000000] (-) TimerEvent: {}
[0.000318] (-) JobUnselected: {'identifier': 'assignment1_rt'}
[0.000391] (-) JobUnselected: {'identifier': 'bme_gazebo_sensors'}
[0.000432] (-) JobUnselected: {'identifier': 'first_package_cpp'}
[0.000467] (-) JobUnselected: {'identifier': 'first_package_python'}
[0.000499] (-) JobUnselected: {'identifier': 'mecanum_drive_controller'}
[0.000530] (-) JobUnselected: {'identifier': 'turtlesim_controller'}
[0.000557] (-) JobUnselected: {'identifier': 'turtlesim_custom_msgs'}
[0.000584] (-) JobUnselected: {'identifier': 'yahboom_rosmaster'}
[0.000613] (-) JobUnselected: {'identifier': 'yahboom_rosmaster_bringup'}
[0.000641] (-) JobUnselected: {'identifier': 'yahboom_rosmaster_description'}
[0.000668] (-) JobUnselected: {'identifier': 'yahboom_rosmaster_gazebo'}
[0.000695] (-) JobUnselected: {'identifier': 'yahboom_rosmaster_system_tests'}
[0.000724] (assignment2_custom_msgs_srvs) JobQueued: {'identifier': 'assignment2_custom_msgs_srvs', 'dependencies': OrderedDict()}
[0.000761] (assignment2_rt) JobQueued: {'identifier': 'assignment2_rt', 'dependencies': OrderedDict({'assignment2_custom_msgs_srvs': '/home/basmala/ros2_ws/install/assignment2_custom_msgs_srvs'})}
[0.001311] (assignment2_custom_msgs_srvs) JobStarted: {'identifier': 'assignment2_custom_msgs_srvs'}
[0.013893] (assignment2_custom_msgs_srvs) JobProgress: {'identifier': 'assignment2_custom_msgs_srvs', 'progress': 'cmake'}
[0.015012] (assignment2_custom_msgs_srvs) Command: {'cmd': ['/usr/bin/cmake', '/home/basmala/ros2_ws/assignment2_custom_msgs_srvs', '-DCMAKE_INSTALL_PREFIX=/home/basmala/ros2_ws/install/assignment2_custom_msgs_srvs'], 'cwd': '/home/basmala/ros2_ws/build/assignment2_custom_msgs_srvs', 'env': OrderedDict({'GJS_DEBUG_TOPICS': 'JS ERROR;JS LOG', 'LESSOPEN': '| /usr/bin/lesspipe %s', 'GZ_SIM_RESOURCE_PATH': '/opt/ros/jazzy/share', 'USER': 'basmala', 'LC_TIME': 'ar_EG.UTF-8', 'GZ_CONFIG_PATH': '/opt/ros/jazzy/opt/gz_sim_vendor/share/gz:/opt/ros/jazzy/opt/sdformat_vendor/share/gz:/opt/ros/jazzy/opt/gz_gui_vendor/share/gz:/opt/ros/jazzy/opt/gz_transport_vendor/share/gz:/opt/ros/jazzy/opt/gz_rendering_vendor/share/gz:/opt/ros/jazzy/opt/gz_plugin_vendor/share/gz:/opt/ros/jazzy/opt/gz_fuel_tools_vendor/share/gz:/opt/ros/jazzy/opt/gz_msgs_vendor/share/gz:/opt/ros/jazzy/opt/gz_common_vendor/share/gz', 'XDG_SESSION_TYPE': 'wayland', 'GIT_ASKPASS': '/usr/share/antigravity/resources/app/extensions/git/dist/askpass.sh', 'CLUTTER_DISABLE_MIPMAPPED_TEXT': '1', 'SHLVL': '1', 'LD_LIBRARY_PATH': '/home/basmala/ros2_ws/install/turtlesim_custom_msgs/lib:/home/basmala/ros2_ws/install/mecanum_drive_controller/lib:/opt/ros/jazzy/opt/gz_sim_vendor/lib:/opt/ros/jazzy/opt/gz_sensors_vendor/lib:/opt/ros/jazzy/opt/gz_physics_vendor/lib:/opt/ros/jazzy/opt/sdformat_vendor/lib:/opt/ros/jazzy/opt/rviz_ogre_vendor/lib:/opt/ros/jazzy/lib/x86_64-linux-gnu:/opt/ros/jazzy/opt/gz_gui_vendor/lib:/opt/ros/jazzy/opt/gz_transport_vendor/lib:/opt/ros/jazzy/opt/gz_rendering_vendor/lib:/opt/ros/jazzy/opt/gz_plugin_vendor/lib:/opt/ros/jazzy/opt/gz_fuel_tools_vendor/lib:/opt/ros/jazzy/opt/gz_msgs_vendor/lib:/opt/ros/jazzy/opt/gz_common_vendor/lib:/opt/ros/jazzy/opt/gz_math_vendor/lib:/opt/ros/jazzy/opt/gz_utils_vendor/lib:/opt/ros/jazzy/opt/gz_tools_vendor/lib:/opt/ros/jazzy/opt/gz_ogre_next_vendor/lib:/opt/ros/jazzy/opt/gz_dartsim_vendor/lib:/opt/ros/jazzy/opt/gz_cmake_vendor/lib:/opt/ros/jazzy/lib', 'ANTIGRAVITY_CLI_ALIAS': 'agy', 'HOME': '/home/basmala', 'CHROME_DESKTOP': 'antigravity.desktop', 'TERM_PROGRAM_VERSION': '1.104.0', 'DESKTOP_SESSION': 'ubuntu', 'GIO_LAUNCHED_DESKTOP_FILE': '/usr/share/applications/antigravity.desktop', 'ROS_PYTHON_VERSION': '3', 'GNOME_SHELL_SESSION_MODE': 'ubuntu', 'GTK_MODULES': 'gail:atk-bridge', 'PAGER': 'cat', 'VSCODE_GIT_ASKPASS_MAIN': '/usr/share/antigravity/resources/app/extensions/git/dist/askpass-main.js', 'LC_MONETARY': 'ar_EG.UTF-8', 'VSCODE_GIT_ASKPASS_NODE': '/usr/share/antigravity/antigravity', 'MANAGERPID': '3058', 'SYSTEMD_EXEC_PID': '3347', 'IM_CONFIG_CHECK_ENV': '1', 'VSCODE_PYTHON_AUTOACTIVATE_GUARD': '1', 'GSM_SKIP_SSH_AGENT_WORKAROUND': 'true', 'DBUS_SESSION_BUS_ADDRESS': 'unix:path=/run/user/1000/bus', 'COLORTERM': 'truecolor', 'ANTIGRAVITY_AGENT': '1', 'GIO_LAUNCHED_DESKTOP_FILE_PID': '44251', 'DEBUGINFOD_URLS': 'https://debuginfod.ubuntu.com', 'IM_CONFIG_PHASE': '1', 'WAYLAND_DISPLAY': 'wayland-0', 'COLCON_PREFIX_PATH': '/home/basmala/ros2_ws/install:/home/basmala/ros2_ws/src/install', 'ROS_DISTRO': 'jazzy', 'LOGNAME': 'basmala', 'JOURNAL_STREAM': '8:33800', '_': '/usr/bin/colcon', 'ROS_VERSION': '2', 'MEMORY_PRESSURE_WATCH': '/sys/fs/cgroup/user.slice/user-1000.slice/user@1000.service/session.slice/org.gnome.Shell@wayland.service/memory.pressure', 'XDG_SESSION_CLASS': 'user', 'USERNAME': 'basmala', 'TERM': 'xterm-256color', 'GNOME_DESKTOP_SESSION_ID': 'this-is-deprecated', 'PATH': '/home/basmala/.local/bin:/opt/ros/jazzy/opt/gz_msgs_vendor/bin:/opt/ros/jazzy/opt/gz_tools_vendor/bin:/opt/ros/jazzy/opt/gz_ogre_next_vendor/bin:/opt/ros/jazzy/bin:/home/basmala/.local/bin:/usr/local/sbin:/usr/local/bin:/usr/sbin:/usr/bin:/sbin:/bin:/usr/games:/usr/local/games:/snap/bin:/snap/bin', 'SESSION_MANAGER': 'local/basmala-Victus-by-HP-Laptop-16-d1xxx:@/tmp/.ICE-unix/3277,unix/basmala-Victus-by-HP-Laptop-16-d1xxx:/tmp/.ICE-unix/3277', 'INVOCATION_ID': '42de1c5e3d4a4938a8c517d6fa5cf746', 'XDG_MENU_PREFIX': 'gnome-', 'LC_ADDRESS': 'ar_EG.UTF-8', 'GNOME_SETUP_DISPLAY': ':1', 'XDG_RUNTIME_DIR': '/run/user/1000', 'GDK_BACKEND': 'x11', 'DISPLAY': ':0', 'LANG': 'en_US.UTF-8', 'XDG_CURRENT_DESKTOP': 'Unity', 'LC_TELEPHONE': 'ar_EG.UTF-8', 'XMODIFIERS': '@im=ibus', 'XDG_SESSION_DESKTOP': 'ubuntu', 'XAUTHORITY': '/run/user/1000/.mutter-Xwaylandauth.MXS2J3', 'LS_COLORS': 'rs=0:di=01;34:ln=01;36:mh=00:pi=40;33:so=01;35:do=01;35:bd=40;33;01:cd=40;33;01:or=40;31;01:mi=00:su=37;41:sg=30;43:ca=00:tw=30;42:ow=34;42:st=37;44:ex=01;32:*.tar=01;31:*.tgz=01;31:*.arc=01;31:*.arj=01;31:*.taz=01;31:*.lha=01;31:*.lz4=01;31:*.lzh=01;31:*.lzma=01;31:*.tlz=01;31:*.txz=01;31:*.tzo=01;31:*.t7z=01;31:*.zip=01;31:*.z=01;31:*.dz=01;31:*.gz=01;31:*.lrz=01;31:*.lz=01;31:*.lzo=01;31:*.xz=01;31:*.zst=01;31:*.tzst=01;31:*.bz2=01;31:*.bz=01;31:*.tbz=01;31:*.tbz2=01;31:*.tz=01;31:*.deb=01;31:*.rpm=01;31:*.jar=01;31:*.war=01;31:*.ear=01;31:*.sar=01;31:*.rar=01;31:*.alz=01;31:*.ace=01;31:*.zoo=01;31:*.cpio=01;31:*.7z=01;31:*.rz=01;31:*.cab=01;31:*.wim=01;31:*.swm=01;31:*.dwm=01;31:*.esd=01;31:*.avif=01;35:*.jpg=01;35:*.jpeg=01;35:*.mjpg=01;35:*.mjpeg=01;35:*.gif=01;35:*.bmp=01;35:*.pbm=01;35:*.pgm=01;35:*.ppm=01;35:*.tga=01;35:*.xbm=01;35:*.xpm=01;35:*.tif=01;35:*.tiff=01;35:*.png=01;35:*.svg=01;35:*.svgz=01;35:*.mng=01;35:*.pcx=01;35:*.mov=01;35:*.mpg=01;35:*.mpeg=01;35:*.m2v=01;35:*.mkv=01;35:*.webm=01;35:*.webp=01;35:*.ogm=01;35:*.mp4=01;35:*.m4v=01;35:*.mp4v=01;35:*.vob=01;35:*.qt=01;35:*.nuv=01;35:*.wmv=01;35:*.asf=01;35:*.rm=01;35:*.rmvb=01;35:*.flc=01;35:*.avi=01;35:*.fli=01;35:*.flv=01;35:*.gl=01;35:*.dl=01;35:*.xcf=01;35:*.xwd=01;35:*.yuv=01;35:*.cgm=01;35:*.emf=01;35:*.ogv=01;35:*.ogx=01;35:*.aac=00;36:*.au=00;36:*.flac=00;36:*.m4a=00;36:*.mid=00;36:*.midi=00;36:*.mka=00;36:*.mp3=00;36:*.mpc=00;36:*.ogg=00;36:*.ra=00;36:*.wav=00;36:*.oga=00;36:*.opus=00;36:*.spx=00;36:*.xspf=00;36:*~=00;90:*#=00;90:*.bak=00;90:*.crdownload=00;90:*.dpkg-dist=00;90:*.dpkg-new=00;90:*.dpkg-old=00;90:*.dpkg-tmp=00;90:*.old=00;90:*.orig=00;90:*.part=00;90:*.rej=00;90:*.rpmnew=00;90:*.rpmorig=00;90:*.rpmsave=00;90:*.swp=00;90:*.tmp=00;90:*.ucf-dist=00;90:*.ucf-new=00;90:*.ucf-old=00;90:', 'SBX_CHROME_API_RQ': '1', 'VSCODE_GIT_IPC_HANDLE': '/run/user/1000/vscode-git-a6e8c44245.sock', 'TERM_PROGRAM': 'vscode', 'SSH_AUTH_SOCK': '/run/user/1000/keyring/ssh', 'AMENT_PREFIX_PATH': '/home/basmala/ros2_ws/install/yahboom_rosmaster:/home/basmala/ros2_ws/install/yahboom_rosmaster_system_tests:/home/basmala/ros2_ws/install/yahboom_rosmaster_gazebo:/home/basmala/ros2_ws/install/yahboom_rosmaster_description:/home/basmala/ros2_ws/install/yahboom_rosmaster_bringup:/home/basmala/ros2_ws/install/turtlesim_controller:/home/basmala/ros2_ws/install/turtlesim_custom_msgs:/home/basmala/ros2_ws/install/mecanum_drive_controller:/home/basmala/ros2_ws/install/first_package_python:/home/basmala/ros2_ws/install/first_package_cpp:/home/basmala/ros2_ws/install/bme_gazebo_sensors:/home/basmala/ros2_ws/install/assignment1_rt:/opt/ros/jazzy', 'ORIGINAL_XDG_CURRENT_DESKTOP': 'ubuntu:GNOME', 'SHELL': '/bin/bash', 'LC_NAME': 'ar_EG.UTF-8', 'QT_ACCESSIBILITY': '1', 'GDMSESSION': 'ubuntu', 'LESSCLOSE': '/usr/bin/lesspipe %s %s', 'LC_MEASUREMENT': 'ar_EG.UTF-8', 'GJS_DEBUG_OUTPUT': 'stderr', 'LC_IDENTIFICATION': 'ar_EG.UTF-8', 'ROS_AUTOMATIC_DISCOVERY_RANGE': 'SUBNET', 'VSCODE_GIT_ASKPASS_EXTRA_ARGS': '', 'QT_IM_MODULE': 'ibus', 'PWD': '/home/basmala/ros2_ws/build/assignment2_custom_msgs_srvs', 'XDG_CONFIG_DIRS': '/etc/xdg/xdg-ubuntu:/etc/xdg', 'XDG_DATA_DIRS': '/usr/share/ubuntu:/usr/share/gnome:/usr/local/share/:/usr/share/:/var/lib/snapd/desktop', 'PYTHONPATH': '/home/basmala/ros2_ws/install/turtlesim_custom_msgs/lib/python3.12/site-packages:/home/basmala/ros2_ws/install/first_package_python/lib/python3.12/site-packages:/opt/ros/jazzy/lib/python3.12/site-packages', 'LC_NUMERIC': 'ar_EG.UTF-8', 'LC_PAPER': 'ar_EG.UTF-8', 'COLCON': '1', 'MEMORY_PRESSURE_WRITE': 'c29tZSAyMDAwMDAgMjAwMDAwMAA=', 'CMAKE_PREFIX_PATH': '/home/basmala/ros2_ws/install/yahboom_rosmaster:/home/basmala/ros2_ws/install/yahboom_rosmaster_system_tests:/home/basmala/ros2_ws/install/yahboom_rosmaster_gazebo:/home/basmala/ros2_ws/install/yahboom_rosmaster_description:/home/basmala/ros2_ws/install/yahboom_rosmaster_bringup:/home/basmala/ros2_ws/install/turtlesim_controller:/home/basmala/ros2_ws/install/turtlesim_custom_msgs:/home/basmala/ros2_ws/install/mecanum_drive_controller:/home/basmala/ros2_ws/install/first_package_cpp:/home/basmala/ros2_ws/install/bme_gazebo_sensors:/home/basmala/ros2_ws/install/assignment1_rt:/opt/ros/jazzy/opt/gz_sim_vendor:/opt/ros/jazzy/opt/gz_sensors_vendor:/opt/ros/jazzy/opt/gz_physics_vendor:/opt/ros/jazzy/opt/sdformat_vendor:/opt/ros/jazzy/opt/gz_gui_vendor:/opt/ros/jazzy/opt/gz_transport_vendor:/opt/ros/jazzy/opt/gz_rendering_vendor:/opt/ros/jazzy/opt/gz_plugin_vendor:/opt/ros/jazzy/opt/gz_fuel_tools_vendor:/opt/ros/jazzy/opt/gz_msgs_vendor:/opt/ros/jazzy/opt/gz_common_vendor:/opt/ros/jazzy/opt/gz_math_vendor:/opt/ros/jazzy/opt/gz_utils_vendor:/opt/ros/jazzy/opt/gz_tools_vendor:/opt/ros/jazzy/opt/gz_ogre_next_vendor:/opt/ros/jazzy/opt/gz_dartsim_vendor:/opt/ros/jazzy/opt/gz_cmake_vendor:/home/basmala/ros2_ws/install/first_package_python:/opt/ros/jazzy'}), 'shell': False}
[0.030790] (assignment2_custom_msgs_srvs) StdoutLine: {'line': b'-- Found ament_cmake: 2.5.4 (/opt/ros/jazzy/share/ament_cmake/cmake)\n'}
[0.099437] (-) TimerEvent: {}
[0.199962] (-) TimerEvent: {}
[0.297710] (assignment2_custom_msgs_srvs) StdoutLine: {'line': b'-- Found rosidl_default_generators: 1.6.0 (/opt/ros/jazzy/share/rosidl_default_generators/cmake)\n'}
[0.300067] (-) TimerEvent: {}
[0.300706] (assignment2_custom_msgs_srvs) StdoutLine: {'line': b'-- Using all available rosidl_typesupport_c: rosidl_typesupport_fastrtps_c;rosidl_typesupport_introspection_c\n'}
[0.342282] (assignment2_custom_msgs_srvs) StdoutLine: {'line': b'-- Using all available rosidl_typesupport_cpp: rosidl_typesupport_fastrtps_cpp;rosidl_typesupport_introspection_cpp\n'}
[0.400218] (-) TimerEvent: {}
[0.419448] (assignment2_custom_msgs_srvs) StdoutLine: {'line': b'-- Found rosidl_adapter: 4.6.6 (/opt/ros/jazzy/share/rosidl_adapter/cmake)\n'}
[0.500456] (-) TimerEvent: {}
[0.600815] (-) TimerEvent: {}
[0.701390] (-) TimerEvent: {}
[0.801796] (-) TimerEvent: {}
[0.902350] (-) TimerEvent: {}
[1.002716] (-) TimerEvent: {}
[1.103114] (-) TimerEvent: {}
[1.203445] (-) TimerEvent: {}
[1.303803] (-) TimerEvent: {}
[1.365742] (assignment2_custom_msgs_srvs) StdoutLine: {'line': b'-- Found ament_cmake_ros: 0.12.0 (/opt/ros/jazzy/share/ament_cmake_ros/cmake)\n'}
[1.403954] (-) TimerEvent: {}
[1.504437] (-) TimerEvent: {}
[1.604829] (-) TimerEvent: {}
[1.705141] (-) TimerEvent: {}
[1.805437] (-) TimerEvent: {}
[1.905746] (-) TimerEvent: {}
[2.006044] (-) TimerEvent: {}
[2.033176] (assignment2_custom_msgs_srvs) StdoutLine: {'line': b'-- Using all available rosidl_typesupport_c: rosidl_typesupport_fastrtps_c;rosidl_typesupport_introspection_c\n'}
[2.106254] (-) TimerEvent: {}
[2.206604] (-) TimerEvent: {}
[2.307026] (-) TimerEvent: {}
[2.407376] (-) TimerEvent: {}
[2.507678] (-) TimerEvent: {}
[2.608018] (-) TimerEvent: {}
[2.708399] (-) TimerEvent: {}
[2.808709] (-) TimerEvent: {}
[2.886637] (assignment2_custom_msgs_srvs) StdoutLine: {'line': b'-- Using all available rosidl_typesupport_cpp: rosidl_typesupport_fastrtps_cpp;rosidl_typesupport_introspection_cpp\n'}
[2.896190] (assignment2_custom_msgs_srvs) StdoutLine: {'line': b'-- Found python_cmake_module: 0.11.1 (/opt/ros/jazzy/share/python_cmake_module/cmake)\n'}
[2.908805] (-) TimerEvent: {}
[3.009197] (-) TimerEvent: {}
[3.085662] (assignment2_custom_msgs_srvs) StdoutLine: {'line': b'-- Found PythonExtra: /usr/bin/python3  \n'}
[3.109441] (-) TimerEvent: {}
[3.209922] (-) TimerEvent: {}
[3.310330] (-) TimerEvent: {}
[3.410644] (-) TimerEvent: {}
[3.510957] (-) TimerEvent: {}
[3.611321] (-) TimerEvent: {}
[3.711634] (-) TimerEvent: {}
[3.720710] (assignment2_custom_msgs_srvs) StdoutLine: {'line': b'-- Found Python3: /usr/bin/python3 (found version "3.12.3") found components: Interpreter Development NumPy Development.Module Development.Embed \n'}
[3.787759] (assignment2_custom_msgs_srvs) StdoutLine: {'line': b'-- Found ament_lint_auto: 0.17.3 (/opt/ros/jazzy/share/ament_lint_auto/cmake)\n'}
[3.811766] (-) TimerEvent: {}
[3.836059] (assignment2_custom_msgs_srvs) StdoutLine: {'line': b"-- Added test 'lint_cmake' to check CMake code style\n"}
[3.837775] (assignment2_custom_msgs_srvs) StdoutLine: {'line': b"-- Added test 'xmllint' to check XML markup files\n"}
[3.841279] (assignment2_custom_msgs_srvs) StdoutLine: {'line': b'-- Configuring done (3.8s)\n'}
[3.893026] (assignment2_custom_msgs_srvs) StdoutLine: {'line': b'-- Generating done (0.0s)\n'}
[3.905403] (assignment2_custom_msgs_srvs) StdoutLine: {'line': b'-- Build files have been written to: /home/basmala/ros2_ws/build/assignment2_custom_msgs_srvs\n'}
[3.911896] (-) TimerEvent: {}
[3.912588] (assignment2_custom_msgs_srvs) CommandEnded: {'returncode': 0}
[3.913212] (assignment2_custom_msgs_srvs) JobProgress: {'identifier': 'assignment2_custom_msgs_srvs', 'progress': 'build'}
[3.914117] (assignment2_custom_msgs_srvs) Command: {'cmd': ['/usr/bin/cmake', '--build', '/home/basmala/ros2_ws/build/assignment2_custom_msgs_srvs', '--', '-j20', '-l20'], 'cwd': '/home/basmala/ros2_ws/build/assignment2_custom_msgs_srvs', 'env': OrderedDict({'GJS_DEBUG_TOPICS': 'JS ERROR;JS LOG', 'LESSOPEN': '| /usr/bin/lesspipe %s', 'GZ_SIM_RESOURCE_PATH': '/opt/ros/jazzy/share', 'USER': 'basmala', 'LC_TIME': 'ar_EG.UTF-8', 'GZ_CONFIG_PATH': '/opt/ros/jazzy/opt/gz_sim_vendor/share/gz:/opt/ros/jazzy/opt/sdformat_vendor/share/gz:/opt/ros/jazzy/opt/gz_gui_vendor/share/gz:/opt/ros/jazzy/opt/gz_transport_vendor/share/gz:/opt/ros/jazzy/opt/gz_rendering_vendor/share/gz:/opt/ros/jazzy/opt/gz_plugin_vendor/share/gz:/opt/ros/jazzy/opt/gz_fuel_tools_vendor/share/gz:/opt/ros/jazzy/opt/gz_msgs_vendor/share/gz:/opt/ros/jazzy/opt/gz_common_vendor/share/gz', 'XDG_SESSION_TYPE': 'wayland', 'GIT_ASKPASS': '/usr/share/antigravity/resources/app/extensions/git/dist/askpass.sh', 'CLUTTER_DISABLE_MIPMAPPED_TEXT': '1', 'SHLVL': '1', 'LD_LIBRARY_PATH': '/home/basmala/ros2_ws/install/turtlesim_custom_msgs/lib:/home/basmala/ros2_ws/install/mecanum_drive_controller/lib:/opt/ros/jazzy/opt/gz_sim_vendor/lib:/opt/ros/jazzy/opt/gz_sensors_vendor/lib:/opt/ros/jazzy/opt/gz_physics_vendor/lib:/opt/ros/jazzy/opt/sdformat_vendor/lib:/opt/ros/jazzy/opt/rviz_ogre_vendor/lib:/opt/ros/jazzy/lib/x86_64-linux-gnu:/opt/ros/jazzy/opt/gz_gui_vendor/lib:/opt/ros/jazzy/opt/gz_transport_vendor/lib:/opt/ros/jazzy/opt/gz_rendering_vendor/lib:/opt/ros/jazzy/opt/gz_plugin_vendor/lib:/opt/ros/jazzy/opt/gz_fuel_tools_vendor/lib:/opt/ros/jazzy/opt/gz_msgs_vendor/lib:/opt/ros/jazzy/opt/gz_common_vendor/lib:/opt/ros/jazzy/opt/gz_math_vendor/lib:/opt/ros/jazzy/opt/gz_utils_vendor/lib:/opt/ros/jazzy/opt/gz_tools_vendor/lib:/opt/ros/jazzy/opt/gz_ogre_next_vendor/lib:/opt/ros/jazzy/opt/gz_dartsim_vendor/lib:/opt/ros/jazzy/opt/gz_cmake_vendor/lib:/opt/ros/jazzy/lib', 'ANTIGRAVITY_CLI_ALIAS': 'agy', 'HOME': '/home/basmala', 'CHROME_DESKTOP': 'antigravity.desktop', 'TERM_PROGRAM_VERSION': '1.104.0', 'DESKTOP_SESSION': 'ubuntu', 'GIO_LAUNCHED_DESKTOP_FILE': '/usr/share/applications/antigravity.desktop', 'ROS_PYTHON_VERSION': '3', 'GNOME_SHELL_SESSION_MODE': 'ubuntu', 'GTK_MODULES': 'gail:atk-bridge', 'PAGER': 'cat', 'VSCODE_GIT_ASKPASS_MAIN': '/usr/share/antigravity/resources/app/extensions/git/dist/askpass-main.js', 'LC_MONETARY': 'ar_EG.UTF-8', 'VSCODE_GIT_ASKPASS_NODE': '/usr/share/antigravity/antigravity', 'MANAGERPID': '3058', 'SYSTEMD_EXEC_PID': '3347', 'IM_CONFIG_CHECK_ENV': '1', 'VSCODE_PYTHON_AUTOACTIVATE_GUARD': '1', 'GSM_SKIP_SSH_AGENT_WORKAROUND': 'true', 'DBUS_SESSION_BUS_ADDRESS': 'unix:path=/run/user/1000/bus', 'COLORTERM': 'truecolor', 'ANTIGRAVITY_AGENT': '1', 'GIO_LAUNCHED_DESKTOP_FILE_PID': '44251', 'DEBUGINFOD_URLS': 'https://debuginfod.ubuntu.com', 'IM_CONFIG_PHASE': '1', 'WAYLAND_DISPLAY': 'wayland-0', 'COLCON_PREFIX_PATH': '/home/basmala/ros2_ws/install:/home/basmala/ros2_ws/src/install', 'ROS_DISTRO': 'jazzy', 'LOGNAME': 'basmala', 'JOURNAL_STREAM': '8:33800', '_': '/usr/bin/colcon', 'ROS_VERSION': '2', 'MEMORY_PRESSURE_WATCH': '/sys/fs/cgroup/user.slice/user-1000.slice/user@1000.service/session.slice/org.gnome.Shell@wayland.service/memory.pressure', 'XDG_SESSION_CLASS': 'user', 'USERNAME': 'basmala', 'TERM': 'xterm-256color', 'GNOME_DESKTOP_SESSION_ID': 'this-is-deprecated', 'PATH': '/home/basmala/.local/bin:/opt/ros/jazzy/opt/gz_msgs_vendor/bin:/opt/ros/jazzy/opt/gz_tools_vendor/bin:/opt/ros/jazzy/opt/gz_ogre_next_vendor/bin:/opt/ros/jazzy/bin:/home/basmala/.local/bin:/usr/local/sbin:/usr/local/bin:/usr/sbin:/usr/bin:/sbin:/bin:/usr/games:/usr/local/games:/snap/bin:/snap/bin', 'SESSION_MANAGER': 'local/basmala-Victus-by-HP-Laptop-16-d1xxx:@/tmp/.ICE-unix/3277,unix/basmala-Victus-by-HP-Laptop-16-d1xxx:/tmp/.ICE-unix/3277', 'INVOCATION_ID': '42de1c5e3d4a4938a8c517d6fa5cf746', 'XDG_MENU_PREFIX': 'gnome-', 'LC_ADDRESS': 'ar_EG.UTF-8', 'GNOME_SETUP_DISPLAY': ':1', 'XDG_RUNTIME_DIR': '/run/user/1000', 'GDK_BACKEND': 'x11', 'DISPLAY': ':0', 'LANG': 'en_US.UTF-8', 'XDG_CURRENT_DESKTOP': 'Unity', 'LC_TELEPHONE': 'ar_EG.UTF-8', 'XMODIFIERS': '@im=ibus', 'XDG_SESSION_DESKTOP': 'ubuntu', 'XAUTHORITY': '/run/user/1000/.mutter-Xwaylandauth.MXS2J3', 'LS_COLORS': 'rs=0:di=01;34:ln=01;36:mh=00:pi=40;33:so=01;35:do=01;35:bd=40;33;01:cd=40;33;01:or=40;31;01:mi=00:su=37;41:sg=30;43:ca=00:tw=30;42:ow=34;42:st=37;44:ex=01;32:*.tar=01;31:*.tgz=01;31:*.arc=01;31:*.arj=01;31:*.taz=01;31:*.lha=01;31:*.lz4=01;31:*.lzh=01;31:*.lzma=01;31:*.tlz=01;31:*.txz=01;31:*.tzo=01;31:*.t7z=01;31:*.zip=01;31:*.z=01;31:*.dz=01;31:*.gz=01;31:*.lrz=01;31:*.lz=01;31:*.lzo=01;31:*.xz=01;31:*.zst=01;31:*.tzst=01;31:*.bz2=01;31:*.bz=01;31:*.tbz=01;31:*.tbz2=01;31:*.tz=01;31:*.deb=01;31:*.rpm=01;31:*.jar=01;31:*.war=01;31:*.ear=01;31:*.sar=01;31:*.rar=01;31:*.alz=01;31:*.ace=01;31:*.zoo=01;31:*.cpio=01;31:*.7z=01;31:*.rz=01;31:*.cab=01;31:*.wim=01;31:*.swm=01;31:*.dwm=01;31:*.esd=01;31:*.avif=01;35:*.jpg=01;35:*.jpeg=01;35:*.mjpg=01;35:*.mjpeg=01;35:*.gif=01;35:*.bmp=01;35:*.pbm=01;35:*.pgm=01;35:*.ppm=01;35:*.tga=01;35:*.xbm=01;35:*.xpm=01;35:*.tif=01;35:*.tiff=01;35:*.png=01;35:*.svg=01;35:*.svgz=01;35:*.mng=01;35:*.pcx=01;35:*.mov=01;35:*.mpg=01;35:*.mpeg=01;35:*.m2v=01;35:*.mkv=01;35:*.webm=01;35:*.webp=01;35:*.ogm=01;35:*.mp4=01;35:*.m4v=01;35:*.mp4v=01;35:*.vob=01;35:*.qt=01;35:*.nuv=01;35:*.wmv=01;35:*.asf=01;35:*.rm=01;35:*.rmvb=01;35:*.flc=01;35:*.avi=01;35:*.fli=01;35:*.flv=01;35:*.gl=01;35:*.dl=01;35:*.xcf=01;35:*.xwd=01;35:*.yuv=01;35:*.cgm=01;35:*.emf=01;35:*.ogv=01;35:*.ogx=01;35:*.aac=00;36:*.au=00;36:*.flac=00;36:*.m4a=00;36:*.mid=00;36:*.midi=00;36:*.mka=00;36:*.mp3=00;36:*.mpc=00;36:*.ogg=00;36:*.ra=00;36:*.wav=00;36:*.oga=00;36:*.opus=00;36:*.spx=00;36:*.xspf=00;36:*~=00;90:*#=00;90:*.bak=00;90:*.crdownload=00;90:*.dpkg-dist=00;90:*.dpkg-new=00;90:*.dpkg-old=00;90:*.dpkg-tmp=00;90:*.old=00;90:*.orig=00;90:*.part=00;90:*.rej=00;90:*.rpmnew=00;90:*.rpmorig=00;90:*.rpmsave=00;90:*.swp=00;90:*.tmp=00;90:*.ucf-dist=00;90:*.ucf-new=00;90:*.ucf-old=00;90:', 'SBX_CHROME_API_RQ': '1', 'VSCODE_GIT_IPC_HANDLE': '/run/user/1000/vscode-git-a6e8c44245.sock', 'TERM_PROGRAM': 'vscode', 'SSH_AUTH_SOCK': '/run/user/1000/keyring/ssh', 'AMENT_PREFIX_PATH': '/home/basmala/ros2_ws/install/yahboom_rosmaster:/home/basmala/ros2_ws/install/yahboom_rosmaster_system_tests:/home/basmala/ros2_ws/install/yahboom_rosmaster_gazebo:/home/basmala/ros2_ws/install/yahboom_rosmaster_description:/home/basmala/ros2_ws/install/yahboom_rosmaster_bringup:/home/basmala/ros2_ws/install/turtlesim_controller:/home/basmala/ros2_ws/install/turtlesim_custom_msgs:/home/basmala/ros2_ws/install/mecanum_drive_controller:/home/basmala/ros2_ws/install/first_package_python:/home/basmala/ros2_ws/install/first_package_cpp:/home/basmala/ros2_ws/install/bme_gazebo_sensors:/home/basmala/ros2_ws/install/assignment1_rt:/opt/ros/jazzy', 'ORIGINAL_XDG_CURRENT_DESKTOP': 'ubuntu:GNOME', 'SHELL': '/bin/bash', 'LC_NAME': 'ar_EG.UTF-8', 'QT_ACCESSIBILITY': '1', 'GDMSESSION': 'ubuntu', 'LESSCLOSE': '/usr/bin/lesspipe %s %s', 'LC_MEASUREMENT': 'ar_EG.UTF-8', 'GJS_DEBUG_OUTPUT': 'stderr', 'LC_IDENTIFICATION': 'ar_EG.UTF-8', 'ROS_AUTOMATIC_DISCOVERY_RANGE': 'SUBNET', 'VSCODE_GIT_ASKPASS_EXTRA_ARGS': '', 'QT_IM_MODULE': 'ibus', 'PWD': '/home/basmala/ros2_ws/build/assignment2_custom_msgs_srvs', 'XDG_CONFIG_DIRS': '/etc/xdg/xdg-ubuntu:/etc/xdg', 'XDG_DATA_DIRS': '/usr/share/ubuntu:/usr/share/gnome:/usr/local/share/:/usr/share/:/var/lib/snapd/desktop', 'PYTHONPATH': '/home/basmala/ros2_ws/install/turtlesim_custom_msgs/lib/python3.12/site-packages:/home/basmala/ros2_ws/install/first_package_python/lib/python3.12/site-packages:/opt/ros/jazzy/lib/python3.12/site-packages', 'LC_NUMERIC': 'ar_EG.UTF-8', 'LC_PAPER': 'ar_EG.UTF-8', 'COLCON': '1', 'MEMORY_PRESSURE_WRITE': 'c29tZSAyMDAwMDAgMjAwMDAwMAA=', 'CMAKE_PREFIX_PATH': '/home/basmala/ros2_ws/install/yahboom_rosmaster:/home/basmala/ros2_ws/install/yahboom_rosmaster_system_tests:/home/basmala/ros2_ws/install/yahboom_rosmaster_gazebo:/home/basmala/ros2_ws/install/yahboom_rosmaster_description:/home/basmala/ros2_ws/install/yahboom_rosmaster_bringup:/home/basmala/ros2_ws/install/turtlesim_controller:/home/basmala/ros2_ws/install/turtlesim_custom_msgs:/home/basmala/ros2_ws/install/mecanum_drive_controller:/home/basmala/ros2_ws/install/first_package_cpp:/home/basmala/ros2_ws/install/bme_gazebo_sensors:/home/basmala/ros2_ws/install/assignment1_rt:/opt/ros/jazzy/opt/gz_sim_vendor:/opt/ros/jazzy/opt/gz_sensors_vendor:/opt/ros/jazzy/opt/gz_physics_vendor:/opt/ros/jazzy/opt/sdformat_vendor:/opt/ros/jazzy/opt/gz_gui_vendor:/opt/ros/jazzy/opt/gz_transport_vendor:/opt/ros/jazzy/opt/gz_rendering_vendor:/opt/ros/jazzy/opt/gz_plugin_vendor:/opt/ros/jazzy/opt/gz_fuel_tools_vendor:/opt/ros/jazzy/opt/gz_msgs_vendor:/opt/ros/jazzy/opt/gz_common_vendor:/opt/ros/jazzy/opt/gz_math_vendor:/opt/ros/jazzy/opt/gz_utils_vendor:/opt/ros/jazzy/opt/gz_tools_vendor:/opt/ros/jazzy/opt/gz_ogre_next_vendor:/opt/ros/jazzy/opt/gz_dartsim_vendor:/opt/ros/jazzy/opt/gz_cmake_vendor:/home/basmala/ros2_ws/install/first_package_python:/opt/ros/jazzy'}), 'shell': False}
[4.005988] (assignment2_custom_msgs_srvs) StdoutLine: {'line': b'[  1%] \x1b[34m\x1b[1mGenerating type hashes for ROS interfaces\x1b[0m\n'}
[4.012035] (-) TimerEvent: {}
[4.021264] (assignment2_custom_msgs_srvs) StdoutLine: {'line': b'[  1%] Built target ament_cmake_python_copy_assignment2_custom_msgs_srvs\n'}
[4.112149] (-) TimerEvent: {}
[4.212604] (-) TimerEvent: {}
[4.276659] (assignment2_custom_msgs_srvs) StdoutLine: {'line': b'running egg_info\n'}
[4.277693] (assignment2_custom_msgs_srvs) StdoutLine: {'line': b'creating assignment2_custom_msgs_srvs.egg-info\n'}
[4.287851] (assignment2_custom_msgs_srvs) StdoutLine: {'line': b'[  1%] Built target assignment2_custom_msgs_srvs__rosidl_generator_type_description\n'}
[4.293653] (assignment2_custom_msgs_srvs) StdoutLine: {'line': b'writing assignment2_custom_msgs_srvs.egg-info/PKG-INFO\n'}
[4.294046] (assignment2_custom_msgs_srvs) StdoutLine: {'line': b'writing dependency_links to assignment2_custom_msgs_srvs.egg-info/dependency_links.txt\n'}
[4.294212] (assignment2_custom_msgs_srvs) StdoutLine: {'line': b'writing top-level names to assignment2_custom_msgs_srvs.egg-info/top_level.txt\n'}
[4.294399] (assignment2_custom_msgs_srvs) StdoutLine: {'line': b"writing manifest file 'assignment2_custom_msgs_srvs.egg-info/SOURCES.txt'\n"}
[4.301253] (assignment2_custom_msgs_srvs) StdoutLine: {'line': b'[  3%] \x1b[34m\x1b[1mGenerating C code for ROS interfaces\x1b[0m\n'}
[4.312700] (-) TimerEvent: {}
[4.318173] (assignment2_custom_msgs_srvs) StdoutLine: {'line': b'[  5%] \x1b[34m\x1b[1mGenerating C++ code for ROS interfaces\x1b[0m\n'}
[4.364617] (assignment2_custom_msgs_srvs) StdoutLine: {'line': b"reading manifest file 'assignment2_custom_msgs_srvs.egg-info/SOURCES.txt'\n"}
[4.365423] (assignment2_custom_msgs_srvs) StdoutLine: {'line': b"writing manifest file 'assignment2_custom_msgs_srvs.egg-info/SOURCES.txt'\n"}
[4.399222] (assignment2_custom_msgs_srvs) StdoutLine: {'line': b'[  5%] Built target ament_cmake_python_build_assignment2_custom_msgs_srvs_egg\n'}
[4.413005] (-) TimerEvent: {}
[4.513306] (-) TimerEvent: {}
[4.613675] (-) TimerEvent: {}
[4.714322] (-) TimerEvent: {}
[4.814891] (-) TimerEvent: {}
[4.823536] (assignment2_custom_msgs_srvs) StdoutLine: {'line': b'[  5%] Built target assignment2_custom_msgs_srvs__cpp\n'}
[4.897638] (assignment2_custom_msgs_srvs) StdoutLine: {'line': b'[  7%] \x1b[32mBuilding C object CMakeFiles/assignment2_custom_msgs_srvs__rosidl_generator_c.dir/rosidl_generator_c/assignment2_custom_msgs_srvs/srv/detail/average_velocities__functions.c.o\x1b[0m\n'}
[4.898114] (assignment2_custom_msgs_srvs) StdoutLine: {'line': b'[  9%] \x1b[32mBuilding C object CMakeFiles/assignment2_custom_msgs_srvs__rosidl_generator_c.dir/rosidl_generator_c/assignment2_custom_msgs_srvs/srv/detail/average_velocities__type_support.c.o\x1b[0m\n'}
[4.898711] (assignment2_custom_msgs_srvs) StdoutLine: {'line': b'[ 11%] \x1b[32mBuilding C object CMakeFiles/assignment2_custom_msgs_srvs__rosidl_generator_c.dir/rosidl_generator_c/assignment2_custom_msgs_srvs/srv/detail/change_threshold__description.c.o\x1b[0m\n'}
[4.898921] (assignment2_custom_msgs_srvs) StdoutLine: {'line': b'[ 12%] \x1b[32mBuilding C object CMakeFiles/assignment2_custom_msgs_srvs__rosidl_generator_c.dir/rosidl_generator_c/assignment2_custom_msgs_srvs/srv/detail/change_threshold__functions.c.o\x1b[0m\n'}
[4.899246] (assignment2_custom_msgs_srvs) StdoutLine: {'line': b'[ 16%] \x1b[32mBuilding C object CMakeFiles/assignment2_custom_msgs_srvs__rosidl_generator_c.dir/rosidl_generator_c/assignment2_custom_msgs_srvs/msg/detail/obstacle__description.c.o\x1b[0m\n'}
[4.899574] (assignment2_custom_msgs_srvs) StdoutLine: {'line': b'[ 16%] \x1b[32mBuilding C object CMakeFiles/assignment2_custom_msgs_srvs__rosidl_generator_c.dir/rosidl_generator_c/assignment2_custom_msgs_srvs/srv/detail/change_threshold__type_support.c.o\x1b[0m\n'}
[4.899850] (assignment2_custom_msgs_srvs) StdoutLine: {'line': b'[ 18%] \x1b[32mBuilding C object CMakeFiles/assignment2_custom_msgs_srvs__rosidl_generator_c.dir/rosidl_generator_c/assignment2_custom_msgs_srvs/msg/detail/obstacle__functions.c.o\x1b[0m\n'}
[4.900319] (assignment2_custom_msgs_srvs) StdoutLine: {'line': b'[ 20%] \x1b[32mBuilding C object CMakeFiles/assignment2_custom_msgs_srvs__rosidl_generator_c.dir/rosidl_generator_c/assignment2_custom_msgs_srvs/msg/detail/obstacle__type_support.c.o\x1b[0m\n'}
[4.901387] (assignment2_custom_msgs_srvs) StdoutLine: {'line': b'[ 22%] \x1b[32mBuilding C object CMakeFiles/assignment2_custom_msgs_srvs__rosidl_generator_c.dir/rosidl_generator_c/assignment2_custom_msgs_srvs/srv/detail/average_velocities__description.c.o\x1b[0m\n'}
[4.915018] (-) TimerEvent: {}
[5.015366] (-) TimerEvent: {}
[5.017083] (assignment2_custom_msgs_srvs) StdoutLine: {'line': b'[ 24%] \x1b[32m\x1b[1mLinking C shared library libassignment2_custom_msgs_srvs__rosidl_generator_c.so\x1b[0m\n'}
[5.065785] (assignment2_custom_msgs_srvs) StdoutLine: {'line': b'[ 24%] Built target assignment2_custom_msgs_srvs__rosidl_generator_c\n'}
[5.079908] (assignment2_custom_msgs_srvs) StdoutLine: {'line': b'[ 27%] \x1b[34m\x1b[1mGenerating C++ type support dispatch for ROS interfaces\x1b[0m\n'}
[5.080323] (assignment2_custom_msgs_srvs) StdoutLine: {'line': b'[ 29%] \x1b[34m\x1b[1mGenerating C type support for eProsima Fast-RTPS\x1b[0m\n'}
[5.080538] (assignment2_custom_msgs_srvs) StdoutLine: {'line': b'[ 29%] \x1b[34m\x1b[1mGenerating C introspection for ROS interfaces\x1b[0m\n'}
[5.084077] (assignment2_custom_msgs_srvs) StdoutLine: {'line': b'[ 31%] \x1b[34m\x1b[1mGenerating C++ type support for eProsima Fast-RTPS\x1b[0m\n'}
[5.084643] (assignment2_custom_msgs_srvs) StdoutLine: {'line': b'[ 35%] \x1b[34m\x1b[1mGenerating C type support dispatch for ROS interfaces\x1b[0m\n'}
[5.084857] (assignment2_custom_msgs_srvs) StdoutLine: {'line': b'[ 35%] \x1b[34m\x1b[1mGenerating C++ introspection for ROS interfaces\x1b[0m\n'}
[5.115463] (-) TimerEvent: {}
[5.215886] (-) TimerEvent: {}
[5.316346] (-) TimerEvent: {}
[5.416923] (-) TimerEvent: {}
[5.488530] (assignment2_custom_msgs_srvs) StdoutLine: {'line': b'[ 37%] \x1b[32mBuilding CXX object CMakeFiles/assignment2_custom_msgs_srvs__rosidl_typesupport_cpp.dir/rosidl_typesupport_cpp/assignment2_custom_msgs_srvs/msg/obstacle__type_support.cpp.o\x1b[0m\n'}
[5.489317] (assignment2_custom_msgs_srvs) StdoutLine: {'line': b'[ 38%] \x1b[32mBuilding CXX object CMakeFiles/assignment2_custom_msgs_srvs__rosidl_typesupport_cpp.dir/rosidl_typesupport_cpp/assignment2_custom_msgs_srvs/srv/average_velocities__type_support.cpp.o\x1b[0m\n'}
[5.493096] (assignment2_custom_msgs_srvs) StdoutLine: {'line': b'[ 40%] \x1b[32mBuilding CXX object CMakeFiles/assignment2_custom_msgs_srvs__rosidl_typesupport_c.dir/rosidl_typesupport_c/assignment2_custom_msgs_srvs/msg/obstacle__type_support.cpp.o\x1b[0m\n'}
[5.493610] (assignment2_custom_msgs_srvs) StdoutLine: {'line': b'[ 42%] \x1b[32mBuilding CXX object CMakeFiles/assignment2_custom_msgs_srvs__rosidl_typesupport_cpp.dir/rosidl_typesupport_cpp/assignment2_custom_msgs_srvs/srv/change_threshold__type_support.cpp.o\x1b[0m\n'}
[5.497791] (assignment2_custom_msgs_srvs) StdoutLine: {'line': b'[ 44%] \x1b[32mBuilding CXX object CMakeFiles/assignment2_custom_msgs_srvs__rosidl_typesupport_c.dir/rosidl_typesupport_c/assignment2_custom_msgs_srvs/srv/average_velocities__type_support.cpp.o\x1b[0m\n'}
[5.498233] (assignment2_custom_msgs_srvs) StdoutLine: {'line': b'[ 46%] \x1b[32mBuilding CXX object CMakeFiles/assignment2_custom_msgs_srvs__rosidl_typesupport_c.dir/rosidl_typesupport_c/assignment2_custom_msgs_srvs/srv/change_threshold__type_support.cpp.o\x1b[0m\n'}
[5.517047] (-) TimerEvent: {}
[5.556868] (assignment2_custom_msgs_srvs) StdoutLine: {'line': b'[ 48%] \x1b[32mBuilding CXX object CMakeFiles/assignment2_custom_msgs_srvs__rosidl_typesupport_introspection_cpp.dir/rosidl_typesupport_introspection_cpp/assignment2_custom_msgs_srvs/msg/detail/obstacle__type_support.cpp.o\x1b[0m\n'}
[5.558418] (assignment2_custom_msgs_srvs) StdoutLine: {'line': b'[ 50%] \x1b[32mBuilding CXX object CMakeFiles/assignment2_custom_msgs_srvs__rosidl_typesupport_introspection_cpp.dir/rosidl_typesupport_introspection_cpp/assignment2_custom_msgs_srvs/srv/detail/average_velocities__type_support.cpp.o\x1b[0m\n'}
[5.563209] (assignment2_custom_msgs_srvs) StdoutLine: {'line': b'[ 51%] \x1b[32mBuilding CXX object CMakeFiles/assignment2_custom_msgs_srvs__rosidl_typesupport_introspection_cpp.dir/rosidl_typesupport_introspection_cpp/assignment2_custom_msgs_srvs/srv/detail/change_threshold__type_support.cpp.o\x1b[0m\n'}
[5.601446] (assignment2_custom_msgs_srvs) StdoutLine: {'line': b'[ 53%] \x1b[32m\x1b[1mLinking CXX shared library libassignment2_custom_msgs_srvs__rosidl_typesupport_c.so\x1b[0m\n'}
[5.617160] (-) TimerEvent: {}
[5.672937] (assignment2_custom_msgs_srvs) StdoutLine: {'line': b'[ 53%] Built target assignment2_custom_msgs_srvs__rosidl_typesupport_c\n'}
[5.698919] (assignment2_custom_msgs_srvs) StdoutLine: {'line': b'[ 55%] \x1b[32mBuilding C object CMakeFiles/assignment2_custom_msgs_srvs__rosidl_typesupport_introspection_c.dir/rosidl_typesupport_introspection_c/assignment2_custom_msgs_srvs/srv/detail/change_threshold__type_support.c.o\x1b[0m\n'}
[5.702690] (assignment2_custom_msgs_srvs) StdoutLine: {'line': b'[ 59%] \x1b[32mBuilding C object CMakeFiles/assignment2_custom_msgs_srvs__rosidl_typesupport_introspection_c.dir/rosidl_typesupport_introspection_c/assignment2_custom_msgs_srvs/srv/detail/average_velocities__type_support.c.o\x1b[0m\n'}
[5.703037] (assignment2_custom_msgs_srvs) StdoutLine: {'line': b'[ 59%] \x1b[32mBuilding C object CMakeFiles/assignment2_custom_msgs_srvs__rosidl_typesupport_introspection_c.dir/rosidl_typesupport_introspection_c/assignment2_custom_msgs_srvs/msg/detail/obstacle__type_support.c.o\x1b[0m\n'}
[5.717296] (-) TimerEvent: {}
[5.747797] (assignment2_custom_msgs_srvs) StdoutLine: {'line': b'[ 61%] \x1b[32mBuilding CXX object CMakeFiles/assignment2_custom_msgs_srvs__rosidl_typesupport_fastrtps_cpp.dir/rosidl_typesupport_fastrtps_cpp/assignment2_custom_msgs_srvs/msg/detail/dds_fastrtps/obstacle__type_support.cpp.o\x1b[0m\n'}
[5.754036] (assignment2_custom_msgs_srvs) StdoutLine: {'line': b'[ 64%] \x1b[32mBuilding CXX object CMakeFiles/assignment2_custom_msgs_srvs__rosidl_typesupport_fastrtps_cpp.dir/rosidl_typesupport_fastrtps_cpp/assignment2_custom_msgs_srvs/srv/detail/dds_fastrtps/average_velocities__type_support.cpp.o\x1b[0m\n'}
[5.754459] (assignment2_custom_msgs_srvs) StdoutLine: {'line': b'[ 64%] \x1b[32mBuilding CXX object CMakeFiles/assignment2_custom_msgs_srvs__rosidl_typesupport_fastrtps_cpp.dir/rosidl_typesupport_fastrtps_cpp/assignment2_custom_msgs_srvs/srv/detail/dds_fastrtps/change_threshold__type_support.cpp.o\x1b[0m\n'}
[5.812205] (assignment2_custom_msgs_srvs) StdoutLine: {'line': b'[ 66%] \x1b[32m\x1b[1mLinking C shared library libassignment2_custom_msgs_srvs__rosidl_typesupport_introspection_c.so\x1b[0m\n'}
[5.817446] (-) TimerEvent: {}
[5.887093] (assignment2_custom_msgs_srvs) StdoutLine: {'line': b'[ 66%] Built target assignment2_custom_msgs_srvs__rosidl_typesupport_introspection_c\n'}
[5.890759] (assignment2_custom_msgs_srvs) StdoutLine: {'line': b'[ 68%] \x1b[32mBuilding CXX object CMakeFiles/assignment2_custom_msgs_srvs__rosidl_typesupport_fastrtps_c.dir/rosidl_typesupport_fastrtps_c/assignment2_custom_msgs_srvs/srv/detail/change_threshold__type_support_c.cpp.o\x1b[0m\n'}
[5.891124] (assignment2_custom_msgs_srvs) StdoutLine: {'line': b'[ 70%] \x1b[32mBuilding CXX object CMakeFiles/assignment2_custom_msgs_srvs__rosidl_typesupport_fastrtps_c.dir/rosidl_typesupport_fastrtps_c/assignment2_custom_msgs_srvs/srv/detail/average_velocities__type_support_c.cpp.o\x1b[0m\n'}
[5.892009] (assignment2_custom_msgs_srvs) StdoutLine: {'line': b'[ 72%] \x1b[32mBuilding CXX object CMakeFiles/assignment2_custom_msgs_srvs__rosidl_typesupport_fastrtps_c.dir/rosidl_typesupport_fastrtps_c/assignment2_custom_msgs_srvs/msg/detail/obstacle__type_support_c.cpp.o\x1b[0m\n'}
[5.917588] (-) TimerEvent: {}
[6.021397] (-) TimerEvent: {}
[6.121982] (-) TimerEvent: {}
[6.222392] (-) TimerEvent: {}
[6.322866] (-) TimerEvent: {}
[6.423518] (-) TimerEvent: {}
[6.453104] (assignment2_custom_msgs_srvs) StdoutLine: {'line': b'[ 74%] \x1b[32m\x1b[1mLinking CXX shared library libassignment2_custom_msgs_srvs__rosidl_typesupport_cpp.so\x1b[0m\n'}
[6.523730] (-) TimerEvent: {}
[6.597950] (assignment2_custom_msgs_srvs) StdoutLine: {'line': b'[ 74%] Built target assignment2_custom_msgs_srvs__rosidl_typesupport_cpp\n'}
[6.602037] (assignment2_custom_msgs_srvs) StdoutLine: {'line': b'[ 75%] \x1b[32m\x1b[1mLinking CXX shared library libassignment2_custom_msgs_srvs__rosidl_typesupport_introspection_cpp.so\x1b[0m\n'}
[6.623904] (-) TimerEvent: {}
[6.674025] (assignment2_custom_msgs_srvs) StdoutLine: {'line': b'[ 77%] \x1b[32m\x1b[1mLinking CXX shared library libassignment2_custom_msgs_srvs__rosidl_typesupport_fastrtps_c.so\x1b[0m\n'}
[6.714477] (assignment2_custom_msgs_srvs) StdoutLine: {'line': b'[ 77%] Built target assignment2_custom_msgs_srvs__rosidl_typesupport_introspection_cpp\n'}
[6.724060] (-) TimerEvent: {}
[6.778982] (assignment2_custom_msgs_srvs) StdoutLine: {'line': b'[ 77%] Built target assignment2_custom_msgs_srvs__rosidl_typesupport_fastrtps_c\n'}
[6.824314] (-) TimerEvent: {}
[6.924631] (-) TimerEvent: {}
[6.962738] (assignment2_custom_msgs_srvs) StdoutLine: {'line': b'[ 79%] \x1b[32m\x1b[1mLinking CXX shared library libassignment2_custom_msgs_srvs__rosidl_typesupport_fastrtps_cpp.so\x1b[0m\n'}
[7.024799] (-) TimerEvent: {}
[7.041958] (assignment2_custom_msgs_srvs) StdoutLine: {'line': b'[ 79%] Built target assignment2_custom_msgs_srvs__rosidl_typesupport_fastrtps_cpp\n'}
[7.078906] (assignment2_custom_msgs_srvs) StdoutLine: {'line': b'[ 79%] Built target assignment2_custom_msgs_srvs\n'}
[7.113850] (assignment2_custom_msgs_srvs) StdoutLine: {'line': b'[ 81%] \x1b[34m\x1b[1mGenerating Python code for ROS interfaces\x1b[0m\n'}
[7.124947] (-) TimerEvent: {}
[7.225448] (-) TimerEvent: {}
[7.326051] (-) TimerEvent: {}
[7.426396] (-) TimerEvent: {}
[7.526781] (-) TimerEvent: {}
[7.627204] (-) TimerEvent: {}
[7.696070] (assignment2_custom_msgs_srvs) StdoutLine: {'line': b'[ 81%] Built target assignment2_custom_msgs_srvs__py\n'}
[7.727349] (-) TimerEvent: {}
[7.730473] (assignment2_custom_msgs_srvs) StdoutLine: {'line': b'[ 83%] \x1b[32mBuilding C object CMakeFiles/assignment2_custom_msgs_srvs__rosidl_generator_py.dir/rosidl_generator_py/assignment2_custom_msgs_srvs/msg/_obstacle_s.c.o\x1b[0m\n'}
[7.731459] (assignment2_custom_msgs_srvs) StdoutLine: {'line': b'[ 85%] \x1b[32mBuilding C object CMakeFiles/assignment2_custom_msgs_srvs__rosidl_generator_py.dir/rosidl_generator_py/assignment2_custom_msgs_srvs/srv/_change_threshold_s.c.o\x1b[0m\n'}
[7.734692] (assignment2_custom_msgs_srvs) StdoutLine: {'line': b'[ 87%] \x1b[32mBuilding C object CMakeFiles/assignment2_custom_msgs_srvs__rosidl_generator_py.dir/rosidl_generator_py/assignment2_custom_msgs_srvs/srv/_average_velocities_s.c.o\x1b[0m\n'}
[7.827467] (-) TimerEvent: {}
[7.927861] (-) TimerEvent: {}
[7.936963] (assignment2_custom_msgs_srvs) StdoutLine: {'line': b'[ 88%] \x1b[32m\x1b[1mLinking C shared library libassignment2_custom_msgs_srvs__rosidl_generator_py.so\x1b[0m\n'}
[8.010808] (assignment2_custom_msgs_srvs) StdoutLine: {'line': b'[ 88%] Built target assignment2_custom_msgs_srvs__rosidl_generator_py\n'}
[8.028051] (-) TimerEvent: {}
[8.043839] (assignment2_custom_msgs_srvs) StdoutLine: {'line': b'[ 90%] \x1b[32mBuilding C object CMakeFiles/assignment2_custom_msgs_srvs_s__rosidl_typesupport_fastrtps_c.dir/rosidl_generator_py/assignment2_custom_msgs_srvs/_assignment2_custom_msgs_srvs_s.ep.rosidl_typesupport_fastrtps_c.c.o\x1b[0m\n'}
[8.048650] (assignment2_custom_msgs_srvs) StdoutLine: {'line': b'[ 92%] \x1b[32mBuilding C object CMakeFiles/assignment2_custom_msgs_srvs_s__rosidl_typesupport_introspection_c.dir/rosidl_generator_py/assignment2_custom_msgs_srvs/_assignment2_custom_msgs_srvs_s.ep.rosidl_typesupport_introspection_c.c.o\x1b[0m\n'}
[8.049652] (assignment2_custom_msgs_srvs) StdoutLine: {'line': b'[ 94%] \x1b[32mBuilding C object CMakeFiles/assignment2_custom_msgs_srvs_s__rosidl_typesupport_c.dir/rosidl_generator_py/assignment2_custom_msgs_srvs/_assignment2_custom_msgs_srvs_s.ep.rosidl_typesupport_c.c.o\x1b[0m\n'}
[8.128184] (-) TimerEvent: {}
[8.203185] (assignment2_custom_msgs_srvs) StdoutLine: {'line': b'[ 96%] \x1b[32m\x1b[1mLinking C shared module rosidl_generator_py/assignment2_custom_msgs_srvs/assignment2_custom_msgs_srvs_s__rosidl_typesupport_c.so\x1b[0m\n'}
[8.204399] (assignment2_custom_msgs_srvs) StdoutLine: {'line': b'[ 98%] \x1b[32m\x1b[1mLinking C shared module rosidl_generator_py/assignment2_custom_msgs_srvs/assignment2_custom_msgs_srvs_s__rosidl_typesupport_fastrtps_c.so\x1b[0m\n'}
[8.208835] (assignment2_custom_msgs_srvs) StdoutLine: {'line': b'[100%] \x1b[32m\x1b[1mLinking C shared module rosidl_generator_py/assignment2_custom_msgs_srvs/assignment2_custom_msgs_srvs_s__rosidl_typesupport_introspection_c.so\x1b[0m\n'}
[8.228343] (-) TimerEvent: {}
[8.255048] (assignment2_custom_msgs_srvs) StdoutLine: {'line': b'[100%] Built target assignment2_custom_msgs_srvs_s__rosidl_typesupport_fastrtps_c\n'}
[8.258587] (assignment2_custom_msgs_srvs) StdoutLine: {'line': b'[100%] Built target assignment2_custom_msgs_srvs_s__rosidl_typesupport_c\n'}
[8.261909] (assignment2_custom_msgs_srvs) StdoutLine: {'line': b'[100%] Built target assignment2_custom_msgs_srvs_s__rosidl_typesupport_introspection_c\n'}
[8.279364] (assignment2_custom_msgs_srvs) CommandEnded: {'returncode': 0}
[8.280516] (assignment2_custom_msgs_srvs) JobProgress: {'identifier': 'assignment2_custom_msgs_srvs', 'progress': 'install'}
[8.296615] (assignment2_custom_msgs_srvs) Command: {'cmd': ['/usr/bin/cmake', '--install', '/home/basmala/ros2_ws/build/assignment2_custom_msgs_srvs'], 'cwd': '/home/basmala/ros2_ws/build/assignment2_custom_msgs_srvs', 'env': OrderedDict({'GJS_DEBUG_TOPICS': 'JS ERROR;JS LOG', 'LESSOPEN': '| /usr/bin/lesspipe %s', 'GZ_SIM_RESOURCE_PATH': '/opt/ros/jazzy/share', 'USER': 'basmala', 'LC_TIME': 'ar_EG.UTF-8', 'GZ_CONFIG_PATH': '/opt/ros/jazzy/opt/gz_sim_vendor/share/gz:/opt/ros/jazzy/opt/sdformat_vendor/share/gz:/opt/ros/jazzy/opt/gz_gui_vendor/share/gz:/opt/ros/jazzy/opt/gz_transport_vendor/share/gz:/opt/ros/jazzy/opt/gz_rendering_vendor/share/gz:/opt/ros/jazzy/opt/gz_plugin_vendor/share/gz:/opt/ros/jazzy/opt/gz_fuel_tools_vendor/share/gz:/opt/ros/jazzy/opt/gz_msgs_vendor/share/gz:/opt/ros/jazzy/opt/gz_common_vendor/share/gz', 'XDG_SESSION_TYPE': 'wayland', 'GIT_ASKPASS': '/usr/share/antigravity/resources/app/extensions/git/dist/askpass.sh', 'CLUTTER_DISABLE_MIPMAPPED_TEXT': '1', 'SHLVL': '1', 'LD_LIBRARY_PATH': '/home/basmala/ros2_ws/install/turtlesim_custom_msgs/lib:/home/basmala/ros2_ws/install/mecanum_drive_controller/lib:/opt/ros/jazzy/opt/gz_sim_vendor/lib:/opt/ros/jazzy/opt/gz_sensors_vendor/lib:/opt/ros/jazzy/opt/gz_physics_vendor/lib:/opt/ros/jazzy/opt/sdformat_vendor/lib:/opt/ros/jazzy/opt/rviz_ogre_vendor/lib:/opt/ros/jazzy/lib/x86_64-linux-gnu:/opt/ros/jazzy/opt/gz_gui_vendor/lib:/opt/ros/jazzy/opt/gz_transport_vendor/lib:/opt/ros/jazzy/opt/gz_rendering_vendor/lib:/opt/ros/jazzy/opt/gz_plugin_vendor/lib:/opt/ros/jazzy/opt/gz_fuel_tools_vendor/lib:/opt/ros/jazzy/opt/gz_msgs_vendor/lib:/opt/ros/jazzy/opt/gz_common_vendor/lib:/opt/ros/jazzy/opt/gz_math_vendor/lib:/opt/ros/jazzy/opt/gz_utils_vendor/lib:/opt/ros/jazzy/opt/gz_tools_vendor/lib:/opt/ros/jazzy/opt/gz_ogre_next_vendor/lib:/opt/ros/jazzy/opt/gz_dartsim_vendor/lib:/opt/ros/jazzy/opt/gz_cmake_vendor/lib:/opt/ros/jazzy/lib', 'ANTIGRAVITY_CLI_ALIAS': 'agy', 'HOME': '/home/basmala', 'CHROME_DESKTOP': 'antigravity.desktop', 'TERM_PROGRAM_VERSION': '1.104.0', 'DESKTOP_SESSION': 'ubuntu', 'GIO_LAUNCHED_DESKTOP_FILE': '/usr/share/applications/antigravity.desktop', 'ROS_PYTHON_VERSION': '3', 'GNOME_SHELL_SESSION_MODE': 'ubuntu', 'GTK_MODULES': 'gail:atk-bridge', 'PAGER': 'cat', 'VSCODE_GIT_ASKPASS_MAIN': '/usr/share/antigravity/resources/app/extensions/git/dist/askpass-main.js', 'LC_MONETARY': 'ar_EG.UTF-8', 'VSCODE_GIT_ASKPASS_NODE': '/usr/share/antigravity/antigravity', 'MANAGERPID': '3058', 'SYSTEMD_EXEC_PID': '3347', 'IM_CONFIG_CHECK_ENV': '1', 'VSCODE_PYTHON_AUTOACTIVATE_GUARD': '1', 'GSM_SKIP_SSH_AGENT_WORKAROUND': 'true', 'DBUS_SESSION_BUS_ADDRESS': 'unix:path=/run/user/1000/bus', 'COLORTERM': 'truecolor', 'ANTIGRAVITY_AGENT': '1', 'GIO_LAUNCHED_DESKTOP_FILE_PID': '44251', 'DEBUGINFOD_URLS': 'https://debuginfod.ubuntu.com', 'IM_CONFIG_PHASE': '1', 'WAYLAND_DISPLAY': 'wayland-0', 'COLCON_PREFIX_PATH': '/home/basmala/ros2_ws/install:/home/basmala/ros2_ws/src/install', 'ROS_DISTRO': 'jazzy', 'LOGNAME': 'basmala', 'JOURNAL_STREAM': '8:33800', '_': '/usr/bin/colcon', 'ROS_VERSION': '2', 'MEMORY_PRESSURE_WATCH': '/sys/fs/cgroup/user.slice/user-1000.slice/user@1000.service/session.slice/org.gnome.Shell@wayland.service/memory.pressure', 'XDG_SESSION_CLASS': 'user', 'USERNAME': 'basmala', 'TERM': 'xterm-256color', 'GNOME_DESKTOP_SESSION_ID': 'this-is-deprecated', 'PATH': '/home/basmala/.local/bin:/opt/ros/jazzy/opt/gz_msgs_vendor/bin:/opt/ros/jazzy/opt/gz_tools_vendor/bin:/opt/ros/jazzy/opt/gz_ogre_next_vendor/bin:/opt/ros/jazzy/bin:/home/basmala/.local/bin:/usr/local/sbin:/usr/local/bin:/usr/sbin:/usr/bin:/sbin:/bin:/usr/games:/usr/local/games:/snap/bin:/snap/bin', 'SESSION_MANAGER': 'local/basmala-Victus-by-HP-Laptop-16-d1xxx:@/tmp/.ICE-unix/3277,unix/basmala-Victus-by-HP-Laptop-16-d1xxx:/tmp/.ICE-unix/3277', 'INVOCATION_ID': '42de1c5e3d4a4938a8c517d6fa5cf746', 'XDG_MENU_PREFIX': 'gnome-', 'LC_ADDRESS': 'ar_EG.UTF-8', 'GNOME_SETUP_DISPLAY': ':1', 'XDG_RUNTIME_DIR': '/run/user/1000', 'GDK_BACKEND': 'x11', 'DISPLAY': ':0', 'LANG': 'en_US.UTF-8', 'XDG_CURRENT_DESKTOP': 'Unity', 'LC_TELEPHONE': 'ar_EG.UTF-8', 'XMODIFIERS': '@im=ibus', 'XDG_SESSION_DESKTOP': 'ubuntu', 'XAUTHORITY': '/run/user/1000/.mutter-Xwaylandauth.MXS2J3', 'LS_COLORS': 'rs=0:di=01;34:ln=01;36:mh=00:pi=40;33:so=01;35:do=01;35:bd=40;33;01:cd=40;33;01:or=40;31;01:mi=00:su=37;41:sg=30;43:ca=00:tw=30;42:ow=34;42:st=37;44:ex=01;32:*.tar=01;31:*.tgz=01;31:*.arc=01;31:*.arj=01;31:*.taz=01;31:*.lha=01;31:*.lz4=01;31:*.lzh=01;31:*.lzma=01;31:*.tlz=01;31:*.txz=01;31:*.tzo=01;31:*.t7z=01;31:*.zip=01;31:*.z=01;31:*.dz=01;31:*.gz=01;31:*.lrz=01;31:*.lz=01;31:*.lzo=01;31:*.xz=01;31:*.zst=01;31:*.tzst=01;31:*.bz2=01;31:*.bz=01;31:*.tbz=01;31:*.tbz2=01;31:*.tz=01;31:*.deb=01;31:*.rpm=01;31:*.jar=01;31:*.war=01;31:*.ear=01;31:*.sar=01;31:*.rar=01;31:*.alz=01;31:*.ace=01;31:*.zoo=01;31:*.cpio=01;31:*.7z=01;31:*.rz=01;31:*.cab=01;31:*.wim=01;31:*.swm=01;31:*.dwm=01;31:*.esd=01;31:*.avif=01;35:*.jpg=01;35:*.jpeg=01;35:*.mjpg=01;35:*.mjpeg=01;35:*.gif=01;35:*.bmp=01;35:*.pbm=01;35:*.pgm=01;35:*.ppm=01;35:*.tga=01;35:*.xbm=01;35:*.xpm=01;35:*.tif=01;35:*.tiff=01;35:*.png=01;35:*.svg=01;35:*.svgz=01;35:*.mng=01;35:*.pcx=01;35:*.mov=01;35:*.mpg=01;35:*.mpeg=01;35:*.m2v=01;35:*.mkv=01;35:*.webm=01;35:*.webp=01;35:*.ogm=01;35:*.mp4=01;35:*.m4v=01;35:*.mp4v=01;35:*.vob=01;35:*.qt=01;35:*.nuv=01;35:*.wmv=01;35:*.asf=01;35:*.rm=01;35:*.rmvb=01;35:*.flc=01;35:*.avi=01;35:*.fli=01;35:*.flv=01;35:*.gl=01;35:*.dl=01;35:*.xcf=01;35:*.xwd=01;35:*.yuv=01;35:*.cgm=01;35:*.emf=01;35:*.ogv=01;35:*.ogx=01;35:*.aac=00;36:*.au=00;36:*.flac=00;36:*.m4a=00;36:*.mid=00;36:*.midi=00;36:*.mka=00;36:*.mp3=00;36:*.mpc=00;36:*.ogg=00;36:*.ra=00;36:*.wav=00;36:*.oga=00;36:*.opus=00;36:*.spx=00;36:*.xspf=00;36:*~=00;90:*#=00;90:*.bak=00;90:*.crdownload=00;90:*.dpkg-dist=00;90:*.dpkg-new=00;90:*.dpkg-old=00;90:*.dpkg-tmp=00;90:*.old=00;90:*.orig=00;90:*.part=00;90:*.rej=00;90:*.rpmnew=00;90:*.rpmorig=00;90:*.rpmsave=00;90:*.swp=00;90:*.tmp=00;90:*.ucf-dist=00;90:*.ucf-new=00;90:*.ucf-old=00;90:', 'SBX_CHROME_API_RQ': '1', 'VSCODE_GIT_IPC_HANDLE': '/run/user/1000/vscode-git-a6e8c44245.sock', 'TERM_PROGRAM': 'vscode', 'SSH_AUTH_SOCK': '/run/user/1000/keyring/ssh', 'AMENT_PREFIX_PATH': '/home/basmala/ros2_ws/install/yahboom_rosmaster:/home/basmala/ros2_ws/install/yahboom_rosmaster_system_tests:/home/basmala/ros2_ws/install/yahboom_rosmaster_gazebo:/home/basmala/ros2_ws/install/yahboom_rosmaster_description:/home/basmala/ros2_ws/install/yahboom_rosmaster_bringup:/home/basmala/ros2_ws/install/turtlesim_controller:/home/basmala/ros2_ws/install/turtlesim_custom_msgs:/home/basmala/ros2_ws/install/mecanum_drive_controller:/home/basmala/ros2_ws/install/first_package_python:/home/basmala/ros2_ws/install/first_package_cpp:/home/basmala/ros2_ws/install/bme_gazebo_sensors:/home/basmala/ros2_ws/install/assignment1_rt:/opt/ros/jazzy', 'ORIGINAL_XDG_CURRENT_DESKTOP': 'ubuntu:GNOME', 'SHELL': '/bin/bash', 'LC_NAME': 'ar_EG.UTF-8', 'QT_ACCESSIBILITY': '1', 'GDMSESSION': 'ubuntu', 'LESSCLOSE': '/usr/bin/lesspipe %s %s', 'LC_MEASUREMENT': 'ar_EG.UTF-8', 'GJS_DEBUG_OUTPUT': 'stderr', 'LC_IDENTIFICATION': 'ar_EG.UTF-8', 'ROS_AUTOMATIC_DISCOVERY_RANGE': 'SUBNET', 'VSCODE_GIT_ASKPASS_EXTRA_ARGS': '', 'QT_IM_MODULE': 'ibus', 'PWD': '/home/basmala/ros2_ws/build/assignment2_custom_msgs_srvs', 'XDG_CONFIG_DIRS': '/etc/xdg/xdg-ubuntu:/etc/xdg', 'XDG_DATA_DIRS': '/usr/share/ubuntu:/usr/share/gnome:/usr/local/share/:/usr/share/:/var/lib/snapd/desktop', 'PYTHONPATH': '/home/basmala/ros2_ws/install/turtlesim_custom_msgs/lib/python3.12/site-packages:/home/basmala/ros2_ws/install/first_package_python/lib/python3.12/site-packages:/opt/ros/jazzy/lib/python3.12/site-packages', 'LC_NUMERIC': 'ar_EG.UTF-8', 'LC_PAPER': 'ar_EG.UTF-8', 'COLCON': '1', 'MEMORY_PRESSURE_WRITE': 'c29tZSAyMDAwMDAgMjAwMDAwMAA=', 'CMAKE_PREFIX_PATH': '/home/basmala/ros2_ws/install/yahboom_rosmaster:/home/basmala/ros2_ws/install/yahboom_rosmaster_system_tests:/home/basmala/ros2_ws/install/yahboom_rosmaster_gazebo:/home/basmala/ros2_ws/install/yahboom_rosmaster_description:/home/basmala/ros2_ws/install/yahboom_rosmaster_bringup:/home/basmala/ros2_ws/install/turtlesim_controller:/home/basmala/ros2_ws/install/turtlesim_custom_msgs:/home/basmala/ros2_ws/install/mecanum_drive_controller:/home/basmala/ros2_ws/install/first_package_cpp:/home/basmala/ros2_ws/install/bme_gazebo_sensors:/home/basmala/ros2_ws/install/assignment1_rt:/opt/ros/jazzy/opt/gz_sim_vendor:/opt/ros/jazzy/opt/gz_sensors_vendor:/opt/ros/jazzy/opt/gz_physics_vendor:/opt/ros/jazzy/opt/sdformat_vendor:/opt/ros/jazzy/opt/gz_gui_vendor:/opt/ros/jazzy/opt/gz_transport_vendor:/opt/ros/jazzy/opt/gz_rendering_vendor:/opt/ros/jazzy/opt/gz_plugin_vendor:/opt/ros/jazzy/opt/gz_fuel_tools_vendor:/opt/ros/jazzy/opt/gz_msgs_vendor:/opt/ros/jazzy/opt/gz_common_vendor:/opt/ros/jazzy/opt/gz_math_vendor:/opt/ros/jazzy/opt/gz_utils_vendor:/opt/ros/jazzy/opt/gz_tools_vendor:/opt/ros/jazzy/opt/gz_ogre_next_vendor:/opt/ros/jazzy/opt/gz_dartsim_vendor:/opt/ros/jazzy/opt/gz_cmake_vendor:/home/basmala/ros2_ws/install/first_package_python:/opt/ros/jazzy'}), 'shell': False}
[8.311574] (assignment2_custom_msgs_srvs) StdoutLine: {'line': b'-- Install configuration: ""\n'}
[8.311931] (assignment2_custom_msgs_srvs) StdoutLine: {'line': b'-- Installing: /home/basmala/ros2_ws/install/assignment2_custom_msgs_srvs/share/ament_index/resource_index/rosidl_interfaces/assignment2_custom_msgs_srvs\n'}
[8.312031] (assignment2_custom_msgs_srvs) StdoutLine: {'line': b'-- Installing: /home/basmala/ros2_ws/install/assignment2_custom_msgs_srvs/share/assignment2_custom_msgs_srvs/msg/Obstacle.json\n'}
[8.312132] (assignment2_custom_msgs_srvs) StdoutLine: {'line': b'-- Installing: /home/basmala/ros2_ws/install/assignment2_custom_msgs_srvs/share/assignment2_custom_msgs_srvs/srv/AverageVelocities.json\n'}
[8.312354] (assignment2_custom_msgs_srvs) StdoutLine: {'line': b'-- Installing: /home/basmala/ros2_ws/install/assignment2_custom_msgs_srvs/share/assignment2_custom_msgs_srvs/srv/ChangeThreshold.json\n'}
[8.312470] (assignment2_custom_msgs_srvs) StdoutLine: {'line': b'-- Installing: /home/basmala/ros2_ws/install/assignment2_custom_msgs_srvs/include/assignment2_custom_msgs_srvs/assignment2_custom_msgs_srvs\n'}
[8.312653] (assignment2_custom_msgs_srvs) StdoutLine: {'line': b'-- Installing: /home/basmala/ros2_ws/install/assignment2_custom_msgs_srvs/include/assignment2_custom_msgs_srvs/assignment2_custom_msgs_srvs/srv\n'}
[8.312751] (assignment2_custom_msgs_srvs) StdoutLine: {'line': b'-- Installing: /home/basmala/ros2_ws/install/assignment2_custom_msgs_srvs/include/assignment2_custom_msgs_srvs/assignment2_custom_msgs_srvs/srv/detail\n'}
[8.312851] (assignment2_custom_msgs_srvs) StdoutLine: {'line': b'-- Installing: /home/basmala/ros2_ws/install/assignment2_custom_msgs_srvs/include/assignment2_custom_msgs_srvs/assignment2_custom_msgs_srvs/srv/detail/average_velocities__struct.h\n'}
[8.313035] (assignment2_custom_msgs_srvs) StdoutLine: {'line': b'-- Installing: /home/basmala/ros2_ws/install/assignment2_custom_msgs_srvs/include/assignment2_custom_msgs_srvs/assignment2_custom_msgs_srvs/srv/detail/average_velocities__type_support.h\n'}
[8.313136] (assignment2_custom_msgs_srvs) StdoutLine: {'line': b'-- Installing: /home/basmala/ros2_ws/install/assignment2_custom_msgs_srvs/include/assignment2_custom_msgs_srvs/assignment2_custom_msgs_srvs/srv/detail/change_threshold__functions.h\n'}
[8.313235] (assignment2_custom_msgs_srvs) StdoutLine: {'line': b'-- Installing: /home/basmala/ros2_ws/install/assignment2_custom_msgs_srvs/include/assignment2_custom_msgs_srvs/assignment2_custom_msgs_srvs/srv/detail/change_threshold__type_support.h\n'}
[8.313613] (assignment2_custom_msgs_srvs) StdoutLine: {'line': b'-- Installing: /home/basmala/ros2_ws/install/assignment2_custom_msgs_srvs/include/assignment2_custom_msgs_srvs/assignment2_custom_msgs_srvs/srv/detail/average_velocities__functions.c\n'}
[8.314143] (assignment2_custom_msgs_srvs) StdoutLine: {'line': b'-- Installing: /home/basmala/ros2_ws/install/assignment2_custom_msgs_srvs/include/assignment2_custom_msgs_srvs/assignment2_custom_msgs_srvs/srv/detail/change_threshold__description.c\n'}
[8.314437] (assignment2_custom_msgs_srvs) StdoutLine: {'line': b'-- Installing: /home/basmala/ros2_ws/install/assignment2_custom_msgs_srvs/include/assignment2_custom_msgs_srvs/assignment2_custom_msgs_srvs/srv/detail/change_threshold__type_support.c\n'}
[8.314677] (assignment2_custom_msgs_srvs) StdoutLine: {'line': b'-- Installing: /home/basmala/ros2_ws/install/assignment2_custom_msgs_srvs/include/assignment2_custom_msgs_srvs/assignment2_custom_msgs_srvs/srv/detail/average_velocities__functions.h\n'}
[8.314883] (assignment2_custom_msgs_srvs) StdoutLine: {'line': b'-- Installing: /home/basmala/ros2_ws/install/assignment2_custom_msgs_srvs/include/assignment2_custom_msgs_srvs/assignment2_custom_msgs_srvs/srv/detail/change_threshold__struct.h\n'}
[8.315088] (assignment2_custom_msgs_srvs) StdoutLine: {'line': b'-- Installing: /home/basmala/ros2_ws/install/assignment2_custom_msgs_srvs/include/assignment2_custom_msgs_srvs/assignment2_custom_msgs_srvs/srv/detail/average_velocities__description.c\n'}
[8.315301] (assignment2_custom_msgs_srvs) StdoutLine: {'line': b'-- Installing: /home/basmala/ros2_ws/install/assignment2_custom_msgs_srvs/include/assignment2_custom_msgs_srvs/assignment2_custom_msgs_srvs/srv/detail/change_threshold__functions.c\n'}
[8.315486] (assignment2_custom_msgs_srvs) StdoutLine: {'line': b'-- Installing: /home/basmala/ros2_ws/install/assignment2_custom_msgs_srvs/include/assignment2_custom_msgs_srvs/assignment2_custom_msgs_srvs/srv/detail/average_velocities__type_support.c\n'}
[8.315751] (assignment2_custom_msgs_srvs) StdoutLine: {'line': b'-- Installing: /home/basmala/ros2_ws/install/assignment2_custom_msgs_srvs/include/assignment2_custom_msgs_srvs/assignment2_custom_msgs_srvs/srv/average_velocities.h\n'}
[8.316016] (assignment2_custom_msgs_srvs) StdoutLine: {'line': b'-- Installing: /home/basmala/ros2_ws/install/assignment2_custom_msgs_srvs/include/assignment2_custom_msgs_srvs/assignment2_custom_msgs_srvs/srv/change_threshold.h\n'}
[8.316244] (assignment2_custom_msgs_srvs) StdoutLine: {'line': b'-- Installing: /home/basmala/ros2_ws/install/assignment2_custom_msgs_srvs/include/assignment2_custom_msgs_srvs/assignment2_custom_msgs_srvs/msg\n'}
[8.316443] (assignment2_custom_msgs_srvs) StdoutLine: {'line': b'-- Installing: /home/basmala/ros2_ws/install/assignment2_custom_msgs_srvs/include/assignment2_custom_msgs_srvs/assignment2_custom_msgs_srvs/msg/detail\n'}
[8.316670] (assignment2_custom_msgs_srvs) StdoutLine: {'line': b'-- Installing: /home/basmala/ros2_ws/install/assignment2_custom_msgs_srvs/include/assignment2_custom_msgs_srvs/assignment2_custom_msgs_srvs/msg/detail/obstacle__type_support.h\n'}
[8.316900] (assignment2_custom_msgs_srvs) StdoutLine: {'line': b'-- Installing: /home/basmala/ros2_ws/install/assignment2_custom_msgs_srvs/include/assignment2_custom_msgs_srvs/assignment2_custom_msgs_srvs/msg/detail/obstacle__type_support.c\n'}
[8.317155] (assignment2_custom_msgs_srvs) StdoutLine: {'line': b'-- Installing: /home/basmala/ros2_ws/install/assignment2_custom_msgs_srvs/include/assignment2_custom_msgs_srvs/assignment2_custom_msgs_srvs/msg/detail/obstacle__functions.h\n'}
[8.317390] (assignment2_custom_msgs_srvs) StdoutLine: {'line': b'-- Installing: /home/basmala/ros2_ws/install/assignment2_custom_msgs_srvs/include/assignment2_custom_msgs_srvs/assignment2_custom_msgs_srvs/msg/detail/obstacle__description.c\n'}
[8.317727] (assignment2_custom_msgs_srvs) StdoutLine: {'line': b'-- Installing: /home/basmala/ros2_ws/install/assignment2_custom_msgs_srvs/include/assignment2_custom_msgs_srvs/assignment2_custom_msgs_srvs/msg/detail/obstacle__struct.h\n'}
[8.317876] (assignment2_custom_msgs_srvs) StdoutLine: {'line': b'-- Installing: /home/basmala/ros2_ws/install/assignment2_custom_msgs_srvs/include/assignment2_custom_msgs_srvs/assignment2_custom_msgs_srvs/msg/detail/obstacle__functions.c\n'}
[8.317973] (assignment2_custom_msgs_srvs) StdoutLine: {'line': b'-- Installing: /home/basmala/ros2_ws/install/assignment2_custom_msgs_srvs/include/assignment2_custom_msgs_srvs/assignment2_custom_msgs_srvs/msg/rosidl_generator_c__visibility_control.h\n'}
[8.318087] (assignment2_custom_msgs_srvs) StdoutLine: {'line': b'-- Installing: /home/basmala/ros2_ws/install/assignment2_custom_msgs_srvs/include/assignment2_custom_msgs_srvs/assignment2_custom_msgs_srvs/msg/obstacle.h\n'}
[8.318225] (assignment2_custom_msgs_srvs) StdoutLine: {'line': b'-- Installing: /home/basmala/ros2_ws/install/assignment2_custom_msgs_srvs/share/assignment2_custom_msgs_srvs/environment/library_path.sh\n'}
[8.318365] (assignment2_custom_msgs_srvs) StdoutLine: {'line': b'-- Installing: /home/basmala/ros2_ws/install/assignment2_custom_msgs_srvs/share/assignment2_custom_msgs_srvs/environment/library_path.dsv\n'}
[8.318492] (assignment2_custom_msgs_srvs) StdoutLine: {'line': b'-- Installing: /home/basmala/ros2_ws/install/assignment2_custom_msgs_srvs/lib/libassignment2_custom_msgs_srvs__rosidl_generator_c.so\n'}
[8.318695] (assignment2_custom_msgs_srvs) StdoutLine: {'line': b'-- Set non-toolchain portion of runtime path of "/home/basmala/ros2_ws/install/assignment2_custom_msgs_srvs/lib/libassignment2_custom_msgs_srvs__rosidl_generator_c.so" to ""\n'}
[8.318805] (assignment2_custom_msgs_srvs) StdoutLine: {'line': b'-- Up-to-date: /home/basmala/ros2_ws/install/assignment2_custom_msgs_srvs/include/assignment2_custom_msgs_srvs/assignment2_custom_msgs_srvs\n'}
[8.318919] (assignment2_custom_msgs_srvs) StdoutLine: {'line': b'-- Up-to-date: /home/basmala/ros2_ws/install/assignment2_custom_msgs_srvs/include/assignment2_custom_msgs_srvs/assignment2_custom_msgs_srvs/srv\n'}
[8.319034] (assignment2_custom_msgs_srvs) StdoutLine: {'line': b'-- Up-to-date: /home/basmala/ros2_ws/install/assignment2_custom_msgs_srvs/include/assignment2_custom_msgs_srvs/assignment2_custom_msgs_srvs/srv/detail\n'}
[8.319162] (assignment2_custom_msgs_srvs) StdoutLine: {'line': b'-- Installing: /home/basmala/ros2_ws/install/assignment2_custom_msgs_srvs/include/assignment2_custom_msgs_srvs/assignment2_custom_msgs_srvs/srv/detail/change_threshold__rosidl_typesupport_fastrtps_c.h\n'}
[8.319315] (assignment2_custom_msgs_srvs) StdoutLine: {'line': b'-- Installing: /home/basmala/ros2_ws/install/assignment2_custom_msgs_srvs/include/assignment2_custom_msgs_srvs/assignment2_custom_msgs_srvs/srv/detail/average_velocities__rosidl_typesupport_fastrtps_c.h\n'}
[8.319462] (assignment2_custom_msgs_srvs) StdoutLine: {'line': b'-- Up-to-date: /home/basmala/ros2_ws/install/assignment2_custom_msgs_srvs/include/assignment2_custom_msgs_srvs/assignment2_custom_msgs_srvs/msg\n'}
[8.319576] (assignment2_custom_msgs_srvs) StdoutLine: {'line': b'-- Up-to-date: /home/basmala/ros2_ws/install/assignment2_custom_msgs_srvs/include/assignment2_custom_msgs_srvs/assignment2_custom_msgs_srvs/msg/detail\n'}
[8.319686] (assignment2_custom_msgs_srvs) StdoutLine: {'line': b'-- Installing: /home/basmala/ros2_ws/install/assignment2_custom_msgs_srvs/include/assignment2_custom_msgs_srvs/assignment2_custom_msgs_srvs/msg/detail/obstacle__rosidl_typesupport_fastrtps_c.h\n'}
[8.319805] (assignment2_custom_msgs_srvs) StdoutLine: {'line': b'-- Installing: /home/basmala/ros2_ws/install/assignment2_custom_msgs_srvs/include/assignment2_custom_msgs_srvs/assignment2_custom_msgs_srvs/msg/rosidl_typesupport_fastrtps_c__visibility_control.h\n'}
[8.319938] (assignment2_custom_msgs_srvs) StdoutLine: {'line': b'-- Installing: /home/basmala/ros2_ws/install/assignment2_custom_msgs_srvs/lib/libassignment2_custom_msgs_srvs__rosidl_typesupport_fastrtps_c.so\n'}
[8.320561] (assignment2_custom_msgs_srvs) StdoutLine: {'line': b'-- Set non-toolchain portion of runtime path of "/home/basmala/ros2_ws/install/assignment2_custom_msgs_srvs/lib/libassignment2_custom_msgs_srvs__rosidl_typesupport_fastrtps_c.so" to ""\n'}
[8.320742] (assignment2_custom_msgs_srvs) StdoutLine: {'line': b'-- Up-to-date: /home/basmala/ros2_ws/install/assignment2_custom_msgs_srvs/include/assignment2_custom_msgs_srvs/assignment2_custom_msgs_srvs\n'}
[8.320879] (assignment2_custom_msgs_srvs) StdoutLine: {'line': b'-- Up-to-date: /home/basmala/ros2_ws/install/assignment2_custom_msgs_srvs/include/assignment2_custom_msgs_srvs/assignment2_custom_msgs_srvs/srv\n'}
[8.321017] (assignment2_custom_msgs_srvs) StdoutLine: {'line': b'-- Up-to-date: /home/basmala/ros2_ws/install/assignment2_custom_msgs_srvs/include/assignment2_custom_msgs_srvs/assignment2_custom_msgs_srvs/srv/detail\n'}
[8.321149] (assignment2_custom_msgs_srvs) StdoutLine: {'line': b'-- Installing: /home/basmala/ros2_ws/install/assignment2_custom_msgs_srvs/include/assignment2_custom_msgs_srvs/assignment2_custom_msgs_srvs/srv/detail/change_threshold__rosidl_typesupport_introspection_c.h\n'}
[8.321295] (assignment2_custom_msgs_srvs) StdoutLine: {'line': b'-- Installing: /home/basmala/ros2_ws/install/assignment2_custom_msgs_srvs/include/assignment2_custom_msgs_srvs/assignment2_custom_msgs_srvs/srv/detail/change_threshold__type_support.c\n'}
[8.321893] (assignment2_custom_msgs_srvs) StdoutLine: {'line': b'-- Installing: /home/basmala/ros2_ws/install/assignment2_custom_msgs_srvs/include/assignment2_custom_msgs_srvs/assignment2_custom_msgs_srvs/srv/detail/average_velocities__rosidl_typesupport_introspection_c.h\n'}
[8.322022] (assignment2_custom_msgs_srvs) StdoutLine: {'line': b'-- Installing: /home/basmala/ros2_ws/install/assignment2_custom_msgs_srvs/include/assignment2_custom_msgs_srvs/assignment2_custom_msgs_srvs/srv/detail/average_velocities__type_support.c\n'}
[8.322121] (assignment2_custom_msgs_srvs) StdoutLine: {'line': b'-- Up-to-date: /home/basmala/ros2_ws/install/assignment2_custom_msgs_srvs/include/assignment2_custom_msgs_srvs/assignment2_custom_msgs_srvs/msg\n'}
[8.322211] (assignment2_custom_msgs_srvs) StdoutLine: {'line': b'-- Up-to-date: /home/basmala/ros2_ws/install/assignment2_custom_msgs_srvs/include/assignment2_custom_msgs_srvs/assignment2_custom_msgs_srvs/msg/detail\n'}
[8.322303] (assignment2_custom_msgs_srvs) StdoutLine: {'line': b'-- Installing: /home/basmala/ros2_ws/install/assignment2_custom_msgs_srvs/include/assignment2_custom_msgs_srvs/assignment2_custom_msgs_srvs/msg/detail/obstacle__rosidl_typesupport_introspection_c.h\n'}
[8.322394] (assignment2_custom_msgs_srvs) StdoutLine: {'line': b'-- Installing: /home/basmala/ros2_ws/install/assignment2_custom_msgs_srvs/include/assignment2_custom_msgs_srvs/assignment2_custom_msgs_srvs/msg/detail/obstacle__type_support.c\n'}
[8.322510] (assignment2_custom_msgs_srvs) StdoutLine: {'line': b'-- Installing: /home/basmala/ros2_ws/install/assignment2_custom_msgs_srvs/include/assignment2_custom_msgs_srvs/assignment2_custom_msgs_srvs/msg/rosidl_typesupport_introspection_c__visibility_control.h\n'}
[8.322600] (assignment2_custom_msgs_srvs) StdoutLine: {'line': b'-- Installing: /home/basmala/ros2_ws/install/assignment2_custom_msgs_srvs/lib/libassignment2_custom_msgs_srvs__rosidl_typesupport_introspection_c.so\n'}
[8.322686] (assignment2_custom_msgs_srvs) StdoutLine: {'line': b'-- Set non-toolchain portion of runtime path of "/home/basmala/ros2_ws/install/assignment2_custom_msgs_srvs/lib/libassignment2_custom_msgs_srvs__rosidl_typesupport_introspection_c.so" to ""\n'}
[8.322776] (assignment2_custom_msgs_srvs) StdoutLine: {'line': b'-- Installing: /home/basmala/ros2_ws/install/assignment2_custom_msgs_srvs/lib/libassignment2_custom_msgs_srvs__rosidl_typesupport_c.so\n'}
[8.322957] (assignment2_custom_msgs_srvs) StdoutLine: {'line': b'-- Set non-toolchain portion of runtime path of "/home/basmala/ros2_ws/install/assignment2_custom_msgs_srvs/lib/libassignment2_custom_msgs_srvs__rosidl_typesupport_c.so" to ""\n'}
[8.323063] (assignment2_custom_msgs_srvs) StdoutLine: {'line': b'-- Up-to-date: /home/basmala/ros2_ws/install/assignment2_custom_msgs_srvs/include/assignment2_custom_msgs_srvs/assignment2_custom_msgs_srvs\n'}
[8.323158] (assignment2_custom_msgs_srvs) StdoutLine: {'line': b'-- Up-to-date: /home/basmala/ros2_ws/install/assignment2_custom_msgs_srvs/include/assignment2_custom_msgs_srvs/assignment2_custom_msgs_srvs/srv\n'}
[8.323252] (assignment2_custom_msgs_srvs) StdoutLine: {'line': b'-- Installing: /home/basmala/ros2_ws/install/assignment2_custom_msgs_srvs/include/assignment2_custom_msgs_srvs/assignment2_custom_msgs_srvs/srv/change_threshold.hpp\n'}
[8.323418] (assignment2_custom_msgs_srvs) StdoutLine: {'line': b'-- Up-to-date: /home/basmala/ros2_ws/install/assignment2_custom_msgs_srvs/include/assignment2_custom_msgs_srvs/assignment2_custom_msgs_srvs/srv/detail\n'}
[8.323525] (assignment2_custom_msgs_srvs) StdoutLine: {'line': b'-- Installing: /home/basmala/ros2_ws/install/assignment2_custom_msgs_srvs/include/assignment2_custom_msgs_srvs/assignment2_custom_msgs_srvs/srv/detail/average_velocities__builder.hpp\n'}
[8.323611] (assignment2_custom_msgs_srvs) StdoutLine: {'line': b'-- Installing: /home/basmala/ros2_ws/install/assignment2_custom_msgs_srvs/include/assignment2_custom_msgs_srvs/assignment2_custom_msgs_srvs/srv/detail/change_threshold__traits.hpp\n'}
[8.323704] (assignment2_custom_msgs_srvs) StdoutLine: {'line': b'-- Installing: /home/basmala/ros2_ws/install/assignment2_custom_msgs_srvs/include/assignment2_custom_msgs_srvs/assignment2_custom_msgs_srvs/srv/detail/average_velocities__struct.hpp\n'}
[8.323814] (assignment2_custom_msgs_srvs) StdoutLine: {'line': b'-- Installing: /home/basmala/ros2_ws/install/assignment2_custom_msgs_srvs/include/assignment2_custom_msgs_srvs/assignment2_custom_msgs_srvs/srv/detail/average_velocities__traits.hpp\n'}
[8.323913] (assignment2_custom_msgs_srvs) StdoutLine: {'line': b'-- Installing: /home/basmala/ros2_ws/install/assignment2_custom_msgs_srvs/include/assignment2_custom_msgs_srvs/assignment2_custom_msgs_srvs/srv/detail/change_threshold__struct.hpp\n'}
[8.324003] (assignment2_custom_msgs_srvs) StdoutLine: {'line': b'-- Installing: /home/basmala/ros2_ws/install/assignment2_custom_msgs_srvs/include/assignment2_custom_msgs_srvs/assignment2_custom_msgs_srvs/srv/detail/average_velocities__type_support.hpp\n'}
[8.324099] (assignment2_custom_msgs_srvs) StdoutLine: {'line': b'-- Installing: /home/basmala/ros2_ws/install/assignment2_custom_msgs_srvs/include/assignment2_custom_msgs_srvs/assignment2_custom_msgs_srvs/srv/detail/change_threshold__builder.hpp\n'}
[8.324228] (assignment2_custom_msgs_srvs) StdoutLine: {'line': b'-- Installing: /home/basmala/ros2_ws/install/assignment2_custom_msgs_srvs/include/assignment2_custom_msgs_srvs/assignment2_custom_msgs_srvs/srv/detail/change_threshold__type_support.hpp\n'}
[8.324395] (assignment2_custom_msgs_srvs) StdoutLine: {'line': b'-- Installing: /home/basmala/ros2_ws/install/assignment2_custom_msgs_srvs/include/assignment2_custom_msgs_srvs/assignment2_custom_msgs_srvs/srv/average_velocities.hpp\n'}
[8.324504] (assignment2_custom_msgs_srvs) StdoutLine: {'line': b'-- Up-to-date: /home/basmala/ros2_ws/install/assignment2_custom_msgs_srvs/include/assignment2_custom_msgs_srvs/assignment2_custom_msgs_srvs/msg\n'}
[8.324609] (assignment2_custom_msgs_srvs) StdoutLine: {'line': b'-- Up-to-date: /home/basmala/ros2_ws/install/assignment2_custom_msgs_srvs/include/assignment2_custom_msgs_srvs/assignment2_custom_msgs_srvs/msg/detail\n'}
[8.324703] (assignment2_custom_msgs_srvs) StdoutLine: {'line': b'-- Installing: /home/basmala/ros2_ws/install/assignment2_custom_msgs_srvs/include/assignment2_custom_msgs_srvs/assignment2_custom_msgs_srvs/msg/detail/obstacle__traits.hpp\n'}
[8.324784] (assignment2_custom_msgs_srvs) StdoutLine: {'line': b'-- Installing: /home/basmala/ros2_ws/install/assignment2_custom_msgs_srvs/include/assignment2_custom_msgs_srvs/assignment2_custom_msgs_srvs/msg/detail/obstacle__builder.hpp\n'}
[8.324864] (assignment2_custom_msgs_srvs) StdoutLine: {'line': b'-- Installing: /home/basmala/ros2_ws/install/assignment2_custom_msgs_srvs/include/assignment2_custom_msgs_srvs/assignment2_custom_msgs_srvs/msg/detail/obstacle__struct.hpp\n'}
[8.324995] (assignment2_custom_msgs_srvs) StdoutLine: {'line': b'-- Installing: /home/basmala/ros2_ws/install/assignment2_custom_msgs_srvs/include/assignment2_custom_msgs_srvs/assignment2_custom_msgs_srvs/msg/detail/obstacle__type_support.hpp\n'}
[8.325092] (assignment2_custom_msgs_srvs) StdoutLine: {'line': b'-- Installing: /home/basmala/ros2_ws/install/assignment2_custom_msgs_srvs/include/assignment2_custom_msgs_srvs/assignment2_custom_msgs_srvs/msg/rosidl_generator_cpp__visibility_control.hpp\n'}
[8.325197] (assignment2_custom_msgs_srvs) StdoutLine: {'line': b'-- Installing: /home/basmala/ros2_ws/install/assignment2_custom_msgs_srvs/include/assignment2_custom_msgs_srvs/assignment2_custom_msgs_srvs/msg/obstacle.hpp\n'}
[8.325297] (assignment2_custom_msgs_srvs) StdoutLine: {'line': b'-- Up-to-date: /home/basmala/ros2_ws/install/assignment2_custom_msgs_srvs/include/assignment2_custom_msgs_srvs/assignment2_custom_msgs_srvs\n'}
[8.325403] (assignment2_custom_msgs_srvs) StdoutLine: {'line': b'-- Up-to-date: /home/basmala/ros2_ws/install/assignment2_custom_msgs_srvs/include/assignment2_custom_msgs_srvs/assignment2_custom_msgs_srvs/srv\n'}
[8.325506] (assignment2_custom_msgs_srvs) StdoutLine: {'line': b'-- Up-to-date: /home/basmala/ros2_ws/install/assignment2_custom_msgs_srvs/include/assignment2_custom_msgs_srvs/assignment2_custom_msgs_srvs/srv/detail\n'}
[8.325593] (assignment2_custom_msgs_srvs) StdoutLine: {'line': b'-- Installing: /home/basmala/ros2_ws/install/assignment2_custom_msgs_srvs/include/assignment2_custom_msgs_srvs/assignment2_custom_msgs_srvs/srv/detail/dds_fastrtps\n'}
[8.325681] (assignment2_custom_msgs_srvs) StdoutLine: {'line': b'-- Installing: /home/basmala/ros2_ws/install/assignment2_custom_msgs_srvs/include/assignment2_custom_msgs_srvs/assignment2_custom_msgs_srvs/srv/detail/average_velocities__rosidl_typesupport_fastrtps_cpp.hpp\n'}
[8.325771] (assignment2_custom_msgs_srvs) StdoutLine: {'line': b'-- Installing: /home/basmala/ros2_ws/install/assignment2_custom_msgs_srvs/include/assignment2_custom_msgs_srvs/assignment2_custom_msgs_srvs/srv/detail/change_threshold__rosidl_typesupport_fastrtps_cpp.hpp\n'}
[8.325857] (assignment2_custom_msgs_srvs) StdoutLine: {'line': b'-- Up-to-date: /home/basmala/ros2_ws/install/assignment2_custom_msgs_srvs/include/assignment2_custom_msgs_srvs/assignment2_custom_msgs_srvs/msg\n'}
[8.325945] (assignment2_custom_msgs_srvs) StdoutLine: {'line': b'-- Up-to-date: /home/basmala/ros2_ws/install/assignment2_custom_msgs_srvs/include/assignment2_custom_msgs_srvs/assignment2_custom_msgs_srvs/msg/detail\n'}
[8.326073] (assignment2_custom_msgs_srvs) StdoutLine: {'line': b'-- Installing: /home/basmala/ros2_ws/install/assignment2_custom_msgs_srvs/include/assignment2_custom_msgs_srvs/assignment2_custom_msgs_srvs/msg/detail/dds_fastrtps\n'}
[8.326158] (assignment2_custom_msgs_srvs) StdoutLine: {'line': b'-- Installing: /home/basmala/ros2_ws/install/assignment2_custom_msgs_srvs/include/assignment2_custom_msgs_srvs/assignment2_custom_msgs_srvs/msg/detail/obstacle__rosidl_typesupport_fastrtps_cpp.hpp\n'}
[8.326269] (assignment2_custom_msgs_srvs) StdoutLine: {'line': b'-- Installing: /home/basmala/ros2_ws/install/assignment2_custom_msgs_srvs/include/assignment2_custom_msgs_srvs/assignment2_custom_msgs_srvs/msg/rosidl_typesupport_fastrtps_cpp__visibility_control.h\n'}
[8.326362] (assignment2_custom_msgs_srvs) StdoutLine: {'line': b'-- Installing: /home/basmala/ros2_ws/install/assignment2_custom_msgs_srvs/lib/libassignment2_custom_msgs_srvs__rosidl_typesupport_fastrtps_cpp.so\n'}
[8.326467] (assignment2_custom_msgs_srvs) StdoutLine: {'line': b'-- Set non-toolchain portion of runtime path of "/home/basmala/ros2_ws/install/assignment2_custom_msgs_srvs/lib/libassignment2_custom_msgs_srvs__rosidl_typesupport_fastrtps_cpp.so" to ""\n'}
[8.326552] (assignment2_custom_msgs_srvs) StdoutLine: {'line': b'-- Up-to-date: /home/basmala/ros2_ws/install/assignment2_custom_msgs_srvs/include/assignment2_custom_msgs_srvs/assignment2_custom_msgs_srvs\n'}
[8.326656] (assignment2_custom_msgs_srvs) StdoutLine: {'line': b'-- Up-to-date: /home/basmala/ros2_ws/install/assignment2_custom_msgs_srvs/include/assignment2_custom_msgs_srvs/assignment2_custom_msgs_srvs/srv\n'}
[8.326743] (assignment2_custom_msgs_srvs) StdoutLine: {'line': b'-- Up-to-date: /home/basmala/ros2_ws/install/assignment2_custom_msgs_srvs/include/assignment2_custom_msgs_srvs/assignment2_custom_msgs_srvs/srv/detail\n'}
[8.326829] (assignment2_custom_msgs_srvs) StdoutLine: {'line': b'-- Installing: /home/basmala/ros2_ws/install/assignment2_custom_msgs_srvs/include/assignment2_custom_msgs_srvs/assignment2_custom_msgs_srvs/srv/detail/average_velocities__rosidl_typesupport_introspection_cpp.hpp\n'}
[8.326961] (assignment2_custom_msgs_srvs) StdoutLine: {'line': b'-- Installing: /home/basmala/ros2_ws/install/assignment2_custom_msgs_srvs/include/assignment2_custom_msgs_srvs/assignment2_custom_msgs_srvs/srv/detail/change_threshold__type_support.cpp\n'}
[8.327060] (assignment2_custom_msgs_srvs) StdoutLine: {'line': b'-- Installing: /home/basmala/ros2_ws/install/assignment2_custom_msgs_srvs/include/assignment2_custom_msgs_srvs/assignment2_custom_msgs_srvs/srv/detail/change_threshold__rosidl_typesupport_introspection_cpp.hpp\n'}
[8.327144] (assignment2_custom_msgs_srvs) StdoutLine: {'line': b'-- Installing: /home/basmala/ros2_ws/install/assignment2_custom_msgs_srvs/include/assignment2_custom_msgs_srvs/assignment2_custom_msgs_srvs/srv/detail/average_velocities__type_support.cpp\n'}
[8.327253] (assignment2_custom_msgs_srvs) StdoutLine: {'line': b'-- Up-to-date: /home/basmala/ros2_ws/install/assignment2_custom_msgs_srvs/include/assignment2_custom_msgs_srvs/assignment2_custom_msgs_srvs/msg\n'}
[8.327364] (assignment2_custom_msgs_srvs) StdoutLine: {'line': b'-- Up-to-date: /home/basmala/ros2_ws/install/assignment2_custom_msgs_srvs/include/assignment2_custom_msgs_srvs/assignment2_custom_msgs_srvs/msg/detail\n'}
[8.327447] (assignment2_custom_msgs_srvs) StdoutLine: {'line': b'-- Installing: /home/basmala/ros2_ws/install/assignment2_custom_msgs_srvs/include/assignment2_custom_msgs_srvs/assignment2_custom_msgs_srvs/msg/detail/obstacle__rosidl_typesupport_introspection_cpp.hpp\n'}
[8.327532] (assignment2_custom_msgs_srvs) StdoutLine: {'line': b'-- Installing: /home/basmala/ros2_ws/install/assignment2_custom_msgs_srvs/include/assignment2_custom_msgs_srvs/assignment2_custom_msgs_srvs/msg/detail/obstacle__type_support.cpp\n'}
[8.327618] (assignment2_custom_msgs_srvs) StdoutLine: {'line': b'-- Installing: /home/basmala/ros2_ws/install/assignment2_custom_msgs_srvs/lib/libassignment2_custom_msgs_srvs__rosidl_typesupport_introspection_cpp.so\n'}
[8.327704] (assignment2_custom_msgs_srvs) StdoutLine: {'line': b'-- Set non-toolchain portion of runtime path of "/home/basmala/ros2_ws/install/assignment2_custom_msgs_srvs/lib/libassignment2_custom_msgs_srvs__rosidl_typesupport_introspection_cpp.so" to ""\n'}
[8.327795] (assignment2_custom_msgs_srvs) StdoutLine: {'line': b'-- Installing: /home/basmala/ros2_ws/install/assignment2_custom_msgs_srvs/lib/libassignment2_custom_msgs_srvs__rosidl_typesupport_cpp.so\n'}
[8.327881] (assignment2_custom_msgs_srvs) StdoutLine: {'line': b'-- Set non-toolchain portion of runtime path of "/home/basmala/ros2_ws/install/assignment2_custom_msgs_srvs/lib/libassignment2_custom_msgs_srvs__rosidl_typesupport_cpp.so" to ""\n'}
[8.327968] (assignment2_custom_msgs_srvs) StdoutLine: {'line': b'-- Installing: /home/basmala/ros2_ws/install/assignment2_custom_msgs_srvs/share/assignment2_custom_msgs_srvs/environment/pythonpath.sh\n'}
[8.328055] (assignment2_custom_msgs_srvs) StdoutLine: {'line': b'-- Installing: /home/basmala/ros2_ws/install/assignment2_custom_msgs_srvs/share/assignment2_custom_msgs_srvs/environment/pythonpath.dsv\n'}
[8.328142] (assignment2_custom_msgs_srvs) StdoutLine: {'line': b'-- Installing: /home/basmala/ros2_ws/install/assignment2_custom_msgs_srvs/lib/python3.12/site-packages/assignment2_custom_msgs_srvs-0.0.0-py3.12.egg-info\n'}
[8.328240] (assignment2_custom_msgs_srvs) StdoutLine: {'line': b'-- Installing: /home/basmala/ros2_ws/install/assignment2_custom_msgs_srvs/lib/python3.12/site-packages/assignment2_custom_msgs_srvs-0.0.0-py3.12.egg-info/dependency_links.txt\n'}
[8.328338] (-) TimerEvent: {}
[8.328470] (assignment2_custom_msgs_srvs) StdoutLine: {'line': b'-- Installing: /home/basmala/ros2_ws/install/assignment2_custom_msgs_srvs/lib/python3.12/site-packages/assignment2_custom_msgs_srvs-0.0.0-py3.12.egg-info/SOURCES.txt\n'}
[8.328586] (assignment2_custom_msgs_srvs) StdoutLine: {'line': b'-- Installing: /home/basmala/ros2_ws/install/assignment2_custom_msgs_srvs/lib/python3.12/site-packages/assignment2_custom_msgs_srvs-0.0.0-py3.12.egg-info/PKG-INFO\n'}
[8.328688] (assignment2_custom_msgs_srvs) StdoutLine: {'line': b'-- Installing: /home/basmala/ros2_ws/install/assignment2_custom_msgs_srvs/lib/python3.12/site-packages/assignment2_custom_msgs_srvs-0.0.0-py3.12.egg-info/top_level.txt\n'}
[8.328787] (assignment2_custom_msgs_srvs) StdoutLine: {'line': b'-- Installing: /home/basmala/ros2_ws/install/assignment2_custom_msgs_srvs/lib/python3.12/site-packages/assignment2_custom_msgs_srvs\n'}
[8.328887] (assignment2_custom_msgs_srvs) StdoutLine: {'line': b'-- Installing: /home/basmala/ros2_ws/install/assignment2_custom_msgs_srvs/lib/python3.12/site-packages/assignment2_custom_msgs_srvs/_assignment2_custom_msgs_srvs_s.ep.rosidl_typesupport_fastrtps_c.c\n'}
[8.328991] (assignment2_custom_msgs_srvs) StdoutLine: {'line': b'-- Installing: /home/basmala/ros2_ws/install/assignment2_custom_msgs_srvs/lib/python3.12/site-packages/assignment2_custom_msgs_srvs/assignment2_custom_msgs_srvs_s__rosidl_typesupport_c.so\n'}
[8.329089] (assignment2_custom_msgs_srvs) StdoutLine: {'line': b'-- Installing: /home/basmala/ros2_ws/install/assignment2_custom_msgs_srvs/lib/python3.12/site-packages/assignment2_custom_msgs_srvs/assignment2_custom_msgs_srvs_s__rosidl_typesupport_fastrtps_c.so\n'}
[8.329184] (assignment2_custom_msgs_srvs) StdoutLine: {'line': b'-- Installing: /home/basmala/ros2_ws/install/assignment2_custom_msgs_srvs/lib/python3.12/site-packages/assignment2_custom_msgs_srvs/srv\n'}
[8.329278] (assignment2_custom_msgs_srvs) StdoutLine: {'line': b'-- Installing: /home/basmala/ros2_ws/install/assignment2_custom_msgs_srvs/lib/python3.12/site-packages/assignment2_custom_msgs_srvs/srv/_average_velocities.py\n'}
[8.329385] (assignment2_custom_msgs_srvs) StdoutLine: {'line': b'-- Installing: /home/basmala/ros2_ws/install/assignment2_custom_msgs_srvs/lib/python3.12/site-packages/assignment2_custom_msgs_srvs/srv/_average_velocities_s.c\n'}
[8.329491] (assignment2_custom_msgs_srvs) StdoutLine: {'line': b'-- Installing: /home/basmala/ros2_ws/install/assignment2_custom_msgs_srvs/lib/python3.12/site-packages/assignment2_custom_msgs_srvs/srv/_change_threshold_s.c\n'}
[8.329585] (assignment2_custom_msgs_srvs) StdoutLine: {'line': b'-- Installing: /home/basmala/ros2_ws/install/assignment2_custom_msgs_srvs/lib/python3.12/site-packages/assignment2_custom_msgs_srvs/srv/_change_threshold.py\n'}
[8.329680] (assignment2_custom_msgs_srvs) StdoutLine: {'line': b'-- Installing: /home/basmala/ros2_ws/install/assignment2_custom_msgs_srvs/lib/python3.12/site-packages/assignment2_custom_msgs_srvs/srv/__init__.py\n'}
[8.329770] (assignment2_custom_msgs_srvs) StdoutLine: {'line': b'-- Installing: /home/basmala/ros2_ws/install/assignment2_custom_msgs_srvs/lib/python3.12/site-packages/assignment2_custom_msgs_srvs/_assignment2_custom_msgs_srvs_s.ep.rosidl_typesupport_c.c\n'}
[8.329864] (assignment2_custom_msgs_srvs) StdoutLine: {'line': b'-- Installing: /home/basmala/ros2_ws/install/assignment2_custom_msgs_srvs/lib/python3.12/site-packages/assignment2_custom_msgs_srvs/assignment2_custom_msgs_srvs_s__rosidl_typesupport_introspection_c.so\n'}
[8.329959] (assignment2_custom_msgs_srvs) StdoutLine: {'line': b'-- Installing: /home/basmala/ros2_ws/install/assignment2_custom_msgs_srvs/lib/python3.12/site-packages/assignment2_custom_msgs_srvs/__init__.py\n'}
[8.330060] (assignment2_custom_msgs_srvs) StdoutLine: {'line': b'-- Installing: /home/basmala/ros2_ws/install/assignment2_custom_msgs_srvs/lib/python3.12/site-packages/assignment2_custom_msgs_srvs/msg\n'}
[8.330161] (assignment2_custom_msgs_srvs) StdoutLine: {'line': b'-- Installing: /home/basmala/ros2_ws/install/assignment2_custom_msgs_srvs/lib/python3.12/site-packages/assignment2_custom_msgs_srvs/msg/_obstacle.py\n'}
[8.330259] (assignment2_custom_msgs_srvs) StdoutLine: {'line': b'-- Installing: /home/basmala/ros2_ws/install/assignment2_custom_msgs_srvs/lib/python3.12/site-packages/assignment2_custom_msgs_srvs/msg/_obstacle_s.c\n'}
[8.330364] (assignment2_custom_msgs_srvs) StdoutLine: {'line': b'-- Installing: /home/basmala/ros2_ws/install/assignment2_custom_msgs_srvs/lib/python3.12/site-packages/assignment2_custom_msgs_srvs/msg/__init__.py\n'}
[8.330465] (assignment2_custom_msgs_srvs) StdoutLine: {'line': b'-- Installing: /home/basmala/ros2_ws/install/assignment2_custom_msgs_srvs/lib/python3.12/site-packages/assignment2_custom_msgs_srvs/_assignment2_custom_msgs_srvs_s.ep.rosidl_typesupport_introspection_c.c\n'}
[8.389369] (assignment2_custom_msgs_srvs) StdoutLine: {'line': b"Listing '/home/basmala/ros2_ws/install/assignment2_custom_msgs_srvs/lib/python3.12/site-packages/assignment2_custom_msgs_srvs'...\n"}
[8.389650] (assignment2_custom_msgs_srvs) StdoutLine: {'line': b"Compiling '/home/basmala/ros2_ws/install/assignment2_custom_msgs_srvs/lib/python3.12/site-packages/assignment2_custom_msgs_srvs/__init__.py'...\n"}
[8.389802] (assignment2_custom_msgs_srvs) StdoutLine: {'line': b"Listing '/home/basmala/ros2_ws/install/assignment2_custom_msgs_srvs/lib/python3.12/site-packages/assignment2_custom_msgs_srvs/msg'...\n"}
[8.389941] (assignment2_custom_msgs_srvs) StdoutLine: {'line': b"Compiling '/home/basmala/ros2_ws/install/assignment2_custom_msgs_srvs/lib/python3.12/site-packages/assignment2_custom_msgs_srvs/msg/__init__.py'...\n"}
[8.390072] (assignment2_custom_msgs_srvs) StdoutLine: {'line': b"Compiling '/home/basmala/ros2_ws/install/assignment2_custom_msgs_srvs/lib/python3.12/site-packages/assignment2_custom_msgs_srvs/msg/_obstacle.py'...\n"}
[8.390204] (assignment2_custom_msgs_srvs) StdoutLine: {'line': b"Listing '/home/basmala/ros2_ws/install/assignment2_custom_msgs_srvs/lib/python3.12/site-packages/assignment2_custom_msgs_srvs/srv'...\n"}
[8.390389] (assignment2_custom_msgs_srvs) StdoutLine: {'line': b"Compiling '/home/basmala/ros2_ws/install/assignment2_custom_msgs_srvs/lib/python3.12/site-packages/assignment2_custom_msgs_srvs/srv/__init__.py'...\n"}
[8.390561] (assignment2_custom_msgs_srvs) StdoutLine: {'line': b"Compiling '/home/basmala/ros2_ws/install/assignment2_custom_msgs_srvs/lib/python3.12/site-packages/assignment2_custom_msgs_srvs/srv/_average_velocities.py'...\n"}
[8.390724] (assignment2_custom_msgs_srvs) StdoutLine: {'line': b"Compiling '/home/basmala/ros2_ws/install/assignment2_custom_msgs_srvs/lib/python3.12/site-packages/assignment2_custom_msgs_srvs/srv/_change_threshold.py'...\n"}
[8.397082] (assignment2_custom_msgs_srvs) StdoutLine: {'line': b'-- Installing: /home/basmala/ros2_ws/install/assignment2_custom_msgs_srvs/lib/python3.12/site-packages/assignment2_custom_msgs_srvs/assignment2_custom_msgs_srvs_s__rosidl_typesupport_fastrtps_c.so\n'}
[8.397690] (assignment2_custom_msgs_srvs) StdoutLine: {'line': b'-- Set non-toolchain portion of runtime path of "/home/basmala/ros2_ws/install/assignment2_custom_msgs_srvs/lib/python3.12/site-packages/assignment2_custom_msgs_srvs/assignment2_custom_msgs_srvs_s__rosidl_typesupport_fastrtps_c.so" to ""\n'}
[8.398272] (assignment2_custom_msgs_srvs) StdoutLine: {'line': b'-- Installing: /home/basmala/ros2_ws/install/assignment2_custom_msgs_srvs/lib/python3.12/site-packages/assignment2_custom_msgs_srvs/assignment2_custom_msgs_srvs_s__rosidl_typesupport_introspection_c.so\n'}
[8.398590] (assignment2_custom_msgs_srvs) StdoutLine: {'line': b'-- Set non-toolchain portion of runtime path of "/home/basmala/ros2_ws/install/assignment2_custom_msgs_srvs/lib/python3.12/site-packages/assignment2_custom_msgs_srvs/assignment2_custom_msgs_srvs_s__rosidl_typesupport_introspection_c.so" to ""\n'}
[8.398848] (assignment2_custom_msgs_srvs) StdoutLine: {'line': b'-- Installing: /home/basmala/ros2_ws/install/assignment2_custom_msgs_srvs/lib/python3.12/site-packages/assignment2_custom_msgs_srvs/assignment2_custom_msgs_srvs_s__rosidl_typesupport_c.so\n'}
[8.399446] (assignment2_custom_msgs_srvs) StdoutLine: {'line': b'-- Set non-toolchain portion of runtime path of "/home/basmala/ros2_ws/install/assignment2_custom_msgs_srvs/lib/python3.12/site-packages/assignment2_custom_msgs_srvs/assignment2_custom_msgs_srvs_s__rosidl_typesupport_c.so" to ""\n'}
[8.399790] (assignment2_custom_msgs_srvs) StdoutLine: {'line': b'-- Installing: /home/basmala/ros2_ws/install/assignment2_custom_msgs_srvs/lib/libassignment2_custom_msgs_srvs__rosidl_generator_py.so\n'}
[8.400046] (assignment2_custom_msgs_srvs) StdoutLine: {'line': b'-- Set non-toolchain portion of runtime path of "/home/basmala/ros2_ws/install/assignment2_custom_msgs_srvs/lib/libassignment2_custom_msgs_srvs__rosidl_generator_py.so" to ""\n'}
[8.400275] (assignment2_custom_msgs_srvs) StdoutLine: {'line': b'-- Installing: /home/basmala/ros2_ws/install/assignment2_custom_msgs_srvs/share/assignment2_custom_msgs_srvs/msg/Obstacle.idl\n'}
[8.400648] (assignment2_custom_msgs_srvs) StdoutLine: {'line': b'-- Installing: /home/basmala/ros2_ws/install/assignment2_custom_msgs_srvs/share/assignment2_custom_msgs_srvs/srv/AverageVelocities.idl\n'}
[8.400886] (assignment2_custom_msgs_srvs) StdoutLine: {'line': b'-- Installing: /home/basmala/ros2_ws/install/assignment2_custom_msgs_srvs/share/assignment2_custom_msgs_srvs/srv/ChangeThreshold.idl\n'}
[8.401078] (assignment2_custom_msgs_srvs) StdoutLine: {'line': b'-- Installing: /home/basmala/ros2_ws/install/assignment2_custom_msgs_srvs/share/assignment2_custom_msgs_srvs/msg/Obstacle.msg\n'}
[8.401269] (assignment2_custom_msgs_srvs) StdoutLine: {'line': b'-- Installing: /home/basmala/ros2_ws/install/assignment2_custom_msgs_srvs/share/assignment2_custom_msgs_srvs/srv/AverageVelocities.srv\n'}
[8.401465] (assignment2_custom_msgs_srvs) StdoutLine: {'line': b'-- Installing: /home/basmala/ros2_ws/install/assignment2_custom_msgs_srvs/share/assignment2_custom_msgs_srvs/srv/ChangeThreshold.srv\n'}
[8.401651] (assignment2_custom_msgs_srvs) StdoutLine: {'line': b'-- Installing: /home/basmala/ros2_ws/install/assignment2_custom_msgs_srvs/share/ament_index/resource_index/package_run_dependencies/assignment2_custom_msgs_srvs\n'}
[8.401816] (assignment2_custom_msgs_srvs) StdoutLine: {'line': b'-- Installing: /home/basmala/ros2_ws/install/assignment2_custom_msgs_srvs/share/ament_index/resource_index/parent_prefix_path/assignment2_custom_msgs_srvs\n'}
[8.402022] (assignment2_custom_msgs_srvs) StdoutLine: {'line': b'-- Installing: /home/basmala/ros2_ws/install/assignment2_custom_msgs_srvs/share/assignment2_custom_msgs_srvs/environment/ament_prefix_path.sh\n'}
[8.402198] (assignment2_custom_msgs_srvs) StdoutLine: {'line': b'-- Installing: /home/basmala/ros2_ws/install/assignment2_custom_msgs_srvs/share/assignment2_custom_msgs_srvs/environment/ament_prefix_path.dsv\n'}
[8.402409] (assignment2_custom_msgs_srvs) StdoutLine: {'line': b'-- Installing: /home/basmala/ros2_ws/install/assignment2_custom_msgs_srvs/share/assignment2_custom_msgs_srvs/environment/path.sh\n'}
[8.402588] (assignment2_custom_msgs_srvs) StdoutLine: {'line': b'-- Installing: /home/basmala/ros2_ws/install/assignment2_custom_msgs_srvs/share/assignment2_custom_msgs_srvs/environment/path.dsv\n'}
[8.402776] (assignment2_custom_msgs_srvs) StdoutLine: {'line': b'-- Installing: /home/basmala/ros2_ws/install/assignment2_custom_msgs_srvs/share/assignment2_custom_msgs_srvs/local_setup.bash\n'}
[8.402912] (assignment2_custom_msgs_srvs) StdoutLine: {'line': b'-- Installing: /home/basmala/ros2_ws/install/assignment2_custom_msgs_srvs/share/assignment2_custom_msgs_srvs/local_setup.sh\n'}
[8.403090] (assignment2_custom_msgs_srvs) StdoutLine: {'line': b'-- Installing: /home/basmala/ros2_ws/install/assignment2_custom_msgs_srvs/share/assignment2_custom_msgs_srvs/local_setup.zsh\n'}
[8.403349] (assignment2_custom_msgs_srvs) StdoutLine: {'line': b'-- Installing: /home/basmala/ros2_ws/install/assignment2_custom_msgs_srvs/share/assignment2_custom_msgs_srvs/local_setup.dsv\n'}
[8.403719] (assignment2_custom_msgs_srvs) StdoutLine: {'line': b'-- Installing: /home/basmala/ros2_ws/install/assignment2_custom_msgs_srvs/share/assignment2_custom_msgs_srvs/package.dsv\n'}
[8.403998] (assignment2_custom_msgs_srvs) StdoutLine: {'line': b'-- Installing: /home/basmala/ros2_ws/install/assignment2_custom_msgs_srvs/share/ament_index/resource_index/packages/assignment2_custom_msgs_srvs\n'}
[8.404241] (assignment2_custom_msgs_srvs) StdoutLine: {'line': b'-- Installing: /home/basmala/ros2_ws/install/assignment2_custom_msgs_srvs/share/assignment2_custom_msgs_srvs/cmake/export_assignment2_custom_msgs_srvs__rosidl_generator_cExport.cmake\n'}
[8.404546] (assignment2_custom_msgs_srvs) StdoutLine: {'line': b'-- Installing: /home/basmala/ros2_ws/install/assignment2_custom_msgs_srvs/share/assignment2_custom_msgs_srvs/cmake/export_assignment2_custom_msgs_srvs__rosidl_generator_cExport-noconfig.cmake\n'}
[8.404771] (assignment2_custom_msgs_srvs) StdoutLine: {'line': b'-- Installing: /home/basmala/ros2_ws/install/assignment2_custom_msgs_srvs/share/assignment2_custom_msgs_srvs/cmake/export_assignment2_custom_msgs_srvs__rosidl_typesupport_fastrtps_cExport.cmake\n'}
[8.404968] (assignment2_custom_msgs_srvs) StdoutLine: {'line': b'-- Installing: /home/basmala/ros2_ws/install/assignment2_custom_msgs_srvs/share/assignment2_custom_msgs_srvs/cmake/export_assignment2_custom_msgs_srvs__rosidl_typesupport_fastrtps_cExport-noconfig.cmake\n'}
[8.405144] (assignment2_custom_msgs_srvs) StdoutLine: {'line': b'-- Installing: /home/basmala/ros2_ws/install/assignment2_custom_msgs_srvs/share/assignment2_custom_msgs_srvs/cmake/assignment2_custom_msgs_srvs__rosidl_typesupport_introspection_cExport.cmake\n'}
[8.405300] (assignment2_custom_msgs_srvs) StdoutLine: {'line': b'-- Installing: /home/basmala/ros2_ws/install/assignment2_custom_msgs_srvs/share/assignment2_custom_msgs_srvs/cmake/assignment2_custom_msgs_srvs__rosidl_typesupport_introspection_cExport-noconfig.cmake\n'}
[8.405460] (assignment2_custom_msgs_srvs) StdoutLine: {'line': b'-- Installing: /home/basmala/ros2_ws/install/assignment2_custom_msgs_srvs/share/assignment2_custom_msgs_srvs/cmake/assignment2_custom_msgs_srvs__rosidl_typesupport_cExport.cmake\n'}
[8.405630] (assignment2_custom_msgs_srvs) StdoutLine: {'line': b'-- Installing: /home/basmala/ros2_ws/install/assignment2_custom_msgs_srvs/share/assignment2_custom_msgs_srvs/cmake/assignment2_custom_msgs_srvs__rosidl_typesupport_cExport-noconfig.cmake\n'}
[8.405782] (assignment2_custom_msgs_srvs) StdoutLine: {'line': b'-- Installing: /home/basmala/ros2_ws/install/assignment2_custom_msgs_srvs/share/assignment2_custom_msgs_srvs/cmake/export_assignment2_custom_msgs_srvs__rosidl_generator_cppExport.cmake\n'}
[8.405941] (assignment2_custom_msgs_srvs) StdoutLine: {'line': b'-- Installing: /home/basmala/ros2_ws/install/assignment2_custom_msgs_srvs/share/assignment2_custom_msgs_srvs/cmake/export_assignment2_custom_msgs_srvs__rosidl_typesupport_fastrtps_cppExport.cmake\n'}
[8.406114] (assignment2_custom_msgs_srvs) StdoutLine: {'line': b'-- Installing: /home/basmala/ros2_ws/install/assignment2_custom_msgs_srvs/share/assignment2_custom_msgs_srvs/cmake/export_assignment2_custom_msgs_srvs__rosidl_typesupport_fastrtps_cppExport-noconfig.cmake\n'}
[8.406330] (assignment2_custom_msgs_srvs) StdoutLine: {'line': b'-- Installing: /home/basmala/ros2_ws/install/assignment2_custom_msgs_srvs/share/assignment2_custom_msgs_srvs/cmake/assignment2_custom_msgs_srvs__rosidl_typesupport_introspection_cppExport.cmake\n'}
[8.406568] (assignment2_custom_msgs_srvs) StdoutLine: {'line': b'-- Installing: /home/basmala/ros2_ws/install/assignment2_custom_msgs_srvs/share/assignment2_custom_msgs_srvs/cmake/assignment2_custom_msgs_srvs__rosidl_typesupport_introspection_cppExport-noconfig.cmake\n'}
[8.406784] (assignment2_custom_msgs_srvs) StdoutLine: {'line': b'-- Installing: /home/basmala/ros2_ws/install/assignment2_custom_msgs_srvs/share/assignment2_custom_msgs_srvs/cmake/assignment2_custom_msgs_srvs__rosidl_typesupport_cppExport.cmake\n'}
[8.406979] (assignment2_custom_msgs_srvs) StdoutLine: {'line': b'-- Installing: /home/basmala/ros2_ws/install/assignment2_custom_msgs_srvs/share/assignment2_custom_msgs_srvs/cmake/assignment2_custom_msgs_srvs__rosidl_typesupport_cppExport-noconfig.cmake\n'}
[8.407157] (assignment2_custom_msgs_srvs) StdoutLine: {'line': b'-- Installing: /home/basmala/ros2_ws/install/assignment2_custom_msgs_srvs/share/assignment2_custom_msgs_srvs/cmake/export_assignment2_custom_msgs_srvs__rosidl_generator_pyExport.cmake\n'}
[8.407545] (assignment2_custom_msgs_srvs) StdoutLine: {'line': b'-- Installing: /home/basmala/ros2_ws/install/assignment2_custom_msgs_srvs/share/assignment2_custom_msgs_srvs/cmake/export_assignment2_custom_msgs_srvs__rosidl_generator_pyExport-noconfig.cmake\n'}
[8.408768] (assignment2_custom_msgs_srvs) StdoutLine: {'line': b'-- Installing: /home/basmala/ros2_ws/install/assignment2_custom_msgs_srvs/share/assignment2_custom_msgs_srvs/cmake/rosidl_cmake-extras.cmake\n'}
[8.409026] (assignment2_custom_msgs_srvs) StdoutLine: {'line': b'-- Installing: /home/basmala/ros2_ws/install/assignment2_custom_msgs_srvs/share/assignment2_custom_msgs_srvs/cmake/ament_cmake_export_dependencies-extras.cmake\n'}
[8.409642] (assignment2_custom_msgs_srvs) StdoutLine: {'line': b'-- Installing: /home/basmala/ros2_ws/install/assignment2_custom_msgs_srvs/share/assignment2_custom_msgs_srvs/cmake/ament_cmake_export_include_directories-extras.cmake\n'}
[8.409827] (assignment2_custom_msgs_srvs) StdoutLine: {'line': b'-- Installing: /home/basmala/ros2_ws/install/assignment2_custom_msgs_srvs/share/assignment2_custom_msgs_srvs/cmake/ament_cmake_export_libraries-extras.cmake\n'}
[8.410017] (assignment2_custom_msgs_srvs) StdoutLine: {'line': b'-- Installing: /home/basmala/ros2_ws/install/assignment2_custom_msgs_srvs/share/assignment2_custom_msgs_srvs/cmake/ament_cmake_export_targets-extras.cmake\n'}
[8.410206] (assignment2_custom_msgs_srvs) StdoutLine: {'line': b'-- Installing: /home/basmala/ros2_ws/install/assignment2_custom_msgs_srvs/share/assignment2_custom_msgs_srvs/cmake/rosidl_cmake_export_typesupport_targets-extras.cmake\n'}
[8.410422] (assignment2_custom_msgs_srvs) StdoutLine: {'line': b'-- Installing: /home/basmala/ros2_ws/install/assignment2_custom_msgs_srvs/share/assignment2_custom_msgs_srvs/cmake/rosidl_cmake_export_typesupport_libraries-extras.cmake\n'}
[8.410645] (assignment2_custom_msgs_srvs) StdoutLine: {'line': b'-- Installing: /home/basmala/ros2_ws/install/assignment2_custom_msgs_srvs/share/assignment2_custom_msgs_srvs/cmake/assignment2_custom_msgs_srvsConfig.cmake\n'}
[8.411028] (assignment2_custom_msgs_srvs) StdoutLine: {'line': b'-- Installing: /home/basmala/ros2_ws/install/assignment2_custom_msgs_srvs/share/assignment2_custom_msgs_srvs/cmake/assignment2_custom_msgs_srvsConfig-version.cmake\n'}
[8.411214] (assignment2_custom_msgs_srvs) StdoutLine: {'line': b'-- Installing: /home/basmala/ros2_ws/install/assignment2_custom_msgs_srvs/share/assignment2_custom_msgs_srvs/package.xml\n'}
[8.411544] (assignment2_custom_msgs_srvs) CommandEnded: {'returncode': 0}
[8.428795] (-) TimerEvent: {}
[8.439147] (assignment2_custom_msgs_srvs) JobEnded: {'identifier': 'assignment2_custom_msgs_srvs', 'rc': 0}
[8.440471] (assignment2_rt) JobStarted: {'identifier': 'assignment2_rt'}
[8.457898] (assignment2_rt) JobProgress: {'identifier': 'assignment2_rt', 'progress': 'cmake'}
[8.458962] (assignment2_rt) Command: {'cmd': ['/usr/bin/cmake', '/home/basmala/ros2_ws/assignment2_rt', '-DCMAKE_INSTALL_PREFIX=/home/basmala/ros2_ws/install/assignment2_rt'], 'cwd': '/home/basmala/ros2_ws/build/assignment2_rt', 'env': OrderedDict({'GJS_DEBUG_TOPICS': 'JS ERROR;JS LOG', 'LESSOPEN': '| /usr/bin/lesspipe %s', 'GZ_SIM_RESOURCE_PATH': '/opt/ros/jazzy/share', 'USER': 'basmala', 'LC_TIME': 'ar_EG.UTF-8', 'GZ_CONFIG_PATH': '/opt/ros/jazzy/opt/gz_sim_vendor/share/gz:/opt/ros/jazzy/opt/sdformat_vendor/share/gz:/opt/ros/jazzy/opt/gz_gui_vendor/share/gz:/opt/ros/jazzy/opt/gz_transport_vendor/share/gz:/opt/ros/jazzy/opt/gz_rendering_vendor/share/gz:/opt/ros/jazzy/opt/gz_plugin_vendor/share/gz:/opt/ros/jazzy/opt/gz_fuel_tools_vendor/share/gz:/opt/ros/jazzy/opt/gz_msgs_vendor/share/gz:/opt/ros/jazzy/opt/gz_common_vendor/share/gz', 'XDG_SESSION_TYPE': 'wayland', 'GIT_ASKPASS': '/usr/share/antigravity/resources/app/extensions/git/dist/askpass.sh', 'CLUTTER_DISABLE_MIPMAPPED_TEXT': '1', 'SHLVL': '1', 'LD_LIBRARY_PATH': '/home/basmala/ros2_ws/install/assignment2_custom_msgs_srvs/lib:/home/basmala/ros2_ws/install/turtlesim_custom_msgs/lib:/home/basmala/ros2_ws/install/mecanum_drive_controller/lib:/opt/ros/jazzy/opt/gz_sim_vendor/lib:/opt/ros/jazzy/opt/gz_sensors_vendor/lib:/opt/ros/jazzy/opt/gz_physics_vendor/lib:/opt/ros/jazzy/opt/sdformat_vendor/lib:/opt/ros/jazzy/opt/rviz_ogre_vendor/lib:/opt/ros/jazzy/lib/x86_64-linux-gnu:/opt/ros/jazzy/opt/gz_gui_vendor/lib:/opt/ros/jazzy/opt/gz_transport_vendor/lib:/opt/ros/jazzy/opt/gz_rendering_vendor/lib:/opt/ros/jazzy/opt/gz_plugin_vendor/lib:/opt/ros/jazzy/opt/gz_fuel_tools_vendor/lib:/opt/ros/jazzy/opt/gz_msgs_vendor/lib:/opt/ros/jazzy/opt/gz_common_vendor/lib:/opt/ros/jazzy/opt/gz_math_vendor/lib:/opt/ros/jazzy/opt/gz_utils_vendor/lib:/opt/ros/jazzy/opt/gz_tools_vendor/lib:/opt/ros/jazzy/opt/gz_ogre_next_vendor/lib:/opt/ros/jazzy/opt/gz_dartsim_vendor/lib:/opt/ros/jazzy/opt/gz_cmake_vendor/lib:/opt/ros/jazzy/lib', 'ANTIGRAVITY_CLI_ALIAS': 'agy', 'HOME': '/home/basmala', 'CHROME_DESKTOP': 'antigravity.desktop', 'TERM_PROGRAM_VERSION': '1.104.0', 'DESKTOP_SESSION': 'ubuntu', 'GIO_LAUNCHED_DESKTOP_FILE': '/usr/share/applications/antigravity.desktop', 'ROS_PYTHON_VERSION': '3', 'GNOME_SHELL_SESSION_MODE': 'ubuntu', 'GTK_MODULES': 'gail:atk-bridge', 'PAGER': 'cat', 'VSCODE_GIT_ASKPASS_MAIN': '/usr/share/antigravity/resources/app/extensions/git/dist/askpass-main.js', 'LC_MONETARY': 'ar_EG.UTF-8', 'VSCODE_GIT_ASKPASS_NODE': '/usr/share/antigravity/antigravity', 'MANAGERPID': '3058', 'SYSTEMD_EXEC_PID': '3347', 'IM_CONFIG_CHECK_ENV': '1', 'VSCODE_PYTHON_AUTOACTIVATE_GUARD': '1', 'GSM_SKIP_SSH_AGENT_WORKAROUND': 'true', 'DBUS_SESSION_BUS_ADDRESS': 'unix:path=/run/user/1000/bus', 'COLORTERM': 'truecolor', 'ANTIGRAVITY_AGENT': '1', 'GIO_LAUNCHED_DESKTOP_FILE_PID': '44251', 'DEBUGINFOD_URLS': 'https://debuginfod.ubuntu.com', 'IM_CONFIG_PHASE': '1', 'WAYLAND_DISPLAY': 'wayland-0', 'COLCON_PREFIX_PATH': '/home/basmala/ros2_ws/install:/home/basmala/ros2_ws/src/install', 'ROS_DISTRO': 'jazzy', 'LOGNAME': 'basmala', 'JOURNAL_STREAM': '8:33800', '_': '/usr/bin/colcon', 'ROS_VERSION': '2', 'MEMORY_PRESSURE_WATCH': '/sys/fs/cgroup/user.slice/user-1000.slice/user@1000.service/session.slice/org.gnome.Shell@wayland.service/memory.pressure', 'XDG_SESSION_CLASS': 'user', 'USERNAME': 'basmala', 'TERM': 'xterm-256color', 'GNOME_DESKTOP_SESSION_ID': 'this-is-deprecated', 'PATH': '/home/basmala/.local/bin:/opt/ros/jazzy/opt/gz_msgs_vendor/bin:/opt/ros/jazzy/opt/gz_tools_vendor/bin:/opt/ros/jazzy/opt/gz_ogre_next_vendor/bin:/opt/ros/jazzy/bin:/home/basmala/.local/bin:/usr/local/sbin:/usr/local/bin:/usr/sbin:/usr/bin:/sbin:/bin:/usr/games:/usr/local/games:/snap/bin:/snap/bin', 'SESSION_MANAGER': 'local/basmala-Victus-by-HP-Laptop-16-d1xxx:@/tmp/.ICE-unix/3277,unix/basmala-Victus-by-HP-Laptop-16-d1xxx:/tmp/.ICE-unix/3277', 'INVOCATION_ID': '42de1c5e3d4a4938a8c517d6fa5cf746', 'XDG_MENU_PREFIX': 'gnome-', 'LC_ADDRESS': 'ar_EG.UTF-8', 'GNOME_SETUP_DISPLAY': ':1', 'XDG_RUNTIME_DIR': '/run/user/1000', 'GDK_BACKEND': 'x11', 'DISPLAY': ':0', 'LANG': 'en_US.UTF-8', 'XDG_CURRENT_DESKTOP': 'Unity', 'LC_TELEPHONE': 'ar_EG.UTF-8', 'XMODIFIERS': '@im=ibus', 'XDG_SESSION_DESKTOP': 'ubuntu', 'XAUTHORITY': '/run/user/1000/.mutter-Xwaylandauth.MXS2J3', 'LS_COLORS': 'rs=0:di=01;34:ln=01;36:mh=00:pi=40;33:so=01;35:do=01;35:bd=40;33;01:cd=40;33;01:or=40;31;01:mi=00:su=37;41:sg=30;43:ca=00:tw=30;42:ow=34;42:st=37;44:ex=01;32:*.tar=01;31:*.tgz=01;31:*.arc=01;31:*.arj=01;31:*.taz=01;31:*.lha=01;31:*.lz4=01;31:*.lzh=01;31:*.lzma=01;31:*.tlz=01;31:*.txz=01;31:*.tzo=01;31:*.t7z=01;31:*.zip=01;31:*.z=01;31:*.dz=01;31:*.gz=01;31:*.lrz=01;31:*.lz=01;31:*.lzo=01;31:*.xz=01;31:*.zst=01;31:*.tzst=01;31:*.bz2=01;31:*.bz=01;31:*.tbz=01;31:*.tbz2=01;31:*.tz=01;31:*.deb=01;31:*.rpm=01;31:*.jar=01;31:*.war=01;31:*.ear=01;31:*.sar=01;31:*.rar=01;31:*.alz=01;31:*.ace=01;31:*.zoo=01;31:*.cpio=01;31:*.7z=01;31:*.rz=01;31:*.cab=01;31:*.wim=01;31:*.swm=01;31:*.dwm=01;31:*.esd=01;31:*.avif=01;35:*.jpg=01;35:*.jpeg=01;35:*.mjpg=01;35:*.mjpeg=01;35:*.gif=01;35:*.bmp=01;35:*.pbm=01;35:*.pgm=01;35:*.ppm=01;35:*.tga=01;35:*.xbm=01;35:*.xpm=01;35:*.tif=01;35:*.tiff=01;35:*.png=01;35:*.svg=01;35:*.svgz=01;35:*.mng=01;35:*.pcx=01;35:*.mov=01;35:*.mpg=01;35:*.mpeg=01;35:*.m2v=01;35:*.mkv=01;35:*.webm=01;35:*.webp=01;35:*.ogm=01;35:*.mp4=01;35:*.m4v=01;35:*.mp4v=01;35:*.vob=01;35:*.qt=01;35:*.nuv=01;35:*.wmv=01;35:*.asf=01;35:*.rm=01;35:*.rmvb=01;35:*.flc=01;35:*.avi=01;35:*.fli=01;35:*.flv=01;35:*.gl=01;35:*.dl=01;35:*.xcf=01;35:*.xwd=01;35:*.yuv=01;35:*.cgm=01;35:*.emf=01;35:*.ogv=01;35:*.ogx=01;35:*.aac=00;36:*.au=00;36:*.flac=00;36:*.m4a=00;36:*.mid=00;36:*.midi=00;36:*.mka=00;36:*.mp3=00;36:*.mpc=00;36:*.ogg=00;36:*.ra=00;36:*.wav=00;36:*.oga=00;36:*.opus=00;36:*.spx=00;36:*.xspf=00;36:*~=00;90:*#=00;90:*.bak=00;90:*.crdownload=00;90:*.dpkg-dist=00;90:*.dpkg-new=00;90:*.dpkg-old=00;90:*.dpkg-tmp=00;90:*.old=00;90:*.orig=00;90:*.part=00;90:*.rej=00;90:*.rpmnew=00;90:*.rpmorig=00;90:*.rpmsave=00;90:*.swp=00;90:*.tmp=00;90:*.ucf-dist=00;90:*.ucf-new=00;90:*.ucf-old=00;90:', 'SBX_CHROME_API_RQ': '1', 'VSCODE_GIT_IPC_HANDLE': '/run/user/1000/vscode-git-a6e8c44245.sock', 'TERM_PROGRAM': 'vscode', 'SSH_AUTH_SOCK': '/run/user/1000/keyring/ssh', 'AMENT_PREFIX_PATH': '/home/basmala/ros2_ws/install/assignment2_custom_msgs_srvs:/home/basmala/ros2_ws/install/yahboom_rosmaster:/home/basmala/ros2_ws/install/yahboom_rosmaster_system_tests:/home/basmala/ros2_ws/install/yahboom_rosmaster_gazebo:/home/basmala/ros2_ws/install/yahboom_rosmaster_description:/home/basmala/ros2_ws/install/yahboom_rosmaster_bringup:/home/basmala/ros2_ws/install/turtlesim_controller:/home/basmala/ros2_ws/install/turtlesim_custom_msgs:/home/basmala/ros2_ws/install/mecanum_drive_controller:/home/basmala/ros2_ws/install/first_package_python:/home/basmala/ros2_ws/install/first_package_cpp:/home/basmala/ros2_ws/install/bme_gazebo_sensors:/home/basmala/ros2_ws/install/assignment1_rt:/opt/ros/jazzy', 'ORIGINAL_XDG_CURRENT_DESKTOP': 'ubuntu:GNOME', 'SHELL': '/bin/bash', 'LC_NAME': 'ar_EG.UTF-8', 'QT_ACCESSIBILITY': '1', 'GDMSESSION': 'ubuntu', 'LESSCLOSE': '/usr/bin/lesspipe %s %s', 'LC_MEASUREMENT': 'ar_EG.UTF-8', 'GJS_DEBUG_OUTPUT': 'stderr', 'LC_IDENTIFICATION': 'ar_EG.UTF-8', 'ROS_AUTOMATIC_DISCOVERY_RANGE': 'SUBNET', 'VSCODE_GIT_ASKPASS_EXTRA_ARGS': '', 'QT_IM_MODULE': 'ibus', 'PWD': '/home/basmala/ros2_ws/build/assignment2_rt', 'XDG_CONFIG_DIRS': '/etc/xdg/xdg-ubuntu:/etc/xdg', 'XDG_DATA_DIRS': '/usr/share/ubuntu:/usr/share/gnome:/usr/local/share/:/usr/share/:/var/lib/snapd/desktop', 'PYTHONPATH': '/home/basmala/ros2_ws/install/assignment2_custom_msgs_srvs/lib/python3.12/site-packages:/home/basmala/ros2_ws/install/turtlesim_custom_msgs/lib/python3.12/site-packages:/home/basmala/ros2_ws/install/first_package_python/lib/python3.12/site-packages:/opt/ros/jazzy/lib/python3.12/site-packages', 'LC_NUMERIC': 'ar_EG.UTF-8', 'LC_PAPER': 'ar_EG.UTF-8', 'COLCON': '1', 'MEMORY_PRESSURE_WRITE': 'c29tZSAyMDAwMDAgMjAwMDAwMAA=', 'CMAKE_PREFIX_PATH': '/home/basmala/ros2_ws/install/assignment2_custom_msgs_srvs:/home/basmala/ros2_ws/install/yahboom_rosmaster:/home/basmala/ros2_ws/install/yahboom_rosmaster_system_tests:/home/basmala/ros2_ws/install/yahboom_rosmaster_gazebo:/home/basmala/ros2_ws/install/yahboom_rosmaster_description:/home/basmala/ros2_ws/install/yahboom_rosmaster_bringup:/home/basmala/ros2_ws/install/turtlesim_controller:/home/basmala/ros2_ws/install/turtlesim_custom_msgs:/home/basmala/ros2_ws/install/mecanum_drive_controller:/home/basmala/ros2_ws/install/first_package_cpp:/home/basmala/ros2_ws/install/bme_gazebo_sensors:/home/basmala/ros2_ws/install/assignment1_rt:/opt/ros/jazzy/opt/gz_sim_vendor:/opt/ros/jazzy/opt/gz_sensors_vendor:/opt/ros/jazzy/opt/gz_physics_vendor:/opt/ros/jazzy/opt/sdformat_vendor:/opt/ros/jazzy/opt/gz_gui_vendor:/opt/ros/jazzy/opt/gz_transport_vendor:/opt/ros/jazzy/opt/gz_rendering_vendor:/opt/ros/jazzy/opt/gz_plugin_vendor:/opt/ros/jazzy/opt/gz_fuel_tools_vendor:/opt/ros/jazzy/opt/gz_msgs_vendor:/opt/ros/jazzy/opt/gz_common_vendor:/opt/ros/jazzy/opt/gz_math_vendor:/opt/ros/jazzy/opt/gz_utils_vendor:/opt/ros/jazzy/opt/gz_tools_vendor:/opt/ros/jazzy/opt/gz_ogre_next_vendor:/opt/ros/jazzy/opt/gz_dartsim_vendor:/opt/ros/jazzy/opt/gz_cmake_vendor'}), 'shell': False}
[8.528948] (-) TimerEvent: {}
[8.545357] (assignment2_rt) StdoutLine: {'line': b'-- The C compiler identification is GNU 13.3.0\n'}
[8.629117] (-) TimerEvent: {}
[8.640911] (assignment2_rt) StdoutLine: {'line': b'-- The CXX compiler identification is GNU 13.3.0\n'}
[8.669891] (assignment2_rt) StdoutLine: {'line': b'-- Detecting C compiler ABI info\n'}
[8.729230] (-) TimerEvent: {}
[8.829630] (-) TimerEvent: {}
[8.858608] (assignment2_rt) StdoutLine: {'line': b'-- Detecting C compiler ABI info - done\n'}
[8.879714] (assignment2_rt) StdoutLine: {'line': b'-- Check for working C compiler: /usr/bin/cc - skipped\n'}
[8.880171] (assignment2_rt) StdoutLine: {'line': b'-- Detecting C compile features\n'}
[8.880732] (assignment2_rt) StdoutLine: {'line': b'-- Detecting C compile features - done\n'}
[8.899828] (assignment2_rt) StdoutLine: {'line': b'-- Detecting CXX compiler ABI info\n'}
[8.929742] (-) TimerEvent: {}
[9.030202] (-) TimerEvent: {}
[9.039063] (assignment2_rt) StdoutLine: {'line': b'-- Detecting CXX compiler ABI info - done\n'}
[9.055088] (assignment2_rt) StdoutLine: {'line': b'-- Check for working CXX compiler: /usr/bin/c++ - skipped\n'}
[9.055691] (assignment2_rt) StdoutLine: {'line': b'-- Detecting CXX compile features\n'}
[9.055962] (assignment2_rt) StdoutLine: {'line': b'-- Detecting CXX compile features - done\n'}
[9.062632] (assignment2_rt) StdoutLine: {'line': b'-- Found ament_cmake: 2.5.4 (/opt/ros/jazzy/share/ament_cmake/cmake)\n'}
[9.130449] (-) TimerEvent: {}
[9.230820] (-) TimerEvent: {}
[9.267448] (assignment2_rt) StdoutLine: {'line': b'-- Found Python3: /usr/bin/python3 (found version "3.12.3") found components: Interpreter \n'}
[9.330955] (-) TimerEvent: {}
[9.405654] (assignment2_rt) StdoutLine: {'line': b'-- Found rclcpp: 28.1.13 (/opt/ros/jazzy/share/rclcpp/cmake)\n'}
[9.431105] (-) TimerEvent: {}
[9.448478] (assignment2_rt) StdoutLine: {'line': b'-- Found rosidl_generator_c: 4.6.6 (/opt/ros/jazzy/share/rosidl_generator_c/cmake)\n'}
[9.468227] (assignment2_rt) StdoutLine: {'line': b'-- Found rosidl_generator_cpp: 4.6.6 (/opt/ros/jazzy/share/rosidl_generator_cpp/cmake)\n'}
[9.487628] (assignment2_rt) StdoutLine: {'line': b'-- Using all available rosidl_typesupport_c: rosidl_typesupport_fastrtps_c;rosidl_typesupport_introspection_c\n'}
[9.511759] (assignment2_rt) StdoutLine: {'line': b'-- Using all available rosidl_typesupport_cpp: rosidl_typesupport_fastrtps_cpp;rosidl_typesupport_introspection_cpp\n'}
[9.531366] (-) TimerEvent: {}
[9.629851] (assignment2_rt) StdoutLine: {'line': b'-- Found rmw_implementation_cmake: 7.3.2 (/opt/ros/jazzy/share/rmw_implementation_cmake/cmake)\n'}
[9.631452] (-) TimerEvent: {}
[9.636483] (assignment2_rt) StdoutLine: {'line': b'-- Found rmw_fastrtps_cpp: 8.4.3 (/opt/ros/jazzy/share/rmw_fastrtps_cpp/cmake)\n'}
[9.731573] (-) TimerEvent: {}
[9.776667] (assignment2_rt) StdoutLine: {'line': b'-- Found OpenSSL: /usr/lib/x86_64-linux-gnu/libcrypto.so (found version "3.0.13")  \n'}
[9.831757] (-) TimerEvent: {}
[9.837139] (assignment2_rt) StdoutLine: {'line': b'-- Found FastRTPS: /opt/ros/jazzy/include (Required is at least version "2.13") \n'}
[9.880646] (assignment2_rt) StdoutLine: {'line': b"-- Using RMW implementation 'rmw_fastrtps_cpp' as default\n"}
[9.931899] (-) TimerEvent: {}
[9.998771] (assignment2_rt) StdoutLine: {'line': b'-- Found geometry_msgs: 5.3.6 (/opt/ros/jazzy/share/geometry_msgs/cmake)\n'}
[10.032030] (-) TimerEvent: {}
[10.113937] (assignment2_rt) StdoutLine: {'line': b'-- Found sensor_msgs: 5.3.6 (/opt/ros/jazzy/share/sensor_msgs/cmake)\n'}
[10.132255] (-) TimerEvent: {}
[10.182513] (assignment2_rt) StdoutLine: {'line': b'-- Found assignment2_custom_msgs_srvs: 0.0.0 (/home/basmala/ros2_ws/install/assignment2_custom_msgs_srvs/share/assignment2_custom_msgs_srvs/cmake)\n'}
[10.219477] (assignment2_rt) StdoutLine: {'line': b'-- Found ament_lint_auto: 0.17.3 (/opt/ros/jazzy/share/ament_lint_auto/cmake)\n'}
[10.232435] (-) TimerEvent: {}
[10.310517] (assignment2_rt) StderrLine: {'line': b"Error parsing '/home/basmala/ros2_ws/assignment2_rt/package.xml':\n"}
[10.332604] (-) TimerEvent: {}
[10.433013] (-) TimerEvent: {}
[10.533538] (-) TimerEvent: {}
[10.633921] (-) TimerEvent: {}
[10.734272] (-) TimerEvent: {}
[10.834551] (-) TimerEvent: {}
[10.934922] (-) TimerEvent: {}
[11.035437] (-) TimerEvent: {}
[11.135725] (-) TimerEvent: {}
[11.236214] (-) TimerEvent: {}
[11.336532] (-) TimerEvent: {}
[11.436965] (-) TimerEvent: {}
[11.537732] (-) TimerEvent: {}
[11.638204] (-) TimerEvent: {}
[11.738820] (-) TimerEvent: {}
[11.839345] (-) TimerEvent: {}
[11.940156] (-) TimerEvent: {}
[12.040710] (-) TimerEvent: {}
[12.141325] (-) TimerEvent: {}
[12.241823] (-) TimerEvent: {}
[12.342312] (-) TimerEvent: {}
[12.442950] (-) TimerEvent: {}
[12.543511] (-) TimerEvent: {}
[12.644023] (-) TimerEvent: {}
[12.744546] (-) TimerEvent: {}
[12.844927] (-) TimerEvent: {}
[12.945403] (-) TimerEvent: {}
[13.045805] (-) TimerEvent: {}
[13.146402] (-) TimerEvent: {}
[13.246785] (-) TimerEvent: {}
[13.347255] (-) TimerEvent: {}
[13.447723] (-) TimerEvent: {}
[13.548223] (-) TimerEvent: {}
[13.648729] (-) TimerEvent: {}
[13.749265] (-) TimerEvent: {}
[13.849921] (-) TimerEvent: {}
[13.862860] (assignment2_rt) StderrLine: {'line': b'Traceback (most recent call last):\n'}
[13.863412] (assignment2_rt) StderrLine: {'line': b'  File "/opt/ros/jazzy/share/ament_cmake_core/cmake/core/package_xml_2_cmake.py", line 150, in <module>\n'}
[13.863722] (assignment2_rt) StderrLine: {'line': b'    main()\n'}
[13.863853] (assignment2_rt) StderrLine: {'line': b'  File "/opt/ros/jazzy/share/ament_cmake_core/cmake/core/package_xml_2_cmake.py", line 53, in main\n'}
[13.863956] (assignment2_rt) StderrLine: {'line': b'    raise e\n'}
[13.864057] (assignment2_rt) StderrLine: {'line': b'  File "/opt/ros/jazzy/share/ament_cmake_core/cmake/core/package_xml_2_cmake.py", line 49, in main\n'}
[13.864159] (assignment2_rt) StderrLine: {'line': b'    package = parse_package_string(\n'}
[13.864261] (assignment2_rt) StderrLine: {'line': b'              ^^^^^^^^^^^^^^^^^^^^^\n'}
[13.864440] (assignment2_rt) StderrLine: {'line': b'  File "/usr/lib/python3/dist-packages/catkin_pkg/package.py", line 786, in parse_package_string\n'}
[13.864594] (assignment2_rt) StderrLine: {'line': b"    raise InvalidPackage('Error(s):%s' % (''.join(['\\n- %s' % e for e in errors])), filename)\n"}
[13.864739] (assignment2_rt) StderrLine: {'line': b"catkin_pkg.package.InvalidPackage: Error(s) in package '/home/basmala/ros2_ws/assignment2_rt/package.xml':\n"}
[13.864885] (assignment2_rt) StderrLine: {'line': b'Error(s):\n'}
[13.865009] (assignment2_rt) StderrLine: {'line': b"- The generic dependency on 'rclcpp' is redundant with: exec_depend\n"}
[13.865130] (assignment2_rt) StderrLine: {'line': b"- The generic dependency on 'geometry_msgs' is redundant with: exec_depend\n"}
[13.865257] (assignment2_rt) StderrLine: {'line': b"- The generic dependency on 'sensor_msgs' is redundant with: exec_depend\n"}
[13.930878] (assignment2_rt) StderrLine: {'line': b'\x1b[31mCMake Error at /opt/ros/jazzy/share/ament_cmake_core/cmake/core/ament_package_xml.cmake:95 (message):\n'}
[13.931223] (assignment2_rt) StderrLine: {'line': b'  execute_process(/usr/bin/python3\n'}
[13.931544] (assignment2_rt) StderrLine: {'line': b'  /opt/ros/jazzy/share/ament_cmake_core/cmake/core/package_xml_2_cmake.py\n'}
[13.931685] (assignment2_rt) StderrLine: {'line': b'  /home/basmala/ros2_ws/assignment2_rt/package.xml\n'}
[13.931817] (assignment2_rt) StderrLine: {'line': b'  /home/basmala/ros2_ws/build/assignment2_rt/ament_cmake_core/package.cmake)\n'}
[13.931929] (assignment2_rt) StderrLine: {'line': b'  returned error code 1\n'}
[13.932037] (assignment2_rt) StderrLine: {'line': b'Call Stack (most recent call first):\n'}
[13.932143] (assignment2_rt) StderrLine: {'line': b'  /opt/ros/jazzy/share/ament_cmake_core/cmake/core/ament_package_xml.cmake:49 (_ament_package_xml)\n'}
[13.932245] (assignment2_rt) StderrLine: {'line': b'  /opt/ros/jazzy/share/ament_lint_auto/cmake/ament_lint_auto_find_test_dependencies.cmake:31 (ament_package_xml)\n'}
[13.932366] (assignment2_rt) StderrLine: {'line': b'  CMakeLists.txt:36 (ament_lint_auto_find_test_dependencies)\n'}
[13.932469] (assignment2_rt) StderrLine: {'line': b'\n'}
[13.932574] (assignment2_rt) StderrLine: {'line': b'\x1b[0m\n'}
[13.932677] (assignment2_rt) StdoutLine: {'line': b'-- Configuring incomplete, errors occurred!\n'}
[13.947992] (assignment2_rt) CommandEnded: {'returncode': 1}
[13.949653] (assignment2_rt) JobEnded: {'identifier': 'assignment2_rt', 'rc': 1}
[13.950467] (-) TimerEvent: {}
[13.960533] (-) EventReactorShutdown: {}
