[0.032s] Invoking command in '/home/basmala/ros2_ws/build/yahboom_rosmaster_gazebo': CMAKE_PREFIX_PATH=${CMAKE_PREFIX_PATH}:/home/basmala/ros2_ws/install/first_package_python:/opt/ros/jazzy DEBUGINFOD_URLS=https://debuginfod.ubuntu.com /usr/bin/cmake --build /home/basmala/ros2_ws/build/yahboom_rosmaster_gazebo -- -j20 -l20
[0.112s] Invoked command in '/home/basmala/ros2_ws/build/yahboom_rosmaster_gazebo' returned '0': CMAKE_PREFIX_PATH=${CMAKE_PREFIX_PATH}:/home/basmala/ros2_ws/install/first_package_python:/opt/ros/jazzy DEBUGINFOD_URLS=https://debuginfod.ubuntu.com /usr/bin/cmake --build /home/basmala/ros2_ws/build/yahboom_rosmaster_gazebo -- -j20 -l20
[0.114s] Invoking command in '/home/basmala/ros2_ws/build/yahboom_rosmaster_gazebo': CMAKE_PREFIX_PATH=${CMAKE_PREFIX_PATH}:/home/basmala/ros2_ws/install/first_package_python:/opt/ros/jazzy DEBUGINFOD_URLS=https://debuginfod.ubuntu.com /usr/bin/cmake --install /home/basmala/ros2_ws/build/yahboom_rosmaster_gazebo
[0.126s] -- Install configuration: ""
[0.127s] -- Execute custom install script
[0.127s] -- Symlinking: /home/basmala/ros2_ws/install/yahboom_rosmaster_gazebo/share/yahboom_rosmaster_gazebo/config/ros_gz_bridge.yaml
[0.144s] -- Symlinking: /home/basmala/ros2_ws/install/yahboom_rosmaster_gazebo/share/yahboom_rosmaster_gazebo/launch/yahboom_rosmaster.gazebo.launch.py
[0.181s] -- Symlinking: /home/basmala/ros2_ws/install/yahboom_rosmaster_gazebo/share/yahboom_rosmaster_gazebo/models/Apriltag36_11_00000/materials/textures/tag36_11_00000.png
[0.201s] -- Symlinking: /home/basmala/ros2_ws/install/yahboom_rosmaster_gazebo/share/yahboom_rosmaster_gazebo/models/Apriltag36_11_00000/meshes/tag36_11_00000.dae
[0.223s] -- Symlinking: /home/basmala/ros2_ws/install/yahboom_rosmaster_gazebo/share/yahboom_rosmaster_gazebo/models/Apriltag36_11_00000/model.config
[0.241s] -- Symlinking: /home/basmala/ros2_ws/install/yahboom_rosmaster_gazebo/share/yahboom_rosmaster_gazebo/models/Apriltag36_11_00000/model.sdf
[0.255s] -- Symlinking: /home/basmala/ros2_ws/install/yahboom_rosmaster_gazebo/share/yahboom_rosmaster_gazebo/models/aws_robomaker_residential_AirconditionerA_01/materials/textures/aws_AirconditionerA_01.png
[0.271s] -- Symlinking: /home/basmala/ros2_ws/install/yahboom_rosmaster_gazebo/share/yahboom_rosmaster_gazebo/models/aws_robomaker_residential_AirconditionerA_01/meshes/aws_AirconditionerA_01_collision.DAE
[0.286s] -- Symlinking: /home/basmala/ros2_ws/install/yahboom_rosmaster_gazebo/share/yahboom_rosmaster_gazebo/models/aws_robomaker_residential_AirconditionerA_01/meshes/aws_AirconditionerA_01_visual.DAE
[0.301s] -- Symlinking: /home/basmala/ros2_ws/install/yahboom_rosmaster_gazebo/share/yahboom_rosmaster_gazebo/models/aws_robomaker_residential_AirconditionerA_01/model.config
[0.317s] -- Symlinking: /home/basmala/ros2_ws/install/yahboom_rosmaster_gazebo/share/yahboom_rosmaster_gazebo/models/aws_robomaker_residential_AirconditionerA_01/model.sdf
[0.335s] -- Symlinking: /home/basmala/ros2_ws/install/yahboom_rosmaster_gazebo/share/yahboom_rosmaster_gazebo/models/aws_robomaker_residential_AirconditionerB_01/materials/textures/aws_AirconditionerB_01.png
[0.351s] -- Symlinking: /home/basmala/ros2_ws/install/yahboom_rosmaster_gazebo/share/yahboom_rosmaster_gazebo/models/aws_robomaker_residential_AirconditionerB_01/meshes/aws_AirconditionerB_01_collision.DAE
[0.367s] -- Symlinking: /home/basmala/ros2_ws/install/yahboom_rosmaster_gazebo/share/yahboom_rosmaster_gazebo/models/aws_robomaker_residential_AirconditionerB_01/meshes/aws_AirconditionerB_01_visual.DAE
[0.384s] -- Symlinking: /home/basmala/ros2_ws/install/yahboom_rosmaster_gazebo/share/yahboom_rosmaster_gazebo/models/aws_robomaker_residential_AirconditionerB_01/model.config
[0.401s] -- Symlinking: /home/basmala/ros2_ws/install/yahboom_rosmaster_gazebo/share/yahboom_rosmaster_gazebo/models/aws_robomaker_residential_AirconditionerB_01/model.sdf
[0.420s] -- Symlinking: /home/basmala/ros2_ws/install/yahboom_rosmaster_gazebo/share/yahboom_rosmaster_gazebo/models/aws_robomaker_residential_BalconyTable_01/materials/textures/aws_BalconyTable_01.png
[0.439s] -- Symlinking: /home/basmala/ros2_ws/install/yahboom_rosmaster_gazebo/share/yahboom_rosmaster_gazebo/models/aws_robomaker_residential_BalconyTable_01/meshes/aws_BalconyTable_01_collision.DAE
[0.456s] -- Symlinking: /home/basmala/ros2_ws/install/yahboom_rosmaster_gazebo/share/yahboom_rosmaster_gazebo/models/aws_robomaker_residential_BalconyTable_01/meshes/aws_BalconyTable_01_visual.DAE
[0.471s] -- Symlinking: /home/basmala/ros2_ws/install/yahboom_rosmaster_gazebo/share/yahboom_rosmaster_gazebo/models/aws_robomaker_residential_BalconyTable_01/model.config
[0.484s] -- Symlinking: /home/basmala/ros2_ws/install/yahboom_rosmaster_gazebo/share/yahboom_rosmaster_gazebo/models/aws_robomaker_residential_BalconyTable_01/model.sdf
[0.502s] -- Symlinking: /home/basmala/ros2_ws/install/yahboom_rosmaster_gazebo/share/yahboom_rosmaster_gazebo/models/aws_robomaker_residential_Ball_01/materials/textures/aws_Ball_01.png
[0.523s] -- Symlinking: /home/basmala/ros2_ws/install/yahboom_rosmaster_gazebo/share/yahboom_rosmaster_gazebo/models/aws_robomaker_residential_Ball_01/meshes/aws_Ball_01_collision.DAE
[0.542s] -- Symlinking: /home/basmala/ros2_ws/install/yahboom_rosmaster_gazebo/share/yahboom_rosmaster_gazebo/models/aws_robomaker_residential_Ball_01/meshes/aws_Ball_01_visual.DAE
[0.558s] -- Symlinking: /home/basmala/ros2_ws/install/yahboom_rosmaster_gazebo/share/yahboom_rosmaster_gazebo/models/aws_robomaker_residential_Ball_01/model.config
[0.573s] -- Symlinking: /home/basmala/ros2_ws/install/yahboom_rosmaster_gazebo/share/yahboom_rosmaster_gazebo/models/aws_robomaker_residential_Ball_01/model.sdf
[0.595s] -- Symlinking: /home/basmala/ros2_ws/install/yahboom_rosmaster_gazebo/share/yahboom_rosmaster_gazebo/models/aws_robomaker_residential_Bed_01/materials/textures/aws_BedA_01.png
[0.617s] -- Symlinking: /home/basmala/ros2_ws/install/yahboom_rosmaster_gazebo/share/yahboom_rosmaster_gazebo/models/aws_robomaker_residential_Bed_01/materials/textures/aws_BedB_01.png
[0.638s] -- Symlinking: /home/basmala/ros2_ws/install/yahboom_rosmaster_gazebo/share/yahboom_rosmaster_gazebo/models/aws_robomaker_residential_Bed_01/materials/textures/aws_BedC_01.png
[0.655s] -- Symlinking: /home/basmala/ros2_ws/install/yahboom_rosmaster_gazebo/share/yahboom_rosmaster_gazebo/models/aws_robomaker_residential_Bed_01/materials/textures/aws_Bed_01.png
[0.671s] -- Symlinking: /home/basmala/ros2_ws/install/yahboom_rosmaster_gazebo/share/yahboom_rosmaster_gazebo/models/aws_robomaker_residential_Bed_01/meshes/aws_Bed_01_collision.DAE
[0.686s] -- Symlinking: /home/basmala/ros2_ws/install/yahboom_rosmaster_gazebo/share/yahboom_rosmaster_gazebo/models/aws_robomaker_residential_Bed_01/meshes/aws_Bed_01_visual.DAE
[0.705s] -- Symlinking: /home/basmala/ros2_ws/install/yahboom_rosmaster_gazebo/share/yahboom_rosmaster_gazebo/models/aws_robomaker_residential_Bed_01/model.config
[0.722s] -- Symlinking: /home/basmala/ros2_ws/install/yahboom_rosmaster_gazebo/share/yahboom_rosmaster_gazebo/models/aws_robomaker_residential_Bed_01/model.sdf
[0.741s] -- Symlinking: /home/basmala/ros2_ws/install/yahboom_rosmaster_gazebo/share/yahboom_rosmaster_gazebo/models/aws_robomaker_residential_Board_01/materials/textures/aws_Board_01.png
[0.756s] -- Symlinking: /home/basmala/ros2_ws/install/yahboom_rosmaster_gazebo/share/yahboom_rosmaster_gazebo/models/aws_robomaker_residential_Board_01/meshes/aws_Board_01_collision.DAE
[0.772s] -- Symlinking: /home/basmala/ros2_ws/install/yahboom_rosmaster_gazebo/share/yahboom_rosmaster_gazebo/models/aws_robomaker_residential_Board_01/meshes/aws_Board_01_visual.DAE
[0.791s] -- Symlinking: /home/basmala/ros2_ws/install/yahboom_rosmaster_gazebo/share/yahboom_rosmaster_gazebo/models/aws_robomaker_residential_Board_01/model.config
[0.810s] -- Symlinking: /home/basmala/ros2_ws/install/yahboom_rosmaster_gazebo/share/yahboom_rosmaster_gazebo/models/aws_robomaker_residential_Board_01/model.sdf
[0.835s] -- Symlinking: /home/basmala/ros2_ws/install/yahboom_rosmaster_gazebo/share/yahboom_rosmaster_gazebo/models/aws_robomaker_residential_Carpet_01/materials/textures/aws_Carpet_01.png
[0.858s] -- Symlinking: /home/basmala/ros2_ws/install/yahboom_rosmaster_gazebo/share/yahboom_rosmaster_gazebo/models/aws_robomaker_residential_Carpet_01/meshes/aws_Carpet_01_collision.DAE
[0.874s] -- Symlinking: /home/basmala/ros2_ws/install/yahboom_rosmaster_gazebo/share/yahboom_rosmaster_gazebo/models/aws_robomaker_residential_Carpet_01/meshes/aws_Carpet_01_visual.DAE
[0.892s] -- Symlinking: /home/basmala/ros2_ws/install/yahboom_rosmaster_gazebo/share/yahboom_rosmaster_gazebo/models/aws_robomaker_residential_Carpet_01/model.config
[0.909s] -- Symlinking: /home/basmala/ros2_ws/install/yahboom_rosmaster_gazebo/share/yahboom_rosmaster_gazebo/models/aws_robomaker_residential_Carpet_01/model.sdf
[0.925s] -- Symlinking: /home/basmala/ros2_ws/install/yahboom_rosmaster_gazebo/share/yahboom_rosmaster_gazebo/models/aws_robomaker_residential_ChairA_01/materials/textures/aws_ChairA_01.png
[0.942s] -- Symlinking: /home/basmala/ros2_ws/install/yahboom_rosmaster_gazebo/share/yahboom_rosmaster_gazebo/models/aws_robomaker_residential_ChairA_01/meshes/aws_ChairA_01_collision.DAE
[0.957s] -- Symlinking: /home/basmala/ros2_ws/install/yahboom_rosmaster_gazebo/share/yahboom_rosmaster_gazebo/models/aws_robomaker_residential_ChairA_01/meshes/aws_ChairA_01_visual.DAE
[0.973s] -- Symlinking: /home/basmala/ros2_ws/install/yahboom_rosmaster_gazebo/share/yahboom_rosmaster_gazebo/models/aws_robomaker_residential_ChairA_01/model.config
[0.993s] -- Symlinking: /home/basmala/ros2_ws/install/yahboom_rosmaster_gazebo/share/yahboom_rosmaster_gazebo/models/aws_robomaker_residential_ChairA_01/model.sdf
[1.017s] -- Symlinking: /home/basmala/ros2_ws/install/yahboom_rosmaster_gazebo/share/yahboom_rosmaster_gazebo/models/aws_robomaker_residential_ChairD_01/materials/textures/aws_ChairD_01.png
[1.041s] -- Symlinking: /home/basmala/ros2_ws/install/yahboom_rosmaster_gazebo/share/yahboom_rosmaster_gazebo/models/aws_robomaker_residential_ChairD_01/meshes/aws_ChairD_01_collision.DAE
[1.059s] -- Symlinking: /home/basmala/ros2_ws/install/yahboom_rosmaster_gazebo/share/yahboom_rosmaster_gazebo/models/aws_robomaker_residential_ChairD_01/meshes/aws_ChairD_01_visual.DAE
[1.079s] -- Symlinking: /home/basmala/ros2_ws/install/yahboom_rosmaster_gazebo/share/yahboom_rosmaster_gazebo/models/aws_robomaker_residential_ChairD_01/model.config
[1.099s] -- Symlinking: /home/basmala/ros2_ws/install/yahboom_rosmaster_gazebo/share/yahboom_rosmaster_gazebo/models/aws_robomaker_residential_ChairD_01/model.sdf
[1.121s] -- Symlinking: /home/basmala/ros2_ws/install/yahboom_rosmaster_gazebo/share/yahboom_rosmaster_gazebo/models/aws_robomaker_residential_Chandelier_01/materials/textures/aws_Chandelier_01.png
[1.142s] -- Symlinking: /home/basmala/ros2_ws/install/yahboom_rosmaster_gazebo/share/yahboom_rosmaster_gazebo/models/aws_robomaker_residential_Chandelier_01/meshes/aws_Chandelier_01.DAE
[1.164s] -- Symlinking: /home/basmala/ros2_ws/install/yahboom_rosmaster_gazebo/share/yahboom_rosmaster_gazebo/models/aws_robomaker_residential_Chandelier_01/meshes/aws_Chandelier_01_collision.DAE
[1.183s] -- Symlinking: /home/basmala/ros2_ws/install/yahboom_rosmaster_gazebo/share/yahboom_rosmaster_gazebo/models/aws_robomaker_residential_Chandelier_01/meshes/aws_Chandelier_01_visual.DAE
[1.203s] -- Symlinking: /home/basmala/ros2_ws/install/yahboom_rosmaster_gazebo/share/yahboom_rosmaster_gazebo/models/aws_robomaker_residential_Chandelier_01/model.config
[1.224s] -- Symlinking: /home/basmala/ros2_ws/install/yahboom_rosmaster_gazebo/share/yahboom_rosmaster_gazebo/models/aws_robomaker_residential_Chandelier_01/model.sdf
[1.249s] -- Symlinking: /home/basmala/ros2_ws/install/yahboom_rosmaster_gazebo/share/yahboom_rosmaster_gazebo/models/aws_robomaker_residential_CoffeeTable_01/materials/textures/aws_CoffeeTable_01.png
[1.273s] -- Symlinking: /home/basmala/ros2_ws/install/yahboom_rosmaster_gazebo/share/yahboom_rosmaster_gazebo/models/aws_robomaker_residential_CoffeeTable_01/meshes/aws_CoffeeTable_01_collision.DAE
[1.292s] -- Symlinking: /home/basmala/ros2_ws/install/yahboom_rosmaster_gazebo/share/yahboom_rosmaster_gazebo/models/aws_robomaker_residential_CoffeeTable_01/meshes/aws_CoffeeTable_01_visual.DAE
[1.310s] -- Symlinking: /home/basmala/ros2_ws/install/yahboom_rosmaster_gazebo/share/yahboom_rosmaster_gazebo/models/aws_robomaker_residential_CoffeeTable_01/model.config
[1.328s] -- Symlinking: /home/basmala/ros2_ws/install/yahboom_rosmaster_gazebo/share/yahboom_rosmaster_gazebo/models/aws_robomaker_residential_CoffeeTable_01/model.sdf
[1.341s] -- Symlinking: /home/basmala/ros2_ws/install/yahboom_rosmaster_gazebo/share/yahboom_rosmaster_gazebo/models/aws_robomaker_residential_CookingBench_01/materials/textures/aws_CookingBench_01.png
[1.353s] -- Symlinking: /home/basmala/ros2_ws/install/yahboom_rosmaster_gazebo/share/yahboom_rosmaster_gazebo/models/aws_robomaker_residential_CookingBench_01/meshes/aws_CookingBench_01.DAE
[1.367s] -- Symlinking: /home/basmala/ros2_ws/install/yahboom_rosmaster_gazebo/share/yahboom_rosmaster_gazebo/models/aws_robomaker_residential_CookingBench_01/meshes/aws_CookingBench_01_collision.DAE
[1.387s] -- Symlinking: /home/basmala/ros2_ws/install/yahboom_rosmaster_gazebo/share/yahboom_rosmaster_gazebo/models/aws_robomaker_residential_CookingBench_01/meshes/aws_CookingBench_01_visual.DAE
[1.406s] -- Symlinking: /home/basmala/ros2_ws/install/yahboom_rosmaster_gazebo/share/yahboom_rosmaster_gazebo/models/aws_robomaker_residential_CookingBench_01/model.config
[1.429s] -- Symlinking: /home/basmala/ros2_ws/install/yahboom_rosmaster_gazebo/share/yahboom_rosmaster_gazebo/models/aws_robomaker_residential_CookingBench_01/model.sdf
[1.446s] -- Symlinking: /home/basmala/ros2_ws/install/yahboom_rosmaster_gazebo/share/yahboom_rosmaster_gazebo/models/aws_robomaker_residential_Curtain_01/materials/textures/aws_Curtain_01.png
[1.464s] -- Symlinking: /home/basmala/ros2_ws/install/yahboom_rosmaster_gazebo/share/yahboom_rosmaster_gazebo/models/aws_robomaker_residential_Curtain_01/meshes/aws_Curtain_01_collision.DAE
[1.480s] -- Symlinking: /home/basmala/ros2_ws/install/yahboom_rosmaster_gazebo/share/yahboom_rosmaster_gazebo/models/aws_robomaker_residential_Curtain_01/meshes/aws_Curtain_01_visual.DAE
[1.497s] -- Symlinking: /home/basmala/ros2_ws/install/yahboom_rosmaster_gazebo/share/yahboom_rosmaster_gazebo/models/aws_robomaker_residential_Curtain_01/model.config
[1.512s] -- Symlinking: /home/basmala/ros2_ws/install/yahboom_rosmaster_gazebo/share/yahboom_rosmaster_gazebo/models/aws_robomaker_residential_Curtain_01/model.sdf
[1.527s] -- Symlinking: /home/basmala/ros2_ws/install/yahboom_rosmaster_gazebo/share/yahboom_rosmaster_gazebo/models/aws_robomaker_residential_DeskPortraitA_01/materials/textures/DeskPortraitA_01.jpg
[1.543s] -- Symlinking: /home/basmala/ros2_ws/install/yahboom_rosmaster_gazebo/share/yahboom_rosmaster_gazebo/models/aws_robomaker_residential_DeskPortraitA_01/materials/textures/aws_DeskPortraitA_01.png
[1.558s] -- Symlinking: /home/basmala/ros2_ws/install/yahboom_rosmaster_gazebo/share/yahboom_rosmaster_gazebo/models/aws_robomaker_residential_DeskPortraitA_01/materials/textures/aws_DeskPortraitA_02.png
[1.573s] -- Symlinking: /home/basmala/ros2_ws/install/yahboom_rosmaster_gazebo/share/yahboom_rosmaster_gazebo/models/aws_robomaker_residential_DeskPortraitA_01/meshes/aws_DeskPortraitA_01_collision.DAE
[1.593s] -- Symlinking: /home/basmala/ros2_ws/install/yahboom_rosmaster_gazebo/share/yahboom_rosmaster_gazebo/models/aws_robomaker_residential_DeskPortraitA_01/meshes/aws_DeskPortraitA_01_visual.DAE
[1.613s] -- Symlinking: /home/basmala/ros2_ws/install/yahboom_rosmaster_gazebo/share/yahboom_rosmaster_gazebo/models/aws_robomaker_residential_DeskPortraitA_01/model.config
[1.631s] -- Symlinking: /home/basmala/ros2_ws/install/yahboom_rosmaster_gazebo/share/yahboom_rosmaster_gazebo/models/aws_robomaker_residential_DeskPortraitA_01/model.sdf
[1.646s] -- Symlinking: /home/basmala/ros2_ws/install/yahboom_rosmaster_gazebo/share/yahboom_rosmaster_gazebo/models/aws_robomaker_residential_DeskPortraitA_02/materials/textures/DeskPortraitA_02.jpg
[1.661s] -- Symlinking: /home/basmala/ros2_ws/install/yahboom_rosmaster_gazebo/share/yahboom_rosmaster_gazebo/models/aws_robomaker_residential_DeskPortraitA_02/materials/textures/aws_DeskPortraitA_01.png
[1.676s] -- Symlinking: /home/basmala/ros2_ws/install/yahboom_rosmaster_gazebo/share/yahboom_rosmaster_gazebo/models/aws_robomaker_residential_DeskPortraitA_02/materials/textures/aws_DeskPortraitA_02.png
[1.691s] -- Symlinking: /home/basmala/ros2_ws/install/yahboom_rosmaster_gazebo/share/yahboom_rosmaster_gazebo/models/aws_robomaker_residential_DeskPortraitA_02/meshes/aws_DeskPortraitA_01_collision.DAE
[1.707s] -- Symlinking: /home/basmala/ros2_ws/install/yahboom_rosmaster_gazebo/share/yahboom_rosmaster_gazebo/models/aws_robomaker_residential_DeskPortraitA_02/meshes/aws_DeskPortraitA_01_visual.DAE
[1.723s] -- Symlinking: /home/basmala/ros2_ws/install/yahboom_rosmaster_gazebo/share/yahboom_rosmaster_gazebo/models/aws_robomaker_residential_DeskPortraitA_02/model.config
[1.738s] -- Symlinking: /home/basmala/ros2_ws/install/yahboom_rosmaster_gazebo/share/yahboom_rosmaster_gazebo/models/aws_robomaker_residential_DeskPortraitA_02/model.sdf
[1.754s] -- Symlinking: /home/basmala/ros2_ws/install/yahboom_rosmaster_gazebo/share/yahboom_rosmaster_gazebo/models/aws_robomaker_residential_DeskPortraitB_01/materials/textures/DeskPortraitB_01.jpg
[1.769s] -- Symlinking: /home/basmala/ros2_ws/install/yahboom_rosmaster_gazebo/share/yahboom_rosmaster_gazebo/models/aws_robomaker_residential_DeskPortraitB_01/materials/textures/aws_DeskPortraitB_01.png
[1.788s] -- Symlinking: /home/basmala/ros2_ws/install/yahboom_rosmaster_gazebo/share/yahboom_rosmaster_gazebo/models/aws_robomaker_residential_DeskPortraitB_01/materials/textures/aws_DeskPortraitB_02.png
[1.806s] -- Symlinking: /home/basmala/ros2_ws/install/yahboom_rosmaster_gazebo/share/yahboom_rosmaster_gazebo/models/aws_robomaker_residential_DeskPortraitB_01/meshes/aws_DeskPortraitB_01_collision.DAE
[1.827s] -- Symlinking: /home/basmala/ros2_ws/install/yahboom_rosmaster_gazebo/share/yahboom_rosmaster_gazebo/models/aws_robomaker_residential_DeskPortraitB_01/meshes/aws_DeskPortraitB_01_visual.DAE
[1.843s] -- Symlinking: /home/basmala/ros2_ws/install/yahboom_rosmaster_gazebo/share/yahboom_rosmaster_gazebo/models/aws_robomaker_residential_DeskPortraitB_01/model.config
[1.859s] -- Symlinking: /home/basmala/ros2_ws/install/yahboom_rosmaster_gazebo/share/yahboom_rosmaster_gazebo/models/aws_robomaker_residential_DeskPortraitB_01/model.sdf
[1.875s] -- Symlinking: /home/basmala/ros2_ws/install/yahboom_rosmaster_gazebo/share/yahboom_rosmaster_gazebo/models/aws_robomaker_residential_DeskPortraitB_02/materials/textures/DeskPortraitB_02.jpg
[1.893s] -- Symlinking: /home/basmala/ros2_ws/install/yahboom_rosmaster_gazebo/share/yahboom_rosmaster_gazebo/models/aws_robomaker_residential_DeskPortraitB_02/materials/textures/aws_DeskPortraitB_01.png
[1.908s] -- Symlinking: /home/basmala/ros2_ws/install/yahboom_rosmaster_gazebo/share/yahboom_rosmaster_gazebo/models/aws_robomaker_residential_DeskPortraitB_02/materials/textures/aws_DeskPortraitB_02.png
[1.925s] -- Symlinking: /home/basmala/ros2_ws/install/yahboom_rosmaster_gazebo/share/yahboom_rosmaster_gazebo/models/aws_robomaker_residential_DeskPortraitB_02/meshes/aws_DeskPortraitB_01_collision.DAE
[1.941s] -- Symlinking: /home/basmala/ros2_ws/install/yahboom_rosmaster_gazebo/share/yahboom_rosmaster_gazebo/models/aws_robomaker_residential_DeskPortraitB_02/meshes/aws_DeskPortraitB_01_visual.DAE
[1.957s] -- Symlinking: /home/basmala/ros2_ws/install/yahboom_rosmaster_gazebo/share/yahboom_rosmaster_gazebo/models/aws_robomaker_residential_DeskPortraitB_02/model.config
[1.971s] -- Symlinking: /home/basmala/ros2_ws/install/yahboom_rosmaster_gazebo/share/yahboom_rosmaster_gazebo/models/aws_robomaker_residential_DeskPortraitB_02/model.sdf
[1.991s] -- Symlinking: /home/basmala/ros2_ws/install/yahboom_rosmaster_gazebo/share/yahboom_rosmaster_gazebo/models/aws_robomaker_residential_DeskPortraitC_01/materials/textures/DeskPortraitC_01.jpg
[2.012s] -- Symlinking: /home/basmala/ros2_ws/install/yahboom_rosmaster_gazebo/share/yahboom_rosmaster_gazebo/models/aws_robomaker_residential_DeskPortraitC_01/materials/textures/aws_DeskPortraitC_01.png
[2.032s] -- Symlinking: /home/basmala/ros2_ws/install/yahboom_rosmaster_gazebo/share/yahboom_rosmaster_gazebo/models/aws_robomaker_residential_DeskPortraitC_01/materials/textures/aws_DeskPortraitC_02.png
[2.047s] -- Symlinking: /home/basmala/ros2_ws/install/yahboom_rosmaster_gazebo/share/yahboom_rosmaster_gazebo/models/aws_robomaker_residential_DeskPortraitC_01/meshes/aws_DeskPortraitC_01_collision.DAE
[2.062s] -- Symlinking: /home/basmala/ros2_ws/install/yahboom_rosmaster_gazebo/share/yahboom_rosmaster_gazebo/models/aws_robomaker_residential_DeskPortraitC_01/meshes/aws_DeskPortraitC_01_visual.DAE
[2.077s] -- Symlinking: /home/basmala/ros2_ws/install/yahboom_rosmaster_gazebo/share/yahboom_rosmaster_gazebo/models/aws_robomaker_residential_DeskPortraitC_01/model.config
[2.091s] -- Symlinking: /home/basmala/ros2_ws/install/yahboom_rosmaster_gazebo/share/yahboom_rosmaster_gazebo/models/aws_robomaker_residential_DeskPortraitC_01/model.sdf
[2.106s] -- Symlinking: /home/basmala/ros2_ws/install/yahboom_rosmaster_gazebo/share/yahboom_rosmaster_gazebo/models/aws_robomaker_residential_DeskPortraitC_02/materials/textures/DeskPortraitC_02.jpg
[2.122s] -- Symlinking: /home/basmala/ros2_ws/install/yahboom_rosmaster_gazebo/share/yahboom_rosmaster_gazebo/models/aws_robomaker_residential_DeskPortraitC_02/materials/textures/aws_DeskPortraitC_01.png
[2.137s] -- Symlinking: /home/basmala/ros2_ws/install/yahboom_rosmaster_gazebo/share/yahboom_rosmaster_gazebo/models/aws_robomaker_residential_DeskPortraitC_02/materials/textures/aws_DeskPortraitC_02.png
[2.154s] -- Symlinking: /home/basmala/ros2_ws/install/yahboom_rosmaster_gazebo/share/yahboom_rosmaster_gazebo/models/aws_robomaker_residential_DeskPortraitC_02/meshes/aws_DeskPortraitC_01_collision.DAE
[2.169s] -- Symlinking: /home/basmala/ros2_ws/install/yahboom_rosmaster_gazebo/share/yahboom_rosmaster_gazebo/models/aws_robomaker_residential_DeskPortraitC_02/meshes/aws_DeskPortraitC_01_visual.DAE
[2.189s] -- Symlinking: /home/basmala/ros2_ws/install/yahboom_rosmaster_gazebo/share/yahboom_rosmaster_gazebo/models/aws_robomaker_residential_DeskPortraitC_02/model.config
[2.206s] -- Symlinking: /home/basmala/ros2_ws/install/yahboom_rosmaster_gazebo/share/yahboom_rosmaster_gazebo/models/aws_robomaker_residential_DeskPortraitC_02/model.sdf
[2.226s] -- Symlinking: /home/basmala/ros2_ws/install/yahboom_rosmaster_gazebo/share/yahboom_rosmaster_gazebo/models/aws_robomaker_residential_DeskPortraitD_01/materials/textures/DeskPortraitD_01.jpg
[2.242s] -- Symlinking: /home/basmala/ros2_ws/install/yahboom_rosmaster_gazebo/share/yahboom_rosmaster_gazebo/models/aws_robomaker_residential_DeskPortraitD_01/materials/textures/aws_DeskPortraitD_01.png
[2.259s] -- Symlinking: /home/basmala/ros2_ws/install/yahboom_rosmaster_gazebo/share/yahboom_rosmaster_gazebo/models/aws_robomaker_residential_DeskPortraitD_01/materials/textures/aws_DeskPortraitD_02.png
[2.275s] -- Symlinking: /home/basmala/ros2_ws/install/yahboom_rosmaster_gazebo/share/yahboom_rosmaster_gazebo/models/aws_robomaker_residential_DeskPortraitD_01/meshes/aws_DeskPortraitD_01_collision.DAE
[2.291s] -- Symlinking: /home/basmala/ros2_ws/install/yahboom_rosmaster_gazebo/share/yahboom_rosmaster_gazebo/models/aws_robomaker_residential_DeskPortraitD_01/meshes/aws_DeskPortraitD_01_visual.DAE
[2.308s] -- Symlinking: /home/basmala/ros2_ws/install/yahboom_rosmaster_gazebo/share/yahboom_rosmaster_gazebo/models/aws_robomaker_residential_DeskPortraitD_01/model.config
[2.324s] -- Symlinking: /home/basmala/ros2_ws/install/yahboom_rosmaster_gazebo/share/yahboom_rosmaster_gazebo/models/aws_robomaker_residential_DeskPortraitD_01/model.sdf
[2.339s] -- Symlinking: /home/basmala/ros2_ws/install/yahboom_rosmaster_gazebo/share/yahboom_rosmaster_gazebo/models/aws_robomaker_residential_DeskPortraitD_02/materials/textures/DeskPortraitD_02.jpg
[2.354s] -- Symlinking: /home/basmala/ros2_ws/install/yahboom_rosmaster_gazebo/share/yahboom_rosmaster_gazebo/models/aws_robomaker_residential_DeskPortraitD_02/materials/textures/aws_DeskPortraitD_01.png
[2.370s] -- Symlinking: /home/basmala/ros2_ws/install/yahboom_rosmaster_gazebo/share/yahboom_rosmaster_gazebo/models/aws_robomaker_residential_DeskPortraitD_02/materials/textures/aws_DeskPortraitD_02.png
[2.390s] -- Symlinking: /home/basmala/ros2_ws/install/yahboom_rosmaster_gazebo/share/yahboom_rosmaster_gazebo/models/aws_robomaker_residential_DeskPortraitD_02/meshes/aws_DeskPortraitD_01_collision.DAE
[2.414s] -- Symlinking: /home/basmala/ros2_ws/install/yahboom_rosmaster_gazebo/share/yahboom_rosmaster_gazebo/models/aws_robomaker_residential_DeskPortraitD_02/meshes/aws_DeskPortraitD_01_visual.DAE
[2.436s] -- Symlinking: /home/basmala/ros2_ws/install/yahboom_rosmaster_gazebo/share/yahboom_rosmaster_gazebo/models/aws_robomaker_residential_DeskPortraitD_02/model.config
[2.452s] -- Symlinking: /home/basmala/ros2_ws/install/yahboom_rosmaster_gazebo/share/yahboom_rosmaster_gazebo/models/aws_robomaker_residential_DeskPortraitD_02/model.sdf
[2.468s] -- Symlinking: /home/basmala/ros2_ws/install/yahboom_rosmaster_gazebo/share/yahboom_rosmaster_gazebo/models/aws_robomaker_residential_DeskPortraitD_03/materials/textures/DeskPortraitD_03.jpg
[2.485s] -- Symlinking: /home/basmala/ros2_ws/install/yahboom_rosmaster_gazebo/share/yahboom_rosmaster_gazebo/models/aws_robomaker_residential_DeskPortraitD_03/materials/textures/aws_DeskPortraitD_01.png
[2.501s] -- Symlinking: /home/basmala/ros2_ws/install/yahboom_rosmaster_gazebo/share/yahboom_rosmaster_gazebo/models/aws_robomaker_residential_DeskPortraitD_03/materials/textures/aws_DeskPortraitD_02.png
[2.518s] -- Symlinking: /home/basmala/ros2_ws/install/yahboom_rosmaster_gazebo/share/yahboom_rosmaster_gazebo/models/aws_robomaker_residential_DeskPortraitD_03/meshes/aws_DeskPortraitD_01_collision.DAE
[2.533s] -- Symlinking: /home/basmala/ros2_ws/install/yahboom_rosmaster_gazebo/share/yahboom_rosmaster_gazebo/models/aws_robomaker_residential_DeskPortraitD_03/meshes/aws_DeskPortraitD_01_visual.DAE
[2.549s] -- Symlinking: /home/basmala/ros2_ws/install/yahboom_rosmaster_gazebo/share/yahboom_rosmaster_gazebo/models/aws_robomaker_residential_DeskPortraitD_03/model.config
[2.567s] -- Symlinking: /home/basmala/ros2_ws/install/yahboom_rosmaster_gazebo/share/yahboom_rosmaster_gazebo/models/aws_robomaker_residential_DeskPortraitD_03/model.sdf
[2.588s] -- Symlinking: /home/basmala/ros2_ws/install/yahboom_rosmaster_gazebo/share/yahboom_rosmaster_gazebo/models/aws_robomaker_residential_DeskPortraitD_04/materials/textures/DeskPortraitD_04.jpg
[2.605s] -- Symlinking: /home/basmala/ros2_ws/install/yahboom_rosmaster_gazebo/share/yahboom_rosmaster_gazebo/models/aws_robomaker_residential_DeskPortraitD_04/materials/textures/aws_DeskPortraitD_01.png
[2.623s] -- Symlinking: /home/basmala/ros2_ws/install/yahboom_rosmaster_gazebo/share/yahboom_rosmaster_gazebo/models/aws_robomaker_residential_DeskPortraitD_04/materials/textures/aws_DeskPortraitD_02.png
[2.642s] -- Symlinking: /home/basmala/ros2_ws/install/yahboom_rosmaster_gazebo/share/yahboom_rosmaster_gazebo/models/aws_robomaker_residential_DeskPortraitD_04/meshes/aws_DeskPortraitD_01_collision.DAE
[2.662s] -- Symlinking: /home/basmala/ros2_ws/install/yahboom_rosmaster_gazebo/share/yahboom_rosmaster_gazebo/models/aws_robomaker_residential_DeskPortraitD_04/meshes/aws_DeskPortraitD_01_visual.DAE
[2.677s] -- Symlinking: /home/basmala/ros2_ws/install/yahboom_rosmaster_gazebo/share/yahboom_rosmaster_gazebo/models/aws_robomaker_residential_DeskPortraitD_04/model.config
[2.693s] -- Symlinking: /home/basmala/ros2_ws/install/yahboom_rosmaster_gazebo/share/yahboom_rosmaster_gazebo/models/aws_robomaker_residential_DeskPortraitD_04/model.sdf
[2.710s] -- Symlinking: /home/basmala/ros2_ws/install/yahboom_rosmaster_gazebo/share/yahboom_rosmaster_gazebo/models/aws_robomaker_residential_Door_01/materials/textures/aws_Door_01.png
[2.728s] -- Symlinking: /home/basmala/ros2_ws/install/yahboom_rosmaster_gazebo/share/yahboom_rosmaster_gazebo/models/aws_robomaker_residential_Door_01/meshes/aws_Door_01_collision.DAE
[2.743s] -- Symlinking: /home/basmala/ros2_ws/install/yahboom_rosmaster_gazebo/share/yahboom_rosmaster_gazebo/models/aws_robomaker_residential_Door_01/meshes/aws_Door_01_visual.DAE
[2.758s] -- Symlinking: /home/basmala/ros2_ws/install/yahboom_rosmaster_gazebo/share/yahboom_rosmaster_gazebo/models/aws_robomaker_residential_Door_01/model.config
[2.774s] -- Symlinking: /home/basmala/ros2_ws/install/yahboom_rosmaster_gazebo/share/yahboom_rosmaster_gazebo/models/aws_robomaker_residential_Door_01/model.sdf
[2.788s] -- Symlinking: /home/basmala/ros2_ws/install/yahboom_rosmaster_gazebo/share/yahboom_rosmaster_gazebo/models/aws_robomaker_residential_Dumbbell_01/materials/textures/aws_Dumbbell_01.png
[2.803s] -- Symlinking: /home/basmala/ros2_ws/install/yahboom_rosmaster_gazebo/share/yahboom_rosmaster_gazebo/models/aws_robomaker_residential_Dumbbell_01/meshes/aws_Dumbbell_01_collision.DAE
[2.821s] -- Symlinking: /home/basmala/ros2_ws/install/yahboom_rosmaster_gazebo/share/yahboom_rosmaster_gazebo/models/aws_robomaker_residential_Dumbbell_01/meshes/aws_Dumbbell_01_visual.DAE
[2.837s] -- Symlinking: /home/basmala/ros2_ws/install/yahboom_rosmaster_gazebo/share/yahboom_rosmaster_gazebo/models/aws_robomaker_residential_Dumbbell_01/model.config
[2.853s] -- Symlinking: /home/basmala/ros2_ws/install/yahboom_rosmaster_gazebo/share/yahboom_rosmaster_gazebo/models/aws_robomaker_residential_Dumbbell_01/model.sdf
[2.868s] -- Symlinking: /home/basmala/ros2_ws/install/yahboom_rosmaster_gazebo/share/yahboom_rosmaster_gazebo/models/aws_robomaker_residential_FitnessEquipment_01/materials/textures/aws_FitnessEquipment_01.png
[2.883s] -- Symlinking: /home/basmala/ros2_ws/install/yahboom_rosmaster_gazebo/share/yahboom_rosmaster_gazebo/models/aws_robomaker_residential_FitnessEquipment_01/meshes/aws_FitnessEquipment_01_collision.DAE
[2.899s] -- Symlinking: /home/basmala/ros2_ws/install/yahboom_rosmaster_gazebo/share/yahboom_rosmaster_gazebo/models/aws_robomaker_residential_FitnessEquipment_01/meshes/aws_FitnessEquipment_01_visual.DAE
[2.914s] -- Symlinking: /home/basmala/ros2_ws/install/yahboom_rosmaster_gazebo/share/yahboom_rosmaster_gazebo/models/aws_robomaker_residential_FitnessEquipment_01/model.config
[2.929s] -- Symlinking: /home/basmala/ros2_ws/install/yahboom_rosmaster_gazebo/share/yahboom_rosmaster_gazebo/models/aws_robomaker_residential_FitnessEquipment_01/model.sdf
[2.944s] -- Symlinking: /home/basmala/ros2_ws/install/yahboom_rosmaster_gazebo/share/yahboom_rosmaster_gazebo/models/aws_robomaker_residential_FloorB_01/materials/textures/aws_FloorB_01.png
[2.958s] -- Symlinking: /home/basmala/ros2_ws/install/yahboom_rosmaster_gazebo/share/yahboom_rosmaster_gazebo/models/aws_robomaker_residential_FloorB_01/meshes/aws_FloorB_01_collision.DAE
[2.973s] -- Symlinking: /home/basmala/ros2_ws/install/yahboom_rosmaster_gazebo/share/yahboom_rosmaster_gazebo/models/aws_robomaker_residential_FloorB_01/meshes/aws_FloorB_01_visual.DAE
[2.994s] -- Symlinking: /home/basmala/ros2_ws/install/yahboom_rosmaster_gazebo/share/yahboom_rosmaster_gazebo/models/aws_robomaker_residential_FloorB_01/model.config
[3.010s] -- Symlinking: /home/basmala/ros2_ws/install/yahboom_rosmaster_gazebo/share/yahboom_rosmaster_gazebo/models/aws_robomaker_residential_FloorB_01/model.sdf
[3.027s] -- Symlinking: /home/basmala/ros2_ws/install/yahboom_rosmaster_gazebo/share/yahboom_rosmaster_gazebo/models/aws_robomaker_residential_FoldingDoor_01/materials/textures/aws_FoldingDoor_01.png
[3.044s] -- Symlinking: /home/basmala/ros2_ws/install/yahboom_rosmaster_gazebo/share/yahboom_rosmaster_gazebo/models/aws_robomaker_residential_FoldingDoor_01/meshes/aws_FoldingDoor_01_collision.DAE
[3.061s] -- Symlinking: /home/basmala/ros2_ws/install/yahboom_rosmaster_gazebo/share/yahboom_rosmaster_gazebo/models/aws_robomaker_residential_FoldingDoor_01/meshes/aws_FoldingDoor_01_visual.DAE
[3.074s] -- Symlinking: /home/basmala/ros2_ws/install/yahboom_rosmaster_gazebo/share/yahboom_rosmaster_gazebo/models/aws_robomaker_residential_FoldingDoor_01/model.config
[3.087s] -- Symlinking: /home/basmala/ros2_ws/install/yahboom_rosmaster_gazebo/share/yahboom_rosmaster_gazebo/models/aws_robomaker_residential_FoldingDoor_01/model.sdf
[3.100s] -- Symlinking: /home/basmala/ros2_ws/install/yahboom_rosmaster_gazebo/share/yahboom_rosmaster_gazebo/models/aws_robomaker_residential_FoldingDoor_02/materials/textures/aws_FoldingDoor_02.png
[3.116s] -- Symlinking: /home/basmala/ros2_ws/install/yahboom_rosmaster_gazebo/share/yahboom_rosmaster_gazebo/models/aws_robomaker_residential_FoldingDoor_02/meshes/aws_FoldingDoor_02_collision.DAE
[3.130s] -- Symlinking: /home/basmala/ros2_ws/install/yahboom_rosmaster_gazebo/share/yahboom_rosmaster_gazebo/models/aws_robomaker_residential_FoldingDoor_02/meshes/aws_FoldingDoor_02_visual.DAE
[3.144s] -- Symlinking: /home/basmala/ros2_ws/install/yahboom_rosmaster_gazebo/share/yahboom_rosmaster_gazebo/models/aws_robomaker_residential_FoldingDoor_02/model.config
[3.161s] -- Symlinking: /home/basmala/ros2_ws/install/yahboom_rosmaster_gazebo/share/yahboom_rosmaster_gazebo/models/aws_robomaker_residential_FoldingDoor_02/model.sdf
[3.176s] -- Symlinking: /home/basmala/ros2_ws/install/yahboom_rosmaster_gazebo/share/yahboom_rosmaster_gazebo/models/aws_robomaker_residential_Handle_01/materials/textures/aws_Handle_01.png
[3.194s] -- Symlinking: /home/basmala/ros2_ws/install/yahboom_rosmaster_gazebo/share/yahboom_rosmaster_gazebo/models/aws_robomaker_residential_Handle_01/meshes/aws_Handle_01_collision.DAE
[3.209s] -- Symlinking: /home/basmala/ros2_ws/install/yahboom_rosmaster_gazebo/share/yahboom_rosmaster_gazebo/models/aws_robomaker_residential_Handle_01/meshes/aws_Handle_01_visual.DAE
[3.227s] -- Symlinking: /home/basmala/ros2_ws/install/yahboom_rosmaster_gazebo/share/yahboom_rosmaster_gazebo/models/aws_robomaker_residential_Handle_01/model.config
[3.244s] -- Symlinking: /home/basmala/ros2_ws/install/yahboom_rosmaster_gazebo/share/yahboom_rosmaster_gazebo/models/aws_robomaker_residential_Handle_01/model.sdf
[3.258s] -- Symlinking: /home/basmala/ros2_ws/install/yahboom_rosmaster_gazebo/share/yahboom_rosmaster_gazebo/models/aws_robomaker_residential_HouseWallB_01/materials/textures/aws_HouseWallB_01.png
[3.270s] -- Symlinking: /home/basmala/ros2_ws/install/yahboom_rosmaster_gazebo/share/yahboom_rosmaster_gazebo/models/aws_robomaker_residential_HouseWallB_01/meshes/aws_HouseWallB_01_collision.DAE
[3.284s] -- Symlinking: /home/basmala/ros2_ws/install/yahboom_rosmaster_gazebo/share/yahboom_rosmaster_gazebo/models/aws_robomaker_residential_HouseWallB_01/meshes/aws_HouseWallB_01_visual.DAE
[3.296s] -- Symlinking: /home/basmala/ros2_ws/install/yahboom_rosmaster_gazebo/share/yahboom_rosmaster_gazebo/models/aws_robomaker_residential_HouseWallB_01/model.config
[3.311s] -- Symlinking: /home/basmala/ros2_ws/install/yahboom_rosmaster_gazebo/share/yahboom_rosmaster_gazebo/models/aws_robomaker_residential_HouseWallB_01/model.sdf
[3.326s] -- Symlinking: /home/basmala/ros2_ws/install/yahboom_rosmaster_gazebo/share/yahboom_rosmaster_gazebo/models/aws_robomaker_residential_KitchenCabinet_01/materials/textures/aws_KitchenCabinet_01.png
[3.342s] -- Symlinking: /home/basmala/ros2_ws/install/yahboom_rosmaster_gazebo/share/yahboom_rosmaster_gazebo/models/aws_robomaker_residential_KitchenCabinet_01/meshes/aws_KitchenCabinet_01_collision.DAE
[3.357s] -- Symlinking: /home/basmala/ros2_ws/install/yahboom_rosmaster_gazebo/share/yahboom_rosmaster_gazebo/models/aws_robomaker_residential_KitchenCabinet_01/meshes/aws_KitchenCabinet_01_visual.DAE
[3.373s] -- Symlinking: /home/basmala/ros2_ws/install/yahboom_rosmaster_gazebo/share/yahboom_rosmaster_gazebo/models/aws_robomaker_residential_KitchenCabinet_01/model.config
[3.389s] -- Symlinking: /home/basmala/ros2_ws/install/yahboom_rosmaster_gazebo/share/yahboom_rosmaster_gazebo/models/aws_robomaker_residential_KitchenCabinet_01/model.sdf
[3.406s] -- Symlinking: /home/basmala/ros2_ws/install/yahboom_rosmaster_gazebo/share/yahboom_rosmaster_gazebo/models/aws_robomaker_residential_KitchenTable_01/materials/textures/aws_KitchenTable_01.png
[3.427s] -- Symlinking: /home/basmala/ros2_ws/install/yahboom_rosmaster_gazebo/share/yahboom_rosmaster_gazebo/models/aws_robomaker_residential_KitchenTable_01/meshes/aws_KitchenTable_01_collision.DAE
[3.446s] -- Symlinking: /home/basmala/ros2_ws/install/yahboom_rosmaster_gazebo/share/yahboom_rosmaster_gazebo/models/aws_robomaker_residential_KitchenTable_01/meshes/aws_KitchenTable_01_visual.DAE
[3.463s] -- Symlinking: /home/basmala/ros2_ws/install/yahboom_rosmaster_gazebo/share/yahboom_rosmaster_gazebo/models/aws_robomaker_residential_KitchenTable_01/model.config
[3.479s] -- Symlinking: /home/basmala/ros2_ws/install/yahboom_rosmaster_gazebo/share/yahboom_rosmaster_gazebo/models/aws_robomaker_residential_KitchenTable_01/model.sdf
[3.493s] -- Symlinking: /home/basmala/ros2_ws/install/yahboom_rosmaster_gazebo/share/yahboom_rosmaster_gazebo/models/aws_robomaker_residential_KitchenUtensils_01/materials/textures/aws_KitchenUtensils_01.png
[3.509s] -- Symlinking: /home/basmala/ros2_ws/install/yahboom_rosmaster_gazebo/share/yahboom_rosmaster_gazebo/models/aws_robomaker_residential_KitchenUtensils_01/meshes/aws_KitchenUtensils_01_collision.DAE
[3.524s] -- Symlinking: /home/basmala/ros2_ws/install/yahboom_rosmaster_gazebo/share/yahboom_rosmaster_gazebo/models/aws_robomaker_residential_KitchenUtensils_01/meshes/aws_KitchenUtensils_01_visual.DAE
[3.539s] -- Symlinking: /home/basmala/ros2_ws/install/yahboom_rosmaster_gazebo/share/yahboom_rosmaster_gazebo/models/aws_robomaker_residential_KitchenUtensils_01/model.config
[3.554s] -- Symlinking: /home/basmala/ros2_ws/install/yahboom_rosmaster_gazebo/share/yahboom_rosmaster_gazebo/models/aws_robomaker_residential_KitchenUtensils_01/model.sdf
[3.565s] -- Symlinking: /home/basmala/ros2_ws/install/yahboom_rosmaster_gazebo/share/yahboom_rosmaster_gazebo/models/aws_robomaker_residential_LightC_01/materials/textures/aws_LightC_01.png
[3.582s] -- Symlinking: /home/basmala/ros2_ws/install/yahboom_rosmaster_gazebo/share/yahboom_rosmaster_gazebo/models/aws_robomaker_residential_LightC_01/meshes/aws_LightC_01_collision.DAE
[3.599s] -- Symlinking: /home/basmala/ros2_ws/install/yahboom_rosmaster_gazebo/share/yahboom_rosmaster_gazebo/models/aws_robomaker_residential_LightC_01/meshes/aws_LightC_01_visual.DAE
[3.614s] -- Symlinking: /home/basmala/ros2_ws/install/yahboom_rosmaster_gazebo/share/yahboom_rosmaster_gazebo/models/aws_robomaker_residential_LightC_01/model.config
[3.633s] -- Symlinking: /home/basmala/ros2_ws/install/yahboom_rosmaster_gazebo/share/yahboom_rosmaster_gazebo/models/aws_robomaker_residential_LightC_01/model.sdf
[3.647s] -- Symlinking: /home/basmala/ros2_ws/install/yahboom_rosmaster_gazebo/share/yahboom_rosmaster_gazebo/models/aws_robomaker_residential_NightStand_01/materials/textures/aws_NightStand_01.png
[3.661s] -- Symlinking: /home/basmala/ros2_ws/install/yahboom_rosmaster_gazebo/share/yahboom_rosmaster_gazebo/models/aws_robomaker_residential_NightStand_01/meshes/aws_NightStand_01_collision.DAE
[3.673s] -- Symlinking: /home/basmala/ros2_ws/install/yahboom_rosmaster_gazebo/share/yahboom_rosmaster_gazebo/models/aws_robomaker_residential_NightStand_01/meshes/aws_NightStand_01_visual.DAE
[3.686s] -- Symlinking: /home/basmala/ros2_ws/install/yahboom_rosmaster_gazebo/share/yahboom_rosmaster_gazebo/models/aws_robomaker_residential_NightStand_01/model.config
[3.702s] -- Symlinking: /home/basmala/ros2_ws/install/yahboom_rosmaster_gazebo/share/yahboom_rosmaster_gazebo/models/aws_robomaker_residential_NightStand_01/model.sdf
[3.715s] -- Symlinking: /home/basmala/ros2_ws/install/yahboom_rosmaster_gazebo/share/yahboom_rosmaster_gazebo/models/aws_robomaker_residential_Pillow_01/materials/textures/aws_Pillow_01.png
[3.728s] -- Symlinking: /home/basmala/ros2_ws/install/yahboom_rosmaster_gazebo/share/yahboom_rosmaster_gazebo/models/aws_robomaker_residential_Pillow_01/meshes/aws_Pillow_01_collision.DAE
[3.743s] -- Symlinking: /home/basmala/ros2_ws/install/yahboom_rosmaster_gazebo/share/yahboom_rosmaster_gazebo/models/aws_robomaker_residential_Pillow_01/meshes/aws_Pillow_01_visual.DAE
[3.757s] -- Symlinking: /home/basmala/ros2_ws/install/yahboom_rosmaster_gazebo/share/yahboom_rosmaster_gazebo/models/aws_robomaker_residential_Pillow_01/model.config
[3.775s] -- Symlinking: /home/basmala/ros2_ws/install/yahboom_rosmaster_gazebo/share/yahboom_rosmaster_gazebo/models/aws_robomaker_residential_Pillow_01/model.sdf
[3.792s] -- Symlinking: /home/basmala/ros2_ws/install/yahboom_rosmaster_gazebo/share/yahboom_rosmaster_gazebo/models/aws_robomaker_residential_PortraitA_01/materials/textures/PortraitA_01.jpg
[3.809s] -- Symlinking: /home/basmala/ros2_ws/install/yahboom_rosmaster_gazebo/share/yahboom_rosmaster_gazebo/models/aws_robomaker_residential_PortraitA_01/materials/textures/aws_PortraitA_01.png
[3.827s] -- Symlinking: /home/basmala/ros2_ws/install/yahboom_rosmaster_gazebo/share/yahboom_rosmaster_gazebo/models/aws_robomaker_residential_PortraitA_01/materials/textures/aws_PortraitA_02.png
[3.843s] -- Symlinking: /home/basmala/ros2_ws/install/yahboom_rosmaster_gazebo/share/yahboom_rosmaster_gazebo/models/aws_robomaker_residential_PortraitA_01/meshes/aws_PortraitA_01_collision.DAE
[3.857s] -- Symlinking: /home/basmala/ros2_ws/install/yahboom_rosmaster_gazebo/share/yahboom_rosmaster_gazebo/models/aws_robomaker_residential_PortraitA_01/meshes/aws_PortraitA_01_visual.DAE
[3.872s] -- Symlinking: /home/basmala/ros2_ws/install/yahboom_rosmaster_gazebo/share/yahboom_rosmaster_gazebo/models/aws_robomaker_residential_PortraitA_01/model.config
[3.889s] -- Symlinking: /home/basmala/ros2_ws/install/yahboom_rosmaster_gazebo/share/yahboom_rosmaster_gazebo/models/aws_robomaker_residential_PortraitA_01/model.sdf
[3.903s] -- Symlinking: /home/basmala/ros2_ws/install/yahboom_rosmaster_gazebo/share/yahboom_rosmaster_gazebo/models/aws_robomaker_residential_PortraitA_02/materials/textures/PortraitA_02.jpg
[3.918s] -- Symlinking: /home/basmala/ros2_ws/install/yahboom_rosmaster_gazebo/share/yahboom_rosmaster_gazebo/models/aws_robomaker_residential_PortraitA_02/materials/textures/aws_PortraitA_01.png
[3.934s] -- Symlinking: /home/basmala/ros2_ws/install/yahboom_rosmaster_gazebo/share/yahboom_rosmaster_gazebo/models/aws_robomaker_residential_PortraitA_02/materials/textures/aws_PortraitA_02.png
[3.948s] -- Symlinking: /home/basmala/ros2_ws/install/yahboom_rosmaster_gazebo/share/yahboom_rosmaster_gazebo/models/aws_robomaker_residential_PortraitA_02/meshes/aws_PortraitA_01_collision.DAE
[3.964s] -- Symlinking: /home/basmala/ros2_ws/install/yahboom_rosmaster_gazebo/share/yahboom_rosmaster_gazebo/models/aws_robomaker_residential_PortraitA_02/meshes/aws_PortraitA_01_visual.DAE
[3.983s] -- Symlinking: /home/basmala/ros2_ws/install/yahboom_rosmaster_gazebo/share/yahboom_rosmaster_gazebo/models/aws_robomaker_residential_PortraitA_02/model.config
[3.999s] -- Symlinking: /home/basmala/ros2_ws/install/yahboom_rosmaster_gazebo/share/yahboom_rosmaster_gazebo/models/aws_robomaker_residential_PortraitA_02/model.sdf
[4.016s] -- Symlinking: /home/basmala/ros2_ws/install/yahboom_rosmaster_gazebo/share/yahboom_rosmaster_gazebo/models/aws_robomaker_residential_PortraitB_01/materials/textures/PortraitB_01.jpg
[4.033s] -- Symlinking: /home/basmala/ros2_ws/install/yahboom_rosmaster_gazebo/share/yahboom_rosmaster_gazebo/models/aws_robomaker_residential_PortraitB_01/materials/textures/aws_PortraitB_01.png
[4.051s] -- Symlinking: /home/basmala/ros2_ws/install/yahboom_rosmaster_gazebo/share/yahboom_rosmaster_gazebo/models/aws_robomaker_residential_PortraitB_01/materials/textures/aws_PortraitB_02.png
[4.068s] -- Symlinking: /home/basmala/ros2_ws/install/yahboom_rosmaster_gazebo/share/yahboom_rosmaster_gazebo/models/aws_robomaker_residential_PortraitB_01/meshes/aws_PortraitB_01_collision.DAE
[4.085s] -- Symlinking: /home/basmala/ros2_ws/install/yahboom_rosmaster_gazebo/share/yahboom_rosmaster_gazebo/models/aws_robomaker_residential_PortraitB_01/meshes/aws_PortraitB_01_visual.DAE
[4.101s] -- Symlinking: /home/basmala/ros2_ws/install/yahboom_rosmaster_gazebo/share/yahboom_rosmaster_gazebo/models/aws_robomaker_residential_PortraitB_01/model.config
[4.117s] -- Symlinking: /home/basmala/ros2_ws/install/yahboom_rosmaster_gazebo/share/yahboom_rosmaster_gazebo/models/aws_robomaker_residential_PortraitB_01/model.sdf
[4.131s] -- Symlinking: /home/basmala/ros2_ws/install/yahboom_rosmaster_gazebo/share/yahboom_rosmaster_gazebo/models/aws_robomaker_residential_PortraitB_02/materials/textures/PortraitB_02.jpg
[4.145s] -- Symlinking: /home/basmala/ros2_ws/install/yahboom_rosmaster_gazebo/share/yahboom_rosmaster_gazebo/models/aws_robomaker_residential_PortraitB_02/materials/textures/aws_PortraitB_01.png
[4.155s] -- Symlinking: /home/basmala/ros2_ws/install/yahboom_rosmaster_gazebo/share/yahboom_rosmaster_gazebo/models/aws_robomaker_residential_PortraitB_02/materials/textures/aws_PortraitB_02.png
[4.166s] -- Symlinking: /home/basmala/ros2_ws/install/yahboom_rosmaster_gazebo/share/yahboom_rosmaster_gazebo/models/aws_robomaker_residential_PortraitB_02/meshes/aws_PortraitB_01_collision.DAE
[4.185s] -- Symlinking: /home/basmala/ros2_ws/install/yahboom_rosmaster_gazebo/share/yahboom_rosmaster_gazebo/models/aws_robomaker_residential_PortraitB_02/meshes/aws_PortraitB_01_visual.DAE
[4.200s] -- Symlinking: /home/basmala/ros2_ws/install/yahboom_rosmaster_gazebo/share/yahboom_rosmaster_gazebo/models/aws_robomaker_residential_PortraitB_02/model.config
[4.217s] -- Symlinking: /home/basmala/ros2_ws/install/yahboom_rosmaster_gazebo/share/yahboom_rosmaster_gazebo/models/aws_robomaker_residential_PortraitB_02/model.sdf
[4.233s] -- Symlinking: /home/basmala/ros2_ws/install/yahboom_rosmaster_gazebo/share/yahboom_rosmaster_gazebo/models/aws_robomaker_residential_PortraitB_03/materials/textures/PortraitB_03.jpg
[4.248s] -- Symlinking: /home/basmala/ros2_ws/install/yahboom_rosmaster_gazebo/share/yahboom_rosmaster_gazebo/models/aws_robomaker_residential_PortraitB_03/materials/textures/aws_PortraitB_01.png
[4.264s] -- Symlinking: /home/basmala/ros2_ws/install/yahboom_rosmaster_gazebo/share/yahboom_rosmaster_gazebo/models/aws_robomaker_residential_PortraitB_03/materials/textures/aws_PortraitB_02.png
[4.280s] -- Symlinking: /home/basmala/ros2_ws/install/yahboom_rosmaster_gazebo/share/yahboom_rosmaster_gazebo/models/aws_robomaker_residential_PortraitB_03/meshes/aws_PortraitB_01_collision.DAE
[4.294s] -- Symlinking: /home/basmala/ros2_ws/install/yahboom_rosmaster_gazebo/share/yahboom_rosmaster_gazebo/models/aws_robomaker_residential_PortraitB_03/meshes/aws_PortraitB_01_visual.DAE
[4.312s] -- Symlinking: /home/basmala/ros2_ws/install/yahboom_rosmaster_gazebo/share/yahboom_rosmaster_gazebo/models/aws_robomaker_residential_PortraitB_03/model.config
[4.327s] -- Symlinking: /home/basmala/ros2_ws/install/yahboom_rosmaster_gazebo/share/yahboom_rosmaster_gazebo/models/aws_robomaker_residential_PortraitB_03/model.sdf
[4.341s] -- Symlinking: /home/basmala/ros2_ws/install/yahboom_rosmaster_gazebo/share/yahboom_rosmaster_gazebo/models/aws_robomaker_residential_PortraitC_01/materials/textures/PortraitC_01.jpg
[4.351s] -- Symlinking: /home/basmala/ros2_ws/install/yahboom_rosmaster_gazebo/share/yahboom_rosmaster_gazebo/models/aws_robomaker_residential_PortraitC_01/materials/textures/aws_PortraitC_01.png
[4.362s] -- Symlinking: /home/basmala/ros2_ws/install/yahboom_rosmaster_gazebo/share/yahboom_rosmaster_gazebo/models/aws_robomaker_residential_PortraitC_01/materials/textures/aws_PortraitC_02.png
[4.378s] -- Symlinking: /home/basmala/ros2_ws/install/yahboom_rosmaster_gazebo/share/yahboom_rosmaster_gazebo/models/aws_robomaker_residential_PortraitC_01/meshes/aws_PortraitC_01_collision.DAE
[4.392s] -- Symlinking: /home/basmala/ros2_ws/install/yahboom_rosmaster_gazebo/share/yahboom_rosmaster_gazebo/models/aws_robomaker_residential_PortraitC_01/meshes/aws_PortraitC_01_visual.DAE
[4.407s] -- Symlinking: /home/basmala/ros2_ws/install/yahboom_rosmaster_gazebo/share/yahboom_rosmaster_gazebo/models/aws_robomaker_residential_PortraitC_01/model.config
[4.424s] -- Symlinking: /home/basmala/ros2_ws/install/yahboom_rosmaster_gazebo/share/yahboom_rosmaster_gazebo/models/aws_robomaker_residential_PortraitC_01/model.sdf
[4.440s] -- Symlinking: /home/basmala/ros2_ws/install/yahboom_rosmaster_gazebo/share/yahboom_rosmaster_gazebo/models/aws_robomaker_residential_PortraitD_01/materials/textures/PortraitD_01.jpg
[4.456s] -- Symlinking: /home/basmala/ros2_ws/install/yahboom_rosmaster_gazebo/share/yahboom_rosmaster_gazebo/models/aws_robomaker_residential_PortraitD_01/materials/textures/aws_PortraitD_01.png
[4.471s] -- Symlinking: /home/basmala/ros2_ws/install/yahboom_rosmaster_gazebo/share/yahboom_rosmaster_gazebo/models/aws_robomaker_residential_PortraitD_01/materials/textures/aws_PortraitD_02.png
[4.487s] -- Symlinking: /home/basmala/ros2_ws/install/yahboom_rosmaster_gazebo/share/yahboom_rosmaster_gazebo/models/aws_robomaker_residential_PortraitD_01/meshes/aws_PortraitD_01_collision.DAE
[4.504s] -- Symlinking: /home/basmala/ros2_ws/install/yahboom_rosmaster_gazebo/share/yahboom_rosmaster_gazebo/models/aws_robomaker_residential_PortraitD_01/meshes/aws_PortraitD_01_visual.DAE
[4.519s] -- Symlinking: /home/basmala/ros2_ws/install/yahboom_rosmaster_gazebo/share/yahboom_rosmaster_gazebo/models/aws_robomaker_residential_PortraitD_01/model.config
[4.534s] -- Symlinking: /home/basmala/ros2_ws/install/yahboom_rosmaster_gazebo/share/yahboom_rosmaster_gazebo/models/aws_robomaker_residential_PortraitD_01/model.sdf
[4.548s] -- Symlinking: /home/basmala/ros2_ws/install/yahboom_rosmaster_gazebo/share/yahboom_rosmaster_gazebo/models/aws_robomaker_residential_PortraitD_02/materials/textures/PortraitD_02.jpg
[4.564s] -- Symlinking: /home/basmala/ros2_ws/install/yahboom_rosmaster_gazebo/share/yahboom_rosmaster_gazebo/models/aws_robomaker_residential_PortraitD_02/materials/textures/aws_PortraitD_01.png
[4.583s] -- Symlinking: /home/basmala/ros2_ws/install/yahboom_rosmaster_gazebo/share/yahboom_rosmaster_gazebo/models/aws_robomaker_residential_PortraitD_02/materials/textures/aws_PortraitD_02.png
[4.600s] -- Symlinking: /home/basmala/ros2_ws/install/yahboom_rosmaster_gazebo/share/yahboom_rosmaster_gazebo/models/aws_robomaker_residential_PortraitD_02/meshes/aws_PortraitD_01_collision.DAE
[4.616s] -- Symlinking: /home/basmala/ros2_ws/install/yahboom_rosmaster_gazebo/share/yahboom_rosmaster_gazebo/models/aws_robomaker_residential_PortraitD_02/meshes/aws_PortraitD_01_visual.DAE
[4.633s] -- Symlinking: /home/basmala/ros2_ws/install/yahboom_rosmaster_gazebo/share/yahboom_rosmaster_gazebo/models/aws_robomaker_residential_PortraitD_02/model.config
[4.648s] -- Symlinking: /home/basmala/ros2_ws/install/yahboom_rosmaster_gazebo/share/yahboom_rosmaster_gazebo/models/aws_robomaker_residential_PortraitD_02/model.sdf
[4.664s] -- Symlinking: /home/basmala/ros2_ws/install/yahboom_rosmaster_gazebo/share/yahboom_rosmaster_gazebo/models/aws_robomaker_residential_PortraitE_01/materials/textures/PortraitE_01.jpg
[4.677s] -- Symlinking: /home/basmala/ros2_ws/install/yahboom_rosmaster_gazebo/share/yahboom_rosmaster_gazebo/models/aws_robomaker_residential_PortraitE_01/materials/textures/aws_PortraitE_01.png
[4.693s] -- Symlinking: /home/basmala/ros2_ws/install/yahboom_rosmaster_gazebo/share/yahboom_rosmaster_gazebo/models/aws_robomaker_residential_PortraitE_01/materials/textures/aws_PortraitE_02.png
[4.710s] -- Symlinking: /home/basmala/ros2_ws/install/yahboom_rosmaster_gazebo/share/yahboom_rosmaster_gazebo/models/aws_robomaker_residential_PortraitE_01/meshes/aws_PortraitE_01_collision.DAE
[4.726s] -- Symlinking: /home/basmala/ros2_ws/install/yahboom_rosmaster_gazebo/share/yahboom_rosmaster_gazebo/models/aws_robomaker_residential_PortraitE_01/meshes/aws_PortraitE_01_visual.DAE
[4.744s] -- Symlinking: /home/basmala/ros2_ws/install/yahboom_rosmaster_gazebo/share/yahboom_rosmaster_gazebo/models/aws_robomaker_residential_PortraitE_01/model.config
[4.759s] -- Symlinking: /home/basmala/ros2_ws/install/yahboom_rosmaster_gazebo/share/yahboom_rosmaster_gazebo/models/aws_robomaker_residential_PortraitE_01/model.sdf
[4.774s] -- Symlinking: /home/basmala/ros2_ws/install/yahboom_rosmaster_gazebo/share/yahboom_rosmaster_gazebo/models/aws_robomaker_residential_PortraitE_02/materials/textures/PortraitE_02.jpg
[4.790s] -- Symlinking: /home/basmala/ros2_ws/install/yahboom_rosmaster_gazebo/share/yahboom_rosmaster_gazebo/models/aws_robomaker_residential_PortraitE_02/materials/textures/aws_PortraitE_01.png
[4.806s] -- Symlinking: /home/basmala/ros2_ws/install/yahboom_rosmaster_gazebo/share/yahboom_rosmaster_gazebo/models/aws_robomaker_residential_PortraitE_02/materials/textures/aws_PortraitE_02.png
[4.821s] -- Symlinking: /home/basmala/ros2_ws/install/yahboom_rosmaster_gazebo/share/yahboom_rosmaster_gazebo/models/aws_robomaker_residential_PortraitE_02/meshes/aws_PortraitE_01_collision.DAE
[4.838s] -- Symlinking: /home/basmala/ros2_ws/install/yahboom_rosmaster_gazebo/share/yahboom_rosmaster_gazebo/models/aws_robomaker_residential_PortraitE_02/meshes/aws_PortraitE_01_visual.DAE
[4.856s] -- Symlinking: /home/basmala/ros2_ws/install/yahboom_rosmaster_gazebo/share/yahboom_rosmaster_gazebo/models/aws_robomaker_residential_PortraitE_02/model.config
[4.874s] -- Symlinking: /home/basmala/ros2_ws/install/yahboom_rosmaster_gazebo/share/yahboom_rosmaster_gazebo/models/aws_robomaker_residential_PortraitE_02/model.sdf
[4.888s] -- Symlinking: /home/basmala/ros2_ws/install/yahboom_rosmaster_gazebo/share/yahboom_rosmaster_gazebo/models/aws_robomaker_residential_Quilt_01/materials/textures/aws_Quilt_01.png
[4.904s] -- Symlinking: /home/basmala/ros2_ws/install/yahboom_rosmaster_gazebo/share/yahboom_rosmaster_gazebo/models/aws_robomaker_residential_Quilt_01/meshes/aws_Quilt_01_collision.DAE
[4.919s] -- Symlinking: /home/basmala/ros2_ws/install/yahboom_rosmaster_gazebo/share/yahboom_rosmaster_gazebo/models/aws_robomaker_residential_Quilt_01/meshes/aws_Quilt_01_visual.DAE
[4.934s] -- Symlinking: /home/basmala/ros2_ws/install/yahboom_rosmaster_gazebo/share/yahboom_rosmaster_gazebo/models/aws_robomaker_residential_Quilt_01/model.config
[4.948s] -- Symlinking: /home/basmala/ros2_ws/install/yahboom_rosmaster_gazebo/share/yahboom_rosmaster_gazebo/models/aws_robomaker_residential_Quilt_01/model.sdf
[4.963s] -- Symlinking: /home/basmala/ros2_ws/install/yahboom_rosmaster_gazebo/share/yahboom_rosmaster_gazebo/models/aws_robomaker_residential_Rangehood_01/materials/textures/aws_Rangehood_01.png
[4.979s] -- Symlinking: /home/basmala/ros2_ws/install/yahboom_rosmaster_gazebo/share/yahboom_rosmaster_gazebo/models/aws_robomaker_residential_Rangehood_01/meshes/aws_Rangehood_01_collision.DAE
[4.996s] -- Symlinking: /home/basmala/ros2_ws/install/yahboom_rosmaster_gazebo/share/yahboom_rosmaster_gazebo/models/aws_robomaker_residential_Rangehood_01/meshes/aws_Rangehood_01_visual.DAE
[5.011s] -- Symlinking: /home/basmala/ros2_ws/install/yahboom_rosmaster_gazebo/share/yahboom_rosmaster_gazebo/models/aws_robomaker_residential_Rangehood_01/model.config
[5.028s] -- Symlinking: /home/basmala/ros2_ws/install/yahboom_rosmaster_gazebo/share/yahboom_rosmaster_gazebo/models/aws_robomaker_residential_Rangehood_01/model.sdf
[5.047s] -- Symlinking: /home/basmala/ros2_ws/install/yahboom_rosmaster_gazebo/share/yahboom_rosmaster_gazebo/models/aws_robomaker_residential_ReadingDesk_01/materials/textures/aws_ReadingDesk_01.png
[5.063s] -- Symlinking: /home/basmala/ros2_ws/install/yahboom_rosmaster_gazebo/share/yahboom_rosmaster_gazebo/models/aws_robomaker_residential_ReadingDesk_01/meshes/aws_ReadingDesk_01_collision.DAE
[5.078s] -- Symlinking: /home/basmala/ros2_ws/install/yahboom_rosmaster_gazebo/share/yahboom_rosmaster_gazebo/models/aws_robomaker_residential_ReadingDesk_01/meshes/aws_ReadingDesk_01_visual.DAE
[5.093s] -- Symlinking: /home/basmala/ros2_ws/install/yahboom_rosmaster_gazebo/share/yahboom_rosmaster_gazebo/models/aws_robomaker_residential_ReadingDesk_01/model.config
[5.108s] -- Symlinking: /home/basmala/ros2_ws/install/yahboom_rosmaster_gazebo/share/yahboom_rosmaster_gazebo/models/aws_robomaker_residential_ReadingDesk_01/model.sdf
[5.123s] -- Symlinking: /home/basmala/ros2_ws/install/yahboom_rosmaster_gazebo/share/yahboom_rosmaster_gazebo/models/aws_robomaker_residential_Refrigerator_01/materials/textures/aws_Refrigerator_01.png
[5.137s] -- Symlinking: /home/basmala/ros2_ws/install/yahboom_rosmaster_gazebo/share/yahboom_rosmaster_gazebo/models/aws_robomaker_residential_Refrigerator_01/materials/textures/aws_Refrigerator_02.png
[5.152s] -- Symlinking: /home/basmala/ros2_ws/install/yahboom_rosmaster_gazebo/share/yahboom_rosmaster_gazebo/models/aws_robomaker_residential_Refrigerator_01/meshes/aws_Refrigerator_01.DAE
[5.167s] -- Symlinking: /home/basmala/ros2_ws/install/yahboom_rosmaster_gazebo/share/yahboom_rosmaster_gazebo/models/aws_robomaker_residential_Refrigerator_01/meshes/aws_Refrigerator_01_collision.DAE
[5.183s] -- Symlinking: /home/basmala/ros2_ws/install/yahboom_rosmaster_gazebo/share/yahboom_rosmaster_gazebo/models/aws_robomaker_residential_Refrigerator_01/meshes/aws_Refrigerator_01_visual.DAE
[5.199s] -- Symlinking: /home/basmala/ros2_ws/install/yahboom_rosmaster_gazebo/share/yahboom_rosmaster_gazebo/models/aws_robomaker_residential_Refrigerator_01/model.config
[5.215s] -- Symlinking: /home/basmala/ros2_ws/install/yahboom_rosmaster_gazebo/share/yahboom_rosmaster_gazebo/models/aws_robomaker_residential_Refrigerator_01/model.sdf
[5.231s] -- Symlinking: /home/basmala/ros2_ws/install/yahboom_rosmaster_gazebo/share/yahboom_rosmaster_gazebo/models/aws_robomaker_residential_RoomCeiling_01/materials/textures/aws_RoomCeiling_01.png
[5.247s] -- Symlinking: /home/basmala/ros2_ws/install/yahboom_rosmaster_gazebo/share/yahboom_rosmaster_gazebo/models/aws_robomaker_residential_RoomCeiling_01/meshes/aws_RoomCeiling_01_collision.DAE
[5.261s] -- Symlinking: /home/basmala/ros2_ws/install/yahboom_rosmaster_gazebo/share/yahboom_rosmaster_gazebo/models/aws_robomaker_residential_RoomCeiling_01/meshes/aws_RoomCeiling_01_visual.DAE
[5.276s] -- Symlinking: /home/basmala/ros2_ws/install/yahboom_rosmaster_gazebo/share/yahboom_rosmaster_gazebo/models/aws_robomaker_residential_RoomCeiling_01/model.config
[5.292s] -- Symlinking: /home/basmala/ros2_ws/install/yahboom_rosmaster_gazebo/share/yahboom_rosmaster_gazebo/models/aws_robomaker_residential_RoomCeiling_01/model.sdf
[5.308s] -- Symlinking: /home/basmala/ros2_ws/install/yahboom_rosmaster_gazebo/share/yahboom_rosmaster_gazebo/models/aws_robomaker_residential_RoomWall_01/materials/textures/aws_RoomWall_01.png
[5.325s] -- Symlinking: /home/basmala/ros2_ws/install/yahboom_rosmaster_gazebo/share/yahboom_rosmaster_gazebo/models/aws_robomaker_residential_RoomWall_01/meshes/aws_RoomWall_01_collision.DAE
[5.339s] -- Symlinking: /home/basmala/ros2_ws/install/yahboom_rosmaster_gazebo/share/yahboom_rosmaster_gazebo/models/aws_robomaker_residential_RoomWall_01/meshes/aws_RoomWall_01_visual.DAE
[5.355s] -- Symlinking: /home/basmala/ros2_ws/install/yahboom_rosmaster_gazebo/share/yahboom_rosmaster_gazebo/models/aws_robomaker_residential_RoomWall_01/model.config
[5.372s] -- Symlinking: /home/basmala/ros2_ws/install/yahboom_rosmaster_gazebo/share/yahboom_rosmaster_gazebo/models/aws_robomaker_residential_RoomWall_01/model.sdf
[5.392s] -- Symlinking: /home/basmala/ros2_ws/install/yahboom_rosmaster_gazebo/share/yahboom_rosmaster_gazebo/models/aws_robomaker_residential_RoomWindow_01/materials/textures/aws_RoomWindow_01.png
[5.412s] -- Symlinking: /home/basmala/ros2_ws/install/yahboom_rosmaster_gazebo/share/yahboom_rosmaster_gazebo/models/aws_robomaker_residential_RoomWindow_01/meshes/aws_RoomWindow_01_collision.DAE
[5.432s] -- Symlinking: /home/basmala/ros2_ws/install/yahboom_rosmaster_gazebo/share/yahboom_rosmaster_gazebo/models/aws_robomaker_residential_RoomWindow_01/meshes/aws_RoomWindow_01_visual.DAE
[5.448s] -- Symlinking: /home/basmala/ros2_ws/install/yahboom_rosmaster_gazebo/share/yahboom_rosmaster_gazebo/models/aws_robomaker_residential_RoomWindow_01/model.config
[5.461s] -- Symlinking: /home/basmala/ros2_ws/install/yahboom_rosmaster_gazebo/share/yahboom_rosmaster_gazebo/models/aws_robomaker_residential_RoomWindow_01/model.sdf
[5.476s] -- Symlinking: /home/basmala/ros2_ws/install/yahboom_rosmaster_gazebo/share/yahboom_rosmaster_gazebo/models/aws_robomaker_residential_SeasoningBox_01/materials/textures/aws_SeasoningBox_01.png
[5.494s] -- Symlinking: /home/basmala/ros2_ws/install/yahboom_rosmaster_gazebo/share/yahboom_rosmaster_gazebo/models/aws_robomaker_residential_SeasoningBox_01/meshes/aws_SeasoningBox_01_collision.DAE
[5.510s] -- Symlinking: /home/basmala/ros2_ws/install/yahboom_rosmaster_gazebo/share/yahboom_rosmaster_gazebo/models/aws_robomaker_residential_SeasoningBox_01/meshes/aws_SeasoningBox_01_visual.DAE
[5.527s] -- Symlinking: /home/basmala/ros2_ws/install/yahboom_rosmaster_gazebo/share/yahboom_rosmaster_gazebo/models/aws_robomaker_residential_SeasoningBox_01/model.config
[5.542s] -- Symlinking: /home/basmala/ros2_ws/install/yahboom_rosmaster_gazebo/share/yahboom_rosmaster_gazebo/models/aws_robomaker_residential_SeasoningBox_01/model.sdf
[5.556s] -- Symlinking: /home/basmala/ros2_ws/install/yahboom_rosmaster_gazebo/share/yahboom_rosmaster_gazebo/models/aws_robomaker_residential_SecurityCamera_01/materials/textures/aws_SecurityCamera_01.png
[5.568s] -- Symlinking: /home/basmala/ros2_ws/install/yahboom_rosmaster_gazebo/share/yahboom_rosmaster_gazebo/models/aws_robomaker_residential_SecurityCamera_01/meshes/aws_SecurityCamera_01_collision.DAE
[5.585s] -- Symlinking: /home/basmala/ros2_ws/install/yahboom_rosmaster_gazebo/share/yahboom_rosmaster_gazebo/models/aws_robomaker_residential_SecurityCamera_01/meshes/aws_SecurityCamera_01_visual.DAE
[5.602s] -- Symlinking: /home/basmala/ros2_ws/install/yahboom_rosmaster_gazebo/share/yahboom_rosmaster_gazebo/models/aws_robomaker_residential_SecurityCamera_01/model.config
[5.620s] -- Symlinking: /home/basmala/ros2_ws/install/yahboom_rosmaster_gazebo/share/yahboom_rosmaster_gazebo/models/aws_robomaker_residential_SecurityCamera_01/model.sdf
[5.633s] -- Symlinking: /home/basmala/ros2_ws/install/yahboom_rosmaster_gazebo/share/yahboom_rosmaster_gazebo/models/aws_robomaker_residential_ShoeRack_01/materials/textures/aws_ShoeRack_01.png
[5.650s] -- Symlinking: /home/basmala/ros2_ws/install/yahboom_rosmaster_gazebo/share/yahboom_rosmaster_gazebo/models/aws_robomaker_residential_ShoeRack_01/meshes/aws_ShoeRack_01_collision.DAE
[5.664s] -- Symlinking: /home/basmala/ros2_ws/install/yahboom_rosmaster_gazebo/share/yahboom_rosmaster_gazebo/models/aws_robomaker_residential_ShoeRack_01/meshes/aws_ShoeRack_01_visual.DAE
[5.679s] -- Symlinking: /home/basmala/ros2_ws/install/yahboom_rosmaster_gazebo/share/yahboom_rosmaster_gazebo/models/aws_robomaker_residential_ShoeRack_01/model.config
[5.695s] -- Symlinking: /home/basmala/ros2_ws/install/yahboom_rosmaster_gazebo/share/yahboom_rosmaster_gazebo/models/aws_robomaker_residential_ShoeRack_01/model.sdf
[5.710s] -- Symlinking: /home/basmala/ros2_ws/install/yahboom_rosmaster_gazebo/share/yahboom_rosmaster_gazebo/models/aws_robomaker_residential_SofaB_01/materials/textures/aws_SofaB_01.png
[5.728s] -- Symlinking: /home/basmala/ros2_ws/install/yahboom_rosmaster_gazebo/share/yahboom_rosmaster_gazebo/models/aws_robomaker_residential_SofaB_01/meshes/aws_SofaB_01_collision.DAE
[5.743s] -- Symlinking: /home/basmala/ros2_ws/install/yahboom_rosmaster_gazebo/share/yahboom_rosmaster_gazebo/models/aws_robomaker_residential_SofaB_01/meshes/aws_SofaB_01_visual.DAE
[5.757s] -- Symlinking: /home/basmala/ros2_ws/install/yahboom_rosmaster_gazebo/share/yahboom_rosmaster_gazebo/models/aws_robomaker_residential_SofaB_01/model.config
[5.774s] -- Symlinking: /home/basmala/ros2_ws/install/yahboom_rosmaster_gazebo/share/yahboom_rosmaster_gazebo/models/aws_robomaker_residential_SofaB_01/model.sdf
[5.792s] -- Symlinking: /home/basmala/ros2_ws/install/yahboom_rosmaster_gazebo/share/yahboom_rosmaster_gazebo/models/aws_robomaker_residential_SofaC_01/materials/textures/aws_SofaC_01.png
[5.809s] -- Symlinking: /home/basmala/ros2_ws/install/yahboom_rosmaster_gazebo/share/yahboom_rosmaster_gazebo/models/aws_robomaker_residential_SofaC_01/meshes/aws_SofaC_01_collision.DAE
[5.827s] -- Symlinking: /home/basmala/ros2_ws/install/yahboom_rosmaster_gazebo/share/yahboom_rosmaster_gazebo/models/aws_robomaker_residential_SofaC_01/meshes/aws_SofaC_01_visual.DAE
[5.844s] -- Symlinking: /home/basmala/ros2_ws/install/yahboom_rosmaster_gazebo/share/yahboom_rosmaster_gazebo/models/aws_robomaker_residential_SofaC_01/model.config
[5.858s] -- Symlinking: /home/basmala/ros2_ws/install/yahboom_rosmaster_gazebo/share/yahboom_rosmaster_gazebo/models/aws_robomaker_residential_SofaC_01/model.sdf
[5.875s] -- Symlinking: /home/basmala/ros2_ws/install/yahboom_rosmaster_gazebo/share/yahboom_rosmaster_gazebo/models/aws_robomaker_residential_Sofa_01/materials/textures/aws_Sofa_01.png
[5.890s] -- Symlinking: /home/basmala/ros2_ws/install/yahboom_rosmaster_gazebo/share/yahboom_rosmaster_gazebo/models/aws_robomaker_residential_Sofa_01/meshes/aws_Sofa_01.DAE
[5.908s] -- Symlinking: /home/basmala/ros2_ws/install/yahboom_rosmaster_gazebo/share/yahboom_rosmaster_gazebo/models/aws_robomaker_residential_Sofa_01/meshes/aws_Sofa_01_collision.DAE
[5.925s] -- Symlinking: /home/basmala/ros2_ws/install/yahboom_rosmaster_gazebo/share/yahboom_rosmaster_gazebo/models/aws_robomaker_residential_Sofa_01/meshes/aws_Sofa_01_visual.DAE
[5.939s] -- Symlinking: /home/basmala/ros2_ws/install/yahboom_rosmaster_gazebo/share/yahboom_rosmaster_gazebo/models/aws_robomaker_residential_Sofa_01/model.config
[5.957s] -- Symlinking: /home/basmala/ros2_ws/install/yahboom_rosmaster_gazebo/share/yahboom_rosmaster_gazebo/models/aws_robomaker_residential_Sofa_01/model.sdf
[5.971s] -- Symlinking: /home/basmala/ros2_ws/install/yahboom_rosmaster_gazebo/share/yahboom_rosmaster_gazebo/models/aws_robomaker_residential_TVCabinet_01/materials/textures/aws_TVCabinet_01.png
[5.989s] -- Symlinking: /home/basmala/ros2_ws/install/yahboom_rosmaster_gazebo/share/yahboom_rosmaster_gazebo/models/aws_robomaker_residential_TVCabinet_01/meshes/aws_TVCabinet_01_collision.DAE
[6.008s] -- Symlinking: /home/basmala/ros2_ws/install/yahboom_rosmaster_gazebo/share/yahboom_rosmaster_gazebo/models/aws_robomaker_residential_TVCabinet_01/meshes/aws_TVCabinet_01_visual.DAE
[6.025s] -- Symlinking: /home/basmala/ros2_ws/install/yahboom_rosmaster_gazebo/share/yahboom_rosmaster_gazebo/models/aws_robomaker_residential_TVCabinet_01/model.config
[6.042s] -- Symlinking: /home/basmala/ros2_ws/install/yahboom_rosmaster_gazebo/share/yahboom_rosmaster_gazebo/models/aws_robomaker_residential_TVCabinet_01/model.sdf
[6.060s] -- Symlinking: /home/basmala/ros2_ws/install/yahboom_rosmaster_gazebo/share/yahboom_rosmaster_gazebo/models/aws_robomaker_residential_TV_01/materials/textures/aws_TV_01.png
[6.077s] -- Symlinking: /home/basmala/ros2_ws/install/yahboom_rosmaster_gazebo/share/yahboom_rosmaster_gazebo/models/aws_robomaker_residential_TV_01/meshes/aws_TV_01_collision.DAE
[6.092s] -- Symlinking: /home/basmala/ros2_ws/install/yahboom_rosmaster_gazebo/share/yahboom_rosmaster_gazebo/models/aws_robomaker_residential_TV_01/meshes/aws_TV_01_visual.DAE
[6.110s] -- Symlinking: /home/basmala/ros2_ws/install/yahboom_rosmaster_gazebo/share/yahboom_rosmaster_gazebo/models/aws_robomaker_residential_TV_01/model.config
[6.125s] -- Symlinking: /home/basmala/ros2_ws/install/yahboom_rosmaster_gazebo/share/yahboom_rosmaster_gazebo/models/aws_robomaker_residential_TV_01/model.sdf
[6.140s] -- Symlinking: /home/basmala/ros2_ws/install/yahboom_rosmaster_gazebo/share/yahboom_rosmaster_gazebo/models/aws_robomaker_residential_TV_02/materials/textures/aws_TV_01.png
[6.157s] -- Symlinking: /home/basmala/ros2_ws/install/yahboom_rosmaster_gazebo/share/yahboom_rosmaster_gazebo/models/aws_robomaker_residential_TV_02/meshes/aws_TV_01_collision.DAE
[6.173s] -- Symlinking: /home/basmala/ros2_ws/install/yahboom_rosmaster_gazebo/share/yahboom_rosmaster_gazebo/models/aws_robomaker_residential_TV_02/meshes/aws_TV_01_visual.DAE
[6.192s] -- Symlinking: /home/basmala/ros2_ws/install/yahboom_rosmaster_gazebo/share/yahboom_rosmaster_gazebo/models/aws_robomaker_residential_TV_02/model.config
[6.209s] -- Symlinking: /home/basmala/ros2_ws/install/yahboom_rosmaster_gazebo/share/yahboom_rosmaster_gazebo/models/aws_robomaker_residential_TV_02/model.sdf
[6.227s] -- Symlinking: /home/basmala/ros2_ws/install/yahboom_rosmaster_gazebo/share/yahboom_rosmaster_gazebo/models/aws_robomaker_residential_Tablet_01/.DS_Store
[6.244s] -- Symlinking: /home/basmala/ros2_ws/install/yahboom_rosmaster_gazebo/share/yahboom_rosmaster_gazebo/models/aws_robomaker_residential_Tablet_01/materials/.DS_Store
[6.258s] -- Symlinking: /home/basmala/ros2_ws/install/yahboom_rosmaster_gazebo/share/yahboom_rosmaster_gazebo/models/aws_robomaker_residential_Tablet_01/materials/textures/aws_Tablet_01_nologo.png
[6.272s] -- Symlinking: /home/basmala/ros2_ws/install/yahboom_rosmaster_gazebo/share/yahboom_rosmaster_gazebo/models/aws_robomaker_residential_Tablet_01/meshes/aws_Tablet_01_collision.DAE
[6.288s] -- Symlinking: /home/basmala/ros2_ws/install/yahboom_rosmaster_gazebo/share/yahboom_rosmaster_gazebo/models/aws_robomaker_residential_Tablet_01/meshes/aws_Tablet_01_visual.DAE
[6.304s] -- Symlinking: /home/basmala/ros2_ws/install/yahboom_rosmaster_gazebo/share/yahboom_rosmaster_gazebo/models/aws_robomaker_residential_Tablet_01/model.config
[6.319s] -- Symlinking: /home/basmala/ros2_ws/install/yahboom_rosmaster_gazebo/share/yahboom_rosmaster_gazebo/models/aws_robomaker_residential_Tablet_01/model.sdf
[6.334s] -- Symlinking: /home/basmala/ros2_ws/install/yahboom_rosmaster_gazebo/share/yahboom_rosmaster_gazebo/models/aws_robomaker_residential_Tableware_01/materials/textures/aws_Tableware_01.png
[6.349s] -- Symlinking: /home/basmala/ros2_ws/install/yahboom_rosmaster_gazebo/share/yahboom_rosmaster_gazebo/models/aws_robomaker_residential_Tableware_01/meshes/aws_Tableware_01_collision.DAE
[6.361s] -- Symlinking: /home/basmala/ros2_ws/install/yahboom_rosmaster_gazebo/share/yahboom_rosmaster_gazebo/models/aws_robomaker_residential_Tableware_01/meshes/aws_Tableware_01_visual.DAE
[6.376s] -- Symlinking: /home/basmala/ros2_ws/install/yahboom_rosmaster_gazebo/share/yahboom_rosmaster_gazebo/models/aws_robomaker_residential_Tableware_01/model.config
[6.392s] -- Symlinking: /home/basmala/ros2_ws/install/yahboom_rosmaster_gazebo/share/yahboom_rosmaster_gazebo/models/aws_robomaker_residential_Tableware_01/model.sdf
[6.412s] -- Symlinking: /home/basmala/ros2_ws/install/yahboom_rosmaster_gazebo/share/yahboom_rosmaster_gazebo/models/aws_robomaker_residential_Trash_01/materials/textures/aws_Trash_01.png
[6.435s] -- Symlinking: /home/basmala/ros2_ws/install/yahboom_rosmaster_gazebo/share/yahboom_rosmaster_gazebo/models/aws_robomaker_residential_Trash_01/meshes/aws_Trash_01_collision.DAE
[6.459s] -- Symlinking: /home/basmala/ros2_ws/install/yahboom_rosmaster_gazebo/share/yahboom_rosmaster_gazebo/models/aws_robomaker_residential_Trash_01/meshes/aws_Trash_01_visual.DAE
[6.484s] -- Symlinking: /home/basmala/ros2_ws/install/yahboom_rosmaster_gazebo/share/yahboom_rosmaster_gazebo/models/aws_robomaker_residential_Trash_01/model.config
[6.510s] -- Symlinking: /home/basmala/ros2_ws/install/yahboom_rosmaster_gazebo/share/yahboom_rosmaster_gazebo/models/aws_robomaker_residential_Trash_01/model.sdf
[6.535s] -- Symlinking: /home/basmala/ros2_ws/install/yahboom_rosmaster_gazebo/share/yahboom_rosmaster_gazebo/models/aws_robomaker_residential_Vase_01/materials/textures/aws_Vase_01.png
[6.550s] -- Symlinking: /home/basmala/ros2_ws/install/yahboom_rosmaster_gazebo/share/yahboom_rosmaster_gazebo/models/aws_robomaker_residential_Vase_01/meshes/aws_Vase_01_collision.DAE
[6.566s] -- Symlinking: /home/basmala/ros2_ws/install/yahboom_rosmaster_gazebo/share/yahboom_rosmaster_gazebo/models/aws_robomaker_residential_Vase_01/meshes/aws_Vase_01_visual.DAE
[6.580s] -- Symlinking: /home/basmala/ros2_ws/install/yahboom_rosmaster_gazebo/share/yahboom_rosmaster_gazebo/models/aws_robomaker_residential_Vase_01/model.config
[6.595s] -- Symlinking: /home/basmala/ros2_ws/install/yahboom_rosmaster_gazebo/share/yahboom_rosmaster_gazebo/models/aws_robomaker_residential_Vase_01/model.sdf
[6.614s] -- Symlinking: /home/basmala/ros2_ws/install/yahboom_rosmaster_gazebo/share/yahboom_rosmaster_gazebo/models/aws_robomaker_residential_Wardrobe_01/materials/textures/aws_Wardrobe_01.png
[6.631s] -- Symlinking: /home/basmala/ros2_ws/install/yahboom_rosmaster_gazebo/share/yahboom_rosmaster_gazebo/models/aws_robomaker_residential_Wardrobe_01/meshes/aws_Wardrobe_01_collision.DAE
[6.654s] -- Symlinking: /home/basmala/ros2_ws/install/yahboom_rosmaster_gazebo/share/yahboom_rosmaster_gazebo/models/aws_robomaker_residential_Wardrobe_01/meshes/aws_Wardrobe_01_visual.DAE
[6.674s] -- Symlinking: /home/basmala/ros2_ws/install/yahboom_rosmaster_gazebo/share/yahboom_rosmaster_gazebo/models/aws_robomaker_residential_Wardrobe_01/model.config
[6.692s] -- Symlinking: /home/basmala/ros2_ws/install/yahboom_rosmaster_gazebo/share/yahboom_rosmaster_gazebo/models/aws_robomaker_residential_Wardrobe_01/model.sdf
[6.716s] -- Symlinking: /home/basmala/ros2_ws/install/yahboom_rosmaster_gazebo/share/yahboom_rosmaster_gazebo/models/aws_robomaker_warehouse_Bucket_01/.DS_Store
[6.733s] -- Symlinking: /home/basmala/ros2_ws/install/yahboom_rosmaster_gazebo/share/yahboom_rosmaster_gazebo/models/aws_robomaker_warehouse_Bucket_01/materials/.DS_Store
[6.749s] -- Symlinking: /home/basmala/ros2_ws/install/yahboom_rosmaster_gazebo/share/yahboom_rosmaster_gazebo/models/aws_robomaker_warehouse_Bucket_01/materials/textures/aws_robomaker_warehouse_Bucket_01.png
[6.765s] -- Symlinking: /home/basmala/ros2_ws/install/yahboom_rosmaster_gazebo/share/yahboom_rosmaster_gazebo/models/aws_robomaker_warehouse_Bucket_01/meshes/aws_robomaker_warehouse_Bucket_01_collision.DAE
[6.779s] -- Symlinking: /home/basmala/ros2_ws/install/yahboom_rosmaster_gazebo/share/yahboom_rosmaster_gazebo/models/aws_robomaker_warehouse_Bucket_01/meshes/aws_robomaker_warehouse_Bucket_01_visual.DAE
[6.798s] -- Symlinking: /home/basmala/ros2_ws/install/yahboom_rosmaster_gazebo/share/yahboom_rosmaster_gazebo/models/aws_robomaker_warehouse_Bucket_01/model.config
[6.818s] -- Symlinking: /home/basmala/ros2_ws/install/yahboom_rosmaster_gazebo/share/yahboom_rosmaster_gazebo/models/aws_robomaker_warehouse_Bucket_01/model.sdf
[6.837s] -- Symlinking: /home/basmala/ros2_ws/install/yahboom_rosmaster_gazebo/share/yahboom_rosmaster_gazebo/models/aws_robomaker_warehouse_ClutteringA_01/.DS_Store
[6.859s] -- Symlinking: /home/basmala/ros2_ws/install/yahboom_rosmaster_gazebo/share/yahboom_rosmaster_gazebo/models/aws_robomaker_warehouse_ClutteringA_01/materials/.DS_Store
[6.888s] -- Symlinking: /home/basmala/ros2_ws/install/yahboom_rosmaster_gazebo/share/yahboom_rosmaster_gazebo/models/aws_robomaker_warehouse_ClutteringA_01/materials/textures/.DS_Store
[6.914s] -- Symlinking: /home/basmala/ros2_ws/install/yahboom_rosmaster_gazebo/share/yahboom_rosmaster_gazebo/models/aws_robomaker_warehouse_ClutteringA_01/materials/textures/aws_robomaker_warehouse_ClutteringA_01.png
[6.932s] -- Symlinking: /home/basmala/ros2_ws/install/yahboom_rosmaster_gazebo/share/yahboom_rosmaster_gazebo/models/aws_robomaker_warehouse_ClutteringA_01/materials/textures/aws_robomaker_warehouse_ClutteringA_02.png
[6.949s] -- Symlinking: /home/basmala/ros2_ws/install/yahboom_rosmaster_gazebo/share/yahboom_rosmaster_gazebo/models/aws_robomaker_warehouse_ClutteringA_01/materials/textures/aws_robomaker_warehouse_ClutteringA_03.png
[6.965s] -- Symlinking: /home/basmala/ros2_ws/install/yahboom_rosmaster_gazebo/share/yahboom_rosmaster_gazebo/models/aws_robomaker_warehouse_ClutteringA_01/meshes/aws_robomaker_warehouse_ClutteringA_01_collision.DAE
[6.980s] -- Symlinking: /home/basmala/ros2_ws/install/yahboom_rosmaster_gazebo/share/yahboom_rosmaster_gazebo/models/aws_robomaker_warehouse_ClutteringA_01/meshes/aws_robomaker_warehouse_ClutteringA_01_visual.DAE
[6.994s] -- Symlinking: /home/basmala/ros2_ws/install/yahboom_rosmaster_gazebo/share/yahboom_rosmaster_gazebo/models/aws_robomaker_warehouse_ClutteringA_01/model.config
[7.012s] -- Symlinking: /home/basmala/ros2_ws/install/yahboom_rosmaster_gazebo/share/yahboom_rosmaster_gazebo/models/aws_robomaker_warehouse_ClutteringA_01/model.sdf
[7.035s] -- Symlinking: /home/basmala/ros2_ws/install/yahboom_rosmaster_gazebo/share/yahboom_rosmaster_gazebo/models/aws_robomaker_warehouse_ClutteringC_01/materials/textures/aws_robomaker_warehouse_ClutteringC_01.png
[7.059s] -- Symlinking: /home/basmala/ros2_ws/install/yahboom_rosmaster_gazebo/share/yahboom_rosmaster_gazebo/models/aws_robomaker_warehouse_ClutteringC_01/materials/textures/aws_robomaker_warehouse_ClutteringC_02.png
[7.076s] -- Symlinking: /home/basmala/ros2_ws/install/yahboom_rosmaster_gazebo/share/yahboom_rosmaster_gazebo/models/aws_robomaker_warehouse_ClutteringC_01/meshes/aws_robomaker_warehouse_ClutteringC_01_collision.DAE
[7.092s] -- Symlinking: /home/basmala/ros2_ws/install/yahboom_rosmaster_gazebo/share/yahboom_rosmaster_gazebo/models/aws_robomaker_warehouse_ClutteringC_01/meshes/aws_robomaker_warehouse_ClutteringC_01_visual.DAE
[7.107s] -- Symlinking: /home/basmala/ros2_ws/install/yahboom_rosmaster_gazebo/share/yahboom_rosmaster_gazebo/models/aws_robomaker_warehouse_ClutteringC_01/model.config
[7.122s] -- Symlinking: /home/basmala/ros2_ws/install/yahboom_rosmaster_gazebo/share/yahboom_rosmaster_gazebo/models/aws_robomaker_warehouse_ClutteringC_01/model.sdf
[7.138s] -- Symlinking: /home/basmala/ros2_ws/install/yahboom_rosmaster_gazebo/share/yahboom_rosmaster_gazebo/models/aws_robomaker_warehouse_ClutteringD_01/materials/textures/aws_robomaker_warehouse_ClutteringD_01.png
[7.152s] -- Symlinking: /home/basmala/ros2_ws/install/yahboom_rosmaster_gazebo/share/yahboom_rosmaster_gazebo/models/aws_robomaker_warehouse_ClutteringD_01/materials/textures/aws_robomaker_warehouse_ClutteringD_02.png
[7.169s] -- Symlinking: /home/basmala/ros2_ws/install/yahboom_rosmaster_gazebo/share/yahboom_rosmaster_gazebo/models/aws_robomaker_warehouse_ClutteringD_01/meshes/aws_robomaker_warehouse_ClutteringD_01_collision.DAE
[7.189s] -- Symlinking: /home/basmala/ros2_ws/install/yahboom_rosmaster_gazebo/share/yahboom_rosmaster_gazebo/models/aws_robomaker_warehouse_ClutteringD_01/meshes/aws_robomaker_warehouse_ClutteringD_01_visual.DAE
[7.205s] -- Symlinking: /home/basmala/ros2_ws/install/yahboom_rosmaster_gazebo/share/yahboom_rosmaster_gazebo/models/aws_robomaker_warehouse_ClutteringD_01/model.config
[7.221s] -- Symlinking: /home/basmala/ros2_ws/install/yahboom_rosmaster_gazebo/share/yahboom_rosmaster_gazebo/models/aws_robomaker_warehouse_ClutteringD_01/model.sdf
[7.238s] -- Symlinking: /home/basmala/ros2_ws/install/yahboom_rosmaster_gazebo/share/yahboom_rosmaster_gazebo/models/aws_robomaker_warehouse_DeskC_01/materials/.DS_Store
[7.252s] -- Symlinking: /home/basmala/ros2_ws/install/yahboom_rosmaster_gazebo/share/yahboom_rosmaster_gazebo/models/aws_robomaker_warehouse_DeskC_01/materials/textures/aws_robomaker_warehouse_DeskC_01.png
[7.270s] -- Symlinking: /home/basmala/ros2_ws/install/yahboom_rosmaster_gazebo/share/yahboom_rosmaster_gazebo/models/aws_robomaker_warehouse_DeskC_01/materials/textures/aws_robomaker_warehouse_DeskC_02.png
[7.284s] -- Symlinking: /home/basmala/ros2_ws/install/yahboom_rosmaster_gazebo/share/yahboom_rosmaster_gazebo/models/aws_robomaker_warehouse_DeskC_01/materials/textures/aws_robomaker_warehouse_DeskC_03.png
[7.301s] -- Symlinking: /home/basmala/ros2_ws/install/yahboom_rosmaster_gazebo/share/yahboom_rosmaster_gazebo/models/aws_robomaker_warehouse_DeskC_01/materials/textures/aws_robomaker_warehouse_DeskC_03.psd
[7.316s] -- Symlinking: /home/basmala/ros2_ws/install/yahboom_rosmaster_gazebo/share/yahboom_rosmaster_gazebo/models/aws_robomaker_warehouse_DeskC_01/materials/textures/aws_robomaker_warehouse_DeskC_04.png
[7.333s] -- Symlinking: /home/basmala/ros2_ws/install/yahboom_rosmaster_gazebo/share/yahboom_rosmaster_gazebo/models/aws_robomaker_warehouse_DeskC_01/meshes/aws_robomaker_warehouse_DeskC_01_collision.DAE
[7.347s] -- Symlinking: /home/basmala/ros2_ws/install/yahboom_rosmaster_gazebo/share/yahboom_rosmaster_gazebo/models/aws_robomaker_warehouse_DeskC_01/meshes/aws_robomaker_warehouse_DeskC_01_visual.DAE
[7.362s] -- Symlinking: /home/basmala/ros2_ws/install/yahboom_rosmaster_gazebo/share/yahboom_rosmaster_gazebo/models/aws_robomaker_warehouse_DeskC_01/model.config
[7.377s] -- Symlinking: /home/basmala/ros2_ws/install/yahboom_rosmaster_gazebo/share/yahboom_rosmaster_gazebo/models/aws_robomaker_warehouse_DeskC_01/model.sdf
[7.395s] -- Symlinking: /home/basmala/ros2_ws/install/yahboom_rosmaster_gazebo/share/yahboom_rosmaster_gazebo/models/aws_robomaker_warehouse_GroundB_01/materials/textures/aws_robomaker_warehouse_GroundB_01.png
[7.412s] -- Symlinking: /home/basmala/ros2_ws/install/yahboom_rosmaster_gazebo/share/yahboom_rosmaster_gazebo/models/aws_robomaker_warehouse_GroundB_01/materials/textures/aws_robomaker_warehouse_GroundB_02.png
[7.427s] -- Symlinking: /home/basmala/ros2_ws/install/yahboom_rosmaster_gazebo/share/yahboom_rosmaster_gazebo/models/aws_robomaker_warehouse_GroundB_01/meshes/aws_robomaker_warehouse_GroundB_01_collision.DAE
[7.444s] -- Symlinking: /home/basmala/ros2_ws/install/yahboom_rosmaster_gazebo/share/yahboom_rosmaster_gazebo/models/aws_robomaker_warehouse_GroundB_01/meshes/aws_robomaker_warehouse_GroundB_01_visual.DAE
[7.459s] -- Symlinking: /home/basmala/ros2_ws/install/yahboom_rosmaster_gazebo/share/yahboom_rosmaster_gazebo/models/aws_robomaker_warehouse_GroundB_01/model.config
[7.475s] -- Symlinking: /home/basmala/ros2_ws/install/yahboom_rosmaster_gazebo/share/yahboom_rosmaster_gazebo/models/aws_robomaker_warehouse_GroundB_01/model.sdf
[7.490s] -- Symlinking: /home/basmala/ros2_ws/install/yahboom_rosmaster_gazebo/share/yahboom_rosmaster_gazebo/models/aws_robomaker_warehouse_Lamp_01/materials/textures/aws_robomaker_warehouse_Lamp_01.png
[7.504s] -- Symlinking: /home/basmala/ros2_ws/install/yahboom_rosmaster_gazebo/share/yahboom_rosmaster_gazebo/models/aws_robomaker_warehouse_Lamp_01/meshes/aws_robomaker_warehouse_Lamp_01_collision.DAE
[7.518s] -- Symlinking: /home/basmala/ros2_ws/install/yahboom_rosmaster_gazebo/share/yahboom_rosmaster_gazebo/models/aws_robomaker_warehouse_Lamp_01/meshes/aws_robomaker_warehouse_Lamp_01_visual.DAE
[7.534s] -- Symlinking: /home/basmala/ros2_ws/install/yahboom_rosmaster_gazebo/share/yahboom_rosmaster_gazebo/models/aws_robomaker_warehouse_Lamp_01/model.config
[7.548s] -- Symlinking: /home/basmala/ros2_ws/install/yahboom_rosmaster_gazebo/share/yahboom_rosmaster_gazebo/models/aws_robomaker_warehouse_Lamp_01/model.sdf
[7.562s] -- Symlinking: /home/basmala/ros2_ws/install/yahboom_rosmaster_gazebo/share/yahboom_rosmaster_gazebo/models/aws_robomaker_warehouse_PalletJackB_01/.DS_Store
[7.577s] -- Symlinking: /home/basmala/ros2_ws/install/yahboom_rosmaster_gazebo/share/yahboom_rosmaster_gazebo/models/aws_robomaker_warehouse_PalletJackB_01/materials/.DS_Store
[7.589s] -- Symlinking: /home/basmala/ros2_ws/install/yahboom_rosmaster_gazebo/share/yahboom_rosmaster_gazebo/models/aws_robomaker_warehouse_PalletJackB_01/materials/textures/aws_robomaker_warehouse_PalletJackB_01.png
[7.606s] -- Symlinking: /home/basmala/ros2_ws/install/yahboom_rosmaster_gazebo/share/yahboom_rosmaster_gazebo/models/aws_robomaker_warehouse_PalletJackB_01/materials/textures/aws_robomaker_warehouse_PalletJackB_02.png
[7.621s] -- Symlinking: /home/basmala/ros2_ws/install/yahboom_rosmaster_gazebo/share/yahboom_rosmaster_gazebo/models/aws_robomaker_warehouse_PalletJackB_01/meshes/aws_robomaker_warehouse_PalletJackB_01_collision.DAE
[7.637s] -- Symlinking: /home/basmala/ros2_ws/install/yahboom_rosmaster_gazebo/share/yahboom_rosmaster_gazebo/models/aws_robomaker_warehouse_PalletJackB_01/meshes/aws_robomaker_warehouse_PalletJackB_01_visual.DAE
[7.652s] -- Symlinking: /home/basmala/ros2_ws/install/yahboom_rosmaster_gazebo/share/yahboom_rosmaster_gazebo/models/aws_robomaker_warehouse_PalletJackB_01/model.config
[7.668s] -- Symlinking: /home/basmala/ros2_ws/install/yahboom_rosmaster_gazebo/share/yahboom_rosmaster_gazebo/models/aws_robomaker_warehouse_PalletJackB_01/model.sdf
[7.687s] -- Symlinking: /home/basmala/ros2_ws/install/yahboom_rosmaster_gazebo/share/yahboom_rosmaster_gazebo/models/aws_robomaker_warehouse_RoofB_01/materials/textures/aws_robomaker_warehouse_RoofB_01.png
[7.706s] -- Symlinking: /home/basmala/ros2_ws/install/yahboom_rosmaster_gazebo/share/yahboom_rosmaster_gazebo/models/aws_robomaker_warehouse_RoofB_01/meshes/aws_robomaker_warehouse_RoofB_01_collision.DAE
[7.722s] -- Symlinking: /home/basmala/ros2_ws/install/yahboom_rosmaster_gazebo/share/yahboom_rosmaster_gazebo/models/aws_robomaker_warehouse_RoofB_01/meshes/aws_robomaker_warehouse_RoofB_01_visual.DAE
[7.740s] -- Symlinking: /home/basmala/ros2_ws/install/yahboom_rosmaster_gazebo/share/yahboom_rosmaster_gazebo/models/aws_robomaker_warehouse_RoofB_01/model.config
[7.757s] -- Symlinking: /home/basmala/ros2_ws/install/yahboom_rosmaster_gazebo/share/yahboom_rosmaster_gazebo/models/aws_robomaker_warehouse_RoofB_01/model.sdf
[7.773s] -- Symlinking: /home/basmala/ros2_ws/install/yahboom_rosmaster_gazebo/share/yahboom_rosmaster_gazebo/models/aws_robomaker_warehouse_ShelfD_01/materials/textures/aws_robomaker_warehouse_ShelfD_01.png
[7.790s] -- Symlinking: /home/basmala/ros2_ws/install/yahboom_rosmaster_gazebo/share/yahboom_rosmaster_gazebo/models/aws_robomaker_warehouse_ShelfD_01/materials/textures/aws_robomaker_warehouse_ShelfD_02.png
[7.806s] -- Symlinking: /home/basmala/ros2_ws/install/yahboom_rosmaster_gazebo/share/yahboom_rosmaster_gazebo/models/aws_robomaker_warehouse_ShelfD_01/materials/textures/aws_robomaker_warehouse_ShelfD_03.png
[7.823s] -- Symlinking: /home/basmala/ros2_ws/install/yahboom_rosmaster_gazebo/share/yahboom_rosmaster_gazebo/models/aws_robomaker_warehouse_ShelfD_01/materials/textures/aws_robomaker_warehouse_ShelfD_04.png
[7.841s] -- Symlinking: /home/basmala/ros2_ws/install/yahboom_rosmaster_gazebo/share/yahboom_rosmaster_gazebo/models/aws_robomaker_warehouse_ShelfD_01/meshes/aws_robomaker_warehouse_ShelfD_01_collision.DAE
[7.857s] -- Symlinking: /home/basmala/ros2_ws/install/yahboom_rosmaster_gazebo/share/yahboom_rosmaster_gazebo/models/aws_robomaker_warehouse_ShelfD_01/meshes/aws_robomaker_warehouse_ShelfD_01_visual.DAE
[7.872s] -- Symlinking: /home/basmala/ros2_ws/install/yahboom_rosmaster_gazebo/share/yahboom_rosmaster_gazebo/models/aws_robomaker_warehouse_ShelfD_01/model.config
[7.889s] -- Symlinking: /home/basmala/ros2_ws/install/yahboom_rosmaster_gazebo/share/yahboom_rosmaster_gazebo/models/aws_robomaker_warehouse_ShelfD_01/model.sdf
[7.904s] -- Symlinking: /home/basmala/ros2_ws/install/yahboom_rosmaster_gazebo/share/yahboom_rosmaster_gazebo/models/aws_robomaker_warehouse_ShelfE_01/.DS_Store
[7.919s] -- Symlinking: /home/basmala/ros2_ws/install/yahboom_rosmaster_gazebo/share/yahboom_rosmaster_gazebo/models/aws_robomaker_warehouse_ShelfE_01/materials/.DS_Store
[7.934s] -- Symlinking: /home/basmala/ros2_ws/install/yahboom_rosmaster_gazebo/share/yahboom_rosmaster_gazebo/models/aws_robomaker_warehouse_ShelfE_01/materials/textures/aws_robomaker_warehouse_ShelfE_01.png
[7.951s] -- Symlinking: /home/basmala/ros2_ws/install/yahboom_rosmaster_gazebo/share/yahboom_rosmaster_gazebo/models/aws_robomaker_warehouse_ShelfE_01/materials/textures/aws_robomaker_warehouse_ShelfE_02.png
[7.966s] -- Symlinking: /home/basmala/ros2_ws/install/yahboom_rosmaster_gazebo/share/yahboom_rosmaster_gazebo/models/aws_robomaker_warehouse_ShelfE_01/materials/textures/aws_robomaker_warehouse_ShelfE_03.png
[7.981s] -- Symlinking: /home/basmala/ros2_ws/install/yahboom_rosmaster_gazebo/share/yahboom_rosmaster_gazebo/models/aws_robomaker_warehouse_ShelfE_01/materials/textures/aws_robomaker_warehouse_ShelfE_04.png
[7.997s] -- Symlinking: /home/basmala/ros2_ws/install/yahboom_rosmaster_gazebo/share/yahboom_rosmaster_gazebo/models/aws_robomaker_warehouse_ShelfE_01/meshes/aws_robomaker_warehouse_ShelfE_01_collision.DAE
[8.015s] -- Symlinking: /home/basmala/ros2_ws/install/yahboom_rosmaster_gazebo/share/yahboom_rosmaster_gazebo/models/aws_robomaker_warehouse_ShelfE_01/meshes/aws_robomaker_warehouse_ShelfE_01_visual.DAE
[8.030s] -- Symlinking: /home/basmala/ros2_ws/install/yahboom_rosmaster_gazebo/share/yahboom_rosmaster_gazebo/models/aws_robomaker_warehouse_ShelfE_01/model.config
[8.045s] -- Symlinking: /home/basmala/ros2_ws/install/yahboom_rosmaster_gazebo/share/yahboom_rosmaster_gazebo/models/aws_robomaker_warehouse_ShelfE_01/model.sdf
[8.060s] -- Symlinking: /home/basmala/ros2_ws/install/yahboom_rosmaster_gazebo/share/yahboom_rosmaster_gazebo/models/aws_robomaker_warehouse_ShelfF_01/materials/textures/aws_robomaker_warehouse_ShelfF_01.png
[8.076s] -- Symlinking: /home/basmala/ros2_ws/install/yahboom_rosmaster_gazebo/share/yahboom_rosmaster_gazebo/models/aws_robomaker_warehouse_ShelfF_01/materials/textures/aws_robomaker_warehouse_ShelfF_02.png
[8.091s] -- Symlinking: /home/basmala/ros2_ws/install/yahboom_rosmaster_gazebo/share/yahboom_rosmaster_gazebo/models/aws_robomaker_warehouse_ShelfF_01/materials/textures/aws_robomaker_warehouse_ShelfF_03.png
[8.106s] -- Symlinking: /home/basmala/ros2_ws/install/yahboom_rosmaster_gazebo/share/yahboom_rosmaster_gazebo/models/aws_robomaker_warehouse_ShelfF_01/meshes/aws_robomaker_warehouse_ShelfF_01_collision.DAE
[8.122s] -- Symlinking: /home/basmala/ros2_ws/install/yahboom_rosmaster_gazebo/share/yahboom_rosmaster_gazebo/models/aws_robomaker_warehouse_ShelfF_01/meshes/aws_robomaker_warehouse_ShelfF_01_visual.DAE
[8.138s] -- Symlinking: /home/basmala/ros2_ws/install/yahboom_rosmaster_gazebo/share/yahboom_rosmaster_gazebo/models/aws_robomaker_warehouse_ShelfF_01/model.config
[8.153s] -- Symlinking: /home/basmala/ros2_ws/install/yahboom_rosmaster_gazebo/share/yahboom_rosmaster_gazebo/models/aws_robomaker_warehouse_ShelfF_01/model.sdf
[8.169s] -- Symlinking: /home/basmala/ros2_ws/install/yahboom_rosmaster_gazebo/share/yahboom_rosmaster_gazebo/models/aws_robomaker_warehouse_TrashCanC_01/materials/textures/aws_robomaker_warehouse_TrashCanC_01.png
[8.186s] -- Symlinking: /home/basmala/ros2_ws/install/yahboom_rosmaster_gazebo/share/yahboom_rosmaster_gazebo/models/aws_robomaker_warehouse_TrashCanC_01/meshes/aws_robomaker_warehouse_TrashCanC_01_collision.DAE
[8.203s] -- Symlinking: /home/basmala/ros2_ws/install/yahboom_rosmaster_gazebo/share/yahboom_rosmaster_gazebo/models/aws_robomaker_warehouse_TrashCanC_01/meshes/aws_robomaker_warehouse_TrashCanC_01_visual.DAE
[8.219s] -- Symlinking: /home/basmala/ros2_ws/install/yahboom_rosmaster_gazebo/share/yahboom_rosmaster_gazebo/models/aws_robomaker_warehouse_TrashCanC_01/model.config
[8.236s] -- Symlinking: /home/basmala/ros2_ws/install/yahboom_rosmaster_gazebo/share/yahboom_rosmaster_gazebo/models/aws_robomaker_warehouse_TrashCanC_01/model.sdf
[8.251s] -- Symlinking: /home/basmala/ros2_ws/install/yahboom_rosmaster_gazebo/share/yahboom_rosmaster_gazebo/models/aws_robomaker_warehouse_WallB_01/materials/textures/aws_robomaker_warehouse_WallB_01.png
[8.266s] -- Symlinking: /home/basmala/ros2_ws/install/yahboom_rosmaster_gazebo/share/yahboom_rosmaster_gazebo/models/aws_robomaker_warehouse_WallB_01/meshes/aws_robomaker_warehouse_WallB_01_collision.DAE
[8.282s] -- Symlinking: /home/basmala/ros2_ws/install/yahboom_rosmaster_gazebo/share/yahboom_rosmaster_gazebo/models/aws_robomaker_warehouse_WallB_01/meshes/aws_robomaker_warehouse_WallB_01_visual.DAE
[8.297s] -- Symlinking: /home/basmala/ros2_ws/install/yahboom_rosmaster_gazebo/share/yahboom_rosmaster_gazebo/models/aws_robomaker_warehouse_WallB_01/model.config
[8.311s] -- Symlinking: /home/basmala/ros2_ws/install/yahboom_rosmaster_gazebo/share/yahboom_rosmaster_gazebo/models/aws_robomaker_warehouse_WallB_01/model.sdf
[8.327s] -- Symlinking: /home/basmala/ros2_ws/install/yahboom_rosmaster_gazebo/share/yahboom_rosmaster_gazebo/models/brown_table/model.config
[8.343s] -- Symlinking: /home/basmala/ros2_ws/install/yahboom_rosmaster_gazebo/share/yahboom_rosmaster_gazebo/models/brown_table/model.sdf
[8.360s] -- Symlinking: /home/basmala/ros2_ws/install/yahboom_rosmaster_gazebo/share/yahboom_rosmaster_gazebo/models/cafe/materials/textures/__auto_10.jpg
[8.378s] -- Symlinking: /home/basmala/ros2_ws/install/yahboom_rosmaster_gazebo/share/yahboom_rosmaster_gazebo/models/cafe/materials/textures/__auto_2.jpg
[8.393s] -- Symlinking: /home/basmala/ros2_ws/install/yahboom_rosmaster_gazebo/share/yahboom_rosmaster_gazebo/models/cafe/materials/textures/__auto_21.jpg
[8.409s] -- Symlinking: /home/basmala/ros2_ws/install/yahboom_rosmaster_gazebo/share/yahboom_rosmaster_gazebo/models/cafe/materials/textures/__auto_22.jpg
[8.425s] -- Symlinking: /home/basmala/ros2_ws/install/yahboom_rosmaster_gazebo/share/yahboom_rosmaster_gazebo/models/cafe/materials/textures/__auto_23.jpg
[8.440s] -- Symlinking: /home/basmala/ros2_ws/install/yahboom_rosmaster_gazebo/share/yahboom_rosmaster_gazebo/models/cafe/materials/textures/__auto_24.jpg
[8.455s] -- Symlinking: /home/basmala/ros2_ws/install/yahboom_rosmaster_gazebo/share/yahboom_rosmaster_gazebo/models/cafe/materials/textures/__auto_25.jpg
[8.471s] -- Symlinking: /home/basmala/ros2_ws/install/yahboom_rosmaster_gazebo/share/yahboom_rosmaster_gazebo/models/cafe/materials/textures/__auto_26.jpg
[8.485s] -- Symlinking: /home/basmala/ros2_ws/install/yahboom_rosmaster_gazebo/share/yahboom_rosmaster_gazebo/models/cafe/materials/textures/__auto_28.jpg
[8.499s] -- Symlinking: /home/basmala/ros2_ws/install/yahboom_rosmaster_gazebo/share/yahboom_rosmaster_gazebo/models/cafe/materials/textures/__auto_29.jpg
[8.513s] -- Symlinking: /home/basmala/ros2_ws/install/yahboom_rosmaster_gazebo/share/yahboom_rosmaster_gazebo/models/cafe/materials/textures/__auto_30.jpg
[8.530s] -- Symlinking: /home/basmala/ros2_ws/install/yahboom_rosmaster_gazebo/share/yahboom_rosmaster_gazebo/models/cafe/materials/textures/__auto_31.jpg
[8.544s] -- Symlinking: /home/basmala/ros2_ws/install/yahboom_rosmaster_gazebo/share/yahboom_rosmaster_gazebo/models/cafe/materials/textures/__auto_34.jpg
[8.560s] -- Symlinking: /home/basmala/ros2_ws/install/yahboom_rosmaster_gazebo/share/yahboom_rosmaster_gazebo/models/cafe/materials/textures/__auto_35.jpg
[8.575s] -- Symlinking: /home/basmala/ros2_ws/install/yahboom_rosmaster_gazebo/share/yahboom_rosmaster_gazebo/models/cafe/materials/textures/__auto_37.jpg
[8.593s] -- Symlinking: /home/basmala/ros2_ws/install/yahboom_rosmaster_gazebo/share/yahboom_rosmaster_gazebo/models/cafe/meshes/cafe.dae
[8.609s] -- Symlinking: /home/basmala/ros2_ws/install/yahboom_rosmaster_gazebo/share/yahboom_rosmaster_gazebo/models/cafe/model.config
[8.624s] -- Symlinking: /home/basmala/ros2_ws/install/yahboom_rosmaster_gazebo/share/yahboom_rosmaster_gazebo/models/cafe/model.sdf
[8.640s] -- Symlinking: /home/basmala/ros2_ws/install/yahboom_rosmaster_gazebo/share/yahboom_rosmaster_gazebo/models/cafe_counter/materials/textures/cafe_counter.png
[8.656s] -- Symlinking: /home/basmala/ros2_ws/install/yahboom_rosmaster_gazebo/share/yahboom_rosmaster_gazebo/models/cafe_counter/meshes/cafe_counter.mtl
[8.671s] -- Symlinking: /home/basmala/ros2_ws/install/yahboom_rosmaster_gazebo/share/yahboom_rosmaster_gazebo/models/cafe_counter/meshes/cafe_counter.obj
[8.689s] -- Symlinking: /home/basmala/ros2_ws/install/yahboom_rosmaster_gazebo/share/yahboom_rosmaster_gazebo/models/cafe_counter/meshes/counter_no_sink.obj
[8.703s] -- Symlinking: /home/basmala/ros2_ws/install/yahboom_rosmaster_gazebo/share/yahboom_rosmaster_gazebo/models/cafe_counter/meshes/counter_sink.obj
[8.719s] -- Symlinking: /home/basmala/ros2_ws/install/yahboom_rosmaster_gazebo/share/yahboom_rosmaster_gazebo/models/cafe_counter/model.config
[8.735s] -- Symlinking: /home/basmala/ros2_ws/install/yahboom_rosmaster_gazebo/share/yahboom_rosmaster_gazebo/models/cafe_counter/model.sdf
[8.749s] -- Symlinking: /home/basmala/ros2_ws/install/yahboom_rosmaster_gazebo/share/yahboom_rosmaster_gazebo/models/cafe_table/materials/textures/Maple.jpg
[8.763s] -- Symlinking: /home/basmala/ros2_ws/install/yahboom_rosmaster_gazebo/share/yahboom_rosmaster_gazebo/models/cafe_table/materials/textures/Wood_Floor_Dark.jpg
[8.781s] -- Symlinking: /home/basmala/ros2_ws/install/yahboom_rosmaster_gazebo/share/yahboom_rosmaster_gazebo/models/cafe_table/meshes/cafe_table.dae
[8.798s] -- Symlinking: /home/basmala/ros2_ws/install/yahboom_rosmaster_gazebo/share/yahboom_rosmaster_gazebo/models/cafe_table/model-1_4.sdf
[8.815s] -- Symlinking: /home/basmala/ros2_ws/install/yahboom_rosmaster_gazebo/share/yahboom_rosmaster_gazebo/models/cafe_table/model.config
[8.832s] -- Symlinking: /home/basmala/ros2_ws/install/yahboom_rosmaster_gazebo/share/yahboom_rosmaster_gazebo/models/cafe_table/model.sdf
[8.849s] -- Symlinking: /home/basmala/ros2_ws/install/yahboom_rosmaster_gazebo/share/yahboom_rosmaster_gazebo/models/cardboard_box/materials/textures/cardboard_box.png
[8.865s] -- Symlinking: /home/basmala/ros2_ws/install/yahboom_rosmaster_gazebo/share/yahboom_rosmaster_gazebo/models/cardboard_box/meshes/cardboard_box.dae
[8.881s] -- Symlinking: /home/basmala/ros2_ws/install/yahboom_rosmaster_gazebo/share/yahboom_rosmaster_gazebo/models/cardboard_box/meshes/cardboard_box.png
[8.898s] -- Symlinking: /home/basmala/ros2_ws/install/yahboom_rosmaster_gazebo/share/yahboom_rosmaster_gazebo/models/cardboard_box/model.config
[8.913s] -- Symlinking: /home/basmala/ros2_ws/install/yahboom_rosmaster_gazebo/share/yahboom_rosmaster_gazebo/models/cardboard_box/model.sdf
[8.928s] -- Symlinking: /home/basmala/ros2_ws/install/yahboom_rosmaster_gazebo/share/yahboom_rosmaster_gazebo/models/cheezit_big_original/meshes/cheez_tex_0.jpg
[8.945s] -- Symlinking: /home/basmala/ros2_ws/install/yahboom_rosmaster_gazebo/share/yahboom_rosmaster_gazebo/models/cheezit_big_original/meshes/cheezit_big_original.dae
[8.961s] -- Symlinking: /home/basmala/ros2_ws/install/yahboom_rosmaster_gazebo/share/yahboom_rosmaster_gazebo/models/cheezit_big_original/model.config
[8.977s] -- Symlinking: /home/basmala/ros2_ws/install/yahboom_rosmaster_gazebo/share/yahboom_rosmaster_gazebo/models/cheezit_big_original/model.sdf
[8.994s] -- Symlinking: /home/basmala/ros2_ws/install/yahboom_rosmaster_gazebo/share/yahboom_rosmaster_gazebo/models/coke_can/materials/textures/coke_can.png
[9.010s] -- Symlinking: /home/basmala/ros2_ws/install/yahboom_rosmaster_gazebo/share/yahboom_rosmaster_gazebo/models/coke_can/meshes/coke_can.dae
[9.026s] -- Symlinking: /home/basmala/ros2_ws/install/yahboom_rosmaster_gazebo/share/yahboom_rosmaster_gazebo/models/coke_can/model-1_2.sdf
[9.043s] -- Symlinking: /home/basmala/ros2_ws/install/yahboom_rosmaster_gazebo/share/yahboom_rosmaster_gazebo/models/coke_can/model-1_3.sdf
[9.057s] -- Symlinking: /home/basmala/ros2_ws/install/yahboom_rosmaster_gazebo/share/yahboom_rosmaster_gazebo/models/coke_can/model-1_4.sdf
[9.071s] -- Symlinking: /home/basmala/ros2_ws/install/yahboom_rosmaster_gazebo/share/yahboom_rosmaster_gazebo/models/coke_can/model.config
[9.084s] -- Symlinking: /home/basmala/ros2_ws/install/yahboom_rosmaster_gazebo/share/yahboom_rosmaster_gazebo/models/coke_can/model.sdf
[9.099s] -- Symlinking: /home/basmala/ros2_ws/install/yahboom_rosmaster_gazebo/share/yahboom_rosmaster_gazebo/models/ground_plane/model-1_2.sdf
[9.114s] -- Symlinking: /home/basmala/ros2_ws/install/yahboom_rosmaster_gazebo/share/yahboom_rosmaster_gazebo/models/ground_plane/model-1_3.sdf
[9.130s] -- Symlinking: /home/basmala/ros2_ws/install/yahboom_rosmaster_gazebo/share/yahboom_rosmaster_gazebo/models/ground_plane/model-1_4.sdf
[9.146s] -- Symlinking: /home/basmala/ros2_ws/install/yahboom_rosmaster_gazebo/share/yahboom_rosmaster_gazebo/models/ground_plane/model.config
[9.160s] -- Symlinking: /home/basmala/ros2_ws/install/yahboom_rosmaster_gazebo/share/yahboom_rosmaster_gazebo/models/ground_plane/model.sdf
[9.175s] -- Symlinking: /home/basmala/ros2_ws/install/yahboom_rosmaster_gazebo/share/yahboom_rosmaster_gazebo/models/mustard/materials/scripts/mustard.material
[9.193s] -- Symlinking: /home/basmala/ros2_ws/install/yahboom_rosmaster_gazebo/share/yahboom_rosmaster_gazebo/models/mustard/materials/textures/optimized_tsdf_texture_mapped_mesh.png
[9.209s] -- Symlinking: /home/basmala/ros2_ws/install/yahboom_rosmaster_gazebo/share/yahboom_rosmaster_gazebo/models/mustard/meshes/mustard.dae
[9.226s] -- Symlinking: /home/basmala/ros2_ws/install/yahboom_rosmaster_gazebo/share/yahboom_rosmaster_gazebo/models/mustard/meshes/texture_map.png
[9.242s] -- Symlinking: /home/basmala/ros2_ws/install/yahboom_rosmaster_gazebo/share/yahboom_rosmaster_gazebo/models/mustard/model.config
[9.255s] -- Symlinking: /home/basmala/ros2_ws/install/yahboom_rosmaster_gazebo/share/yahboom_rosmaster_gazebo/models/mustard/model.sdf
[9.270s] -- Symlinking: /home/basmala/ros2_ws/install/yahboom_rosmaster_gazebo/share/yahboom_rosmaster_gazebo/models/red_cylinder/model.config
[9.283s] -- Symlinking: /home/basmala/ros2_ws/install/yahboom_rosmaster_gazebo/share/yahboom_rosmaster_gazebo/models/red_cylinder/model.sdf
[9.298s] -- Symlinking: /home/basmala/ros2_ws/install/yahboom_rosmaster_gazebo/share/yahboom_rosmaster_gazebo/models/sun/model-1_2.sdf
[9.313s] -- Symlinking: /home/basmala/ros2_ws/install/yahboom_rosmaster_gazebo/share/yahboom_rosmaster_gazebo/models/sun/model-1_3.sdf
[9.330s] -- Symlinking: /home/basmala/ros2_ws/install/yahboom_rosmaster_gazebo/share/yahboom_rosmaster_gazebo/models/sun/model-1_4.sdf
[9.344s] -- Symlinking: /home/basmala/ros2_ws/install/yahboom_rosmaster_gazebo/share/yahboom_rosmaster_gazebo/models/sun/model.config
[9.359s] -- Symlinking: /home/basmala/ros2_ws/install/yahboom_rosmaster_gazebo/share/yahboom_rosmaster_gazebo/models/sun/model.sdf
[9.377s] -- Symlinking: /home/basmala/ros2_ws/install/yahboom_rosmaster_gazebo/share/yahboom_rosmaster_gazebo/rviz/yahboom_rosmaster_gazebo_sim.rviz
[9.395s] -- Symlinking: /home/basmala/ros2_ws/install/yahboom_rosmaster_gazebo/share/yahboom_rosmaster_gazebo/worlds/cafe.world
[9.410s] -- Symlinking: /home/basmala/ros2_ws/install/yahboom_rosmaster_gazebo/share/yahboom_rosmaster_gazebo/worlds/empty.world
[9.425s] -- Symlinking: /home/basmala/ros2_ws/install/yahboom_rosmaster_gazebo/share/yahboom_rosmaster_gazebo/worlds/house.world
[9.442s] -- Symlinking: /home/basmala/ros2_ws/install/yahboom_rosmaster_gazebo/share/yahboom_rosmaster_gazebo/worlds/pick_and_place_demo.world
[9.459s] -- Symlinking: /home/basmala/ros2_ws/install/yahboom_rosmaster_gazebo/share/ament_index/resource_index/package_run_dependencies/yahboom_rosmaster_gazebo
[9.474s] -- Symlinking: /home/basmala/ros2_ws/install/yahboom_rosmaster_gazebo/share/ament_index/resource_index/parent_prefix_path/yahboom_rosmaster_gazebo
[9.488s] -- Symlinking: /home/basmala/ros2_ws/install/yahboom_rosmaster_gazebo/share/yahboom_rosmaster_gazebo/environment/ament_prefix_path.sh
[9.503s] -- Symlinking: /home/basmala/ros2_ws/install/yahboom_rosmaster_gazebo/share/yahboom_rosmaster_gazebo/environment/ament_prefix_path.dsv
[9.518s] -- Symlinking: /home/basmala/ros2_ws/install/yahboom_rosmaster_gazebo/share/yahboom_rosmaster_gazebo/environment/path.sh
[9.533s] -- Symlinking: /home/basmala/ros2_ws/install/yahboom_rosmaster_gazebo/share/yahboom_rosmaster_gazebo/environment/path.dsv
[9.547s] -- Symlinking: /home/basmala/ros2_ws/install/yahboom_rosmaster_gazebo/share/yahboom_rosmaster_gazebo/local_setup.bash
[9.563s] -- Symlinking: /home/basmala/ros2_ws/install/yahboom_rosmaster_gazebo/share/yahboom_rosmaster_gazebo/local_setup.sh
[9.578s] -- Symlinking: /home/basmala/ros2_ws/install/yahboom_rosmaster_gazebo/share/yahboom_rosmaster_gazebo/local_setup.zsh
[9.595s] -- Symlinking: /home/basmala/ros2_ws/install/yahboom_rosmaster_gazebo/share/yahboom_rosmaster_gazebo/local_setup.dsv
[9.610s] -- Symlinking: /home/basmala/ros2_ws/install/yahboom_rosmaster_gazebo/share/yahboom_rosmaster_gazebo/package.dsv
[9.625s] -- Symlinking: /home/basmala/ros2_ws/install/yahboom_rosmaster_gazebo/share/ament_index/resource_index/packages/yahboom_rosmaster_gazebo
[9.637s] -- Symlinking: /home/basmala/ros2_ws/install/yahboom_rosmaster_gazebo/share/yahboom_rosmaster_gazebo/cmake/yahboom_rosmaster_gazeboConfig.cmake
[9.650s] -- Symlinking: /home/basmala/ros2_ws/install/yahboom_rosmaster_gazebo/share/yahboom_rosmaster_gazebo/cmake/yahboom_rosmaster_gazeboConfig-version.cmake
[9.665s] -- Symlinking: /home/basmala/ros2_ws/install/yahboom_rosmaster_gazebo/share/yahboom_rosmaster_gazebo/package.xml
[9.684s] Invoked command in '/home/basmala/ros2_ws/build/yahboom_rosmaster_gazebo' returned '0': CMAKE_PREFIX_PATH=${CMAKE_PREFIX_PATH}:/home/basmala/ros2_ws/install/first_package_python:/opt/ros/jazzy DEBUGINFOD_URLS=https://debuginfod.ubuntu.com /usr/bin/cmake --install /home/basmala/ros2_ws/build/yahboom_rosmaster_gazebo
