[0.000000] (-) TimerEvent: {}
[0.000257] (-) JobUnselected: {'identifier': 'assignment1_rt'}
[0.000462] (-) JobUnselected: {'identifier': 'bme_gazebo_sensors'}
[0.000526] (-) JobUnselected: {'identifier': 'first_package_cpp'}
[0.000542] (-) JobUnselected: {'identifier': 'first_package_python'}
[0.000713] (-) JobUnselected: {'identifier': 'mecanum_drive_controller'}
[0.000880] (-) JobUnselected: {'identifier': 'turtlesim_controller'}
[0.001043] (-) JobUnselected: {'identifier': 'turtlesim_custom_msgs'}
[0.001139] (-) JobUnselected: {'identifier': 'yahboom_rosmaster'}
[0.001155] (-) JobUnselected: {'identifier': 'yahboom_rosmaster_bringup'}
[0.001178] (-) JobUnselected: {'identifier': 'yahboom_rosmaster_description'}
[0.001195] (-) JobUnselected: {'identifier': 'yahboom_rosmaster_gazebo'}
[0.001212] (-) JobUnselected: {'identifier': 'yahboom_rosmaster_system_tests'}
[0.001231] (assignment2_custom_msgs_srvs) JobQueued: {'identifier': 'assignment2_custom_msgs_srvs', 'dependencies': OrderedDict()}
[0.001258] (assignment2_rt) JobQueued: {'identifier': 'assignment2_rt', 'dependencies': OrderedDict({'assignment2_custom_msgs_srvs': '/home/basmala/ros2_ws/install/assignment2_custom_msgs_srvs'})}
[0.001279] (assignment2_custom_msgs_srvs) JobStarted: {'identifier': 'assignment2_custom_msgs_srvs'}
[0.009155] (assignment2_custom_msgs_srvs) JobProgress: {'identifier': 'assignment2_custom_msgs_srvs', 'progress': 'cmake'}
[0.009786] (assignment2_custom_msgs_srvs) JobProgress: {'identifier': 'assignment2_custom_msgs_srvs', 'progress': 'build'}
[0.010445] (assignment2_custom_msgs_srvs) Command: {'cmd': ['/usr/bin/cmake', '--build', '/home/basmala/ros2_ws/build/assignment2_custom_msgs_srvs', '--', '-j20', '-l20'], 'cwd': '/home/basmala/ros2_ws/build/assignment2_custom_msgs_srvs', 'env': OrderedDict({'GJS_DEBUG_TOPICS': 'JS ERROR;JS LOG', 'PYTHON_BASIC_REPL': '1', 'LESSOPEN': '| /usr/bin/lesspipe %s', 'GZ_SIM_RESOURCE_PATH': '/opt/ros/jazzy/share', 'USER': 'basmala', 'LC_TIME': 'ar_EG.UTF-8', 'GZ_CONFIG_PATH': '/opt/ros/jazzy/opt/gz_sim_vendor/share/gz:/opt/ros/jazzy/opt/sdformat_vendor/share/gz:/opt/ros/jazzy/opt/gz_gui_vendor/share/gz:/opt/ros/jazzy/opt/gz_transport_vendor/share/gz:/opt/ros/jazzy/opt/gz_rendering_vendor/share/gz:/opt/ros/jazzy/opt/gz_plugin_vendor/share/gz:/opt/ros/jazzy/opt/gz_fuel_tools_vendor/share/gz:/opt/ros/jazzy/opt/gz_msgs_vendor/share/gz:/opt/ros/jazzy/opt/gz_common_vendor/share/gz', 'XDG_SESSION_TYPE': 'wayland', 'GIT_ASKPASS': '/usr/share/code/resources/app/extensions/git/dist/askpass.sh', 'CLUTTER_DISABLE_MIPMAPPED_TEXT': '1', 'SHLVL': '1', 'LD_LIBRARY_PATH': '/home/basmala/ros2_ws/install/turtlesim_custom_msgs/lib:/home/basmala/ros2_ws/install/mecanum_drive_controller/lib:/home/basmala/ros2_ws/install/assignment2_custom_msgs_srvs/lib:/opt/ros/jazzy/opt/gz_sim_vendor/lib:/opt/ros/jazzy/opt/gz_sensors_vendor/lib:/opt/ros/jazzy/opt/gz_physics_vendor/lib:/opt/ros/jazzy/opt/sdformat_vendor/lib:/opt/ros/jazzy/opt/rviz_ogre_vendor/lib:/opt/ros/jazzy/lib/x86_64-linux-gnu:/opt/ros/jazzy/opt/gz_gui_vendor/lib:/opt/ros/jazzy/opt/gz_transport_vendor/lib:/opt/ros/jazzy/opt/gz_rendering_vendor/lib:/opt/ros/jazzy/opt/gz_plugin_vendor/lib:/opt/ros/jazzy/opt/gz_fuel_tools_vendor/lib:/opt/ros/jazzy/opt/gz_msgs_vendor/lib:/opt/ros/jazzy/opt/gz_common_vendor/lib:/opt/ros/jazzy/opt/gz_math_vendor/lib:/opt/ros/jazzy/opt/gz_utils_vendor/lib:/opt/ros/jazzy/opt/gz_tools_vendor/lib:/opt/ros/jazzy/opt/gz_ogre_next_vendor/lib:/opt/ros/jazzy/opt/gz_dartsim_vendor/lib:/opt/ros/jazzy/opt/gz_cmake_vendor/lib:/opt/ros/jazzy/lib', 'HOME': '/home/basmala', 'CHROME_DESKTOP': 'code.desktop', 'TERM_PROGRAM_VERSION': '1.108.1', 'DESKTOP_SESSION': 'ubuntu', 'GIO_LAUNCHED_DESKTOP_FILE': '/usr/share/applications/code.desktop', 'ROS_PYTHON_VERSION': '3', 'GNOME_SHELL_SESSION_MODE': 'ubuntu', 'GTK_MODULES': 'gail:atk-bridge', 'VSCODE_GIT_ASKPASS_MAIN': '/usr/share/code/resources/app/extensions/git/dist/askpass-main.js', 'LC_MONETARY': 'ar_EG.UTF-8', 'VSCODE_GIT_ASKPASS_NODE': '/usr/share/code/code', 'MANAGERPID': '3085', 'PYDEVD_DISABLE_FILE_VALIDATION': '1', 'SYSTEMD_EXEC_PID': '3363', 'BUNDLED_DEBUGPY_PATH': '/home/basmala/.vscode/extensions/ms-python.debugpy-2025.18.0-linux-x64/bundled/libs/debugpy', 'IM_CONFIG_CHECK_ENV': '1', 'VSCODE_PYTHON_AUTOACTIVATE_GUARD': '1', 'GSM_SKIP_SSH_AGENT_WORKAROUND': 'true', 'DBUS_SESSION_BUS_ADDRESS': 'unix:path=/run/user/1000/bus', 'COLORTERM': 'truecolor', 'GIO_LAUNCHED_DESKTOP_FILE_PID': '6235', 'DEBUGINFOD_URLS': 'https://debuginfod.ubuntu.com', 'IM_CONFIG_PHASE': '1', 'WAYLAND_DISPLAY': 'wayland-0', 'COLCON_PREFIX_PATH': '/home/basmala/ros2_ws/install:/home/basmala/ros2_ws/src/install', 'ROS_DISTRO': 'jazzy', 'LOGNAME': 'basmala', 'JOURNAL_STREAM': '8:29348', '_': '/usr/bin/colcon', 'ROS_VERSION': '2', 'MEMORY_PRESSURE_WATCH': '/sys/fs/cgroup/user.slice/user-1000.slice/user@1000.service/session.slice/org.gnome.Shell@wayland.service/memory.pressure', 'XDG_SESSION_CLASS': 'user', 'USERNAME': 'basmala', 'TERM': 'xterm-256color', 'GNOME_DESKTOP_SESSION_ID': 'this-is-deprecated', 'FC_FONTATIONS': '1', 'PATH': '/home/basmala/.config/Code/User/globalStorage/github.copilot-chat/debugCommand:/home/basmala/.config/Code/User/globalStorage/github.copilot-chat/copilotCli:/home/basmala/.local/bin:/opt/ros/jazzy/opt/gz_msgs_vendor/bin:/opt/ros/jazzy/opt/gz_tools_vendor/bin:/opt/ros/jazzy/opt/gz_ogre_next_vendor/bin:/opt/ros/jazzy/bin:/home/basmala/.local/bin:/usr/local/sbin:/usr/local/bin:/usr/sbin:/usr/bin:/sbin:/bin:/usr/games:/usr/local/games:/snap/bin:/snap/bin:/home/basmala/.vscode/extensions/ms-python.debugpy-2025.18.0-linux-x64/bundled/scripts/noConfigScripts', 'SESSION_MANAGER': 'local/basmala-Victus-by-HP-Laptop-16-d1xxx:@/tmp/.ICE-unix/3320,unix/basmala-Victus-by-HP-Laptop-16-d1xxx:/tmp/.ICE-unix/3320', 'INVOCATION_ID': '694191e11eb94a809305834f622f84d0', 'XDG_MENU_PREFIX': 'gnome-', 'LC_ADDRESS': 'ar_EG.UTF-8', 'GNOME_SETUP_DISPLAY': ':1', 'XDG_RUNTIME_DIR': '/run/user/1000', 'GDK_BACKEND': 'wayland', 'DISPLAY': ':0', 'VSCODE_DEBUGPY_ADAPTER_ENDPOINTS': '/home/basmala/.vscode/extensions/ms-python.debugpy-2025.18.0-linux-x64/.noConfigDebugAdapterEndpoints/endpoint-af7fd2ea1280fc9a.txt', 'LANG': 'en_US.UTF-8', 'XDG_CURRENT_DESKTOP': 'ubuntu:GNOME', 'PYTHONSTARTUP': '/home/basmala/.config/Code/User/workspaceStorage/252af9e7590a177e2820818b062d5291/ms-python.python/pythonrc.py', 'LC_TELEPHONE': 'ar_EG.UTF-8', 'XMODIFIERS': '@im=ibus', 'XDG_SESSION_DESKTOP': 'ubuntu', 'XAUTHORITY': '/run/user/1000/.mutter-Xwaylandauth.RDTNJ3', 'LS_COLORS': 'rs=0:di=01;34:ln=01;36:mh=00:pi=40;33:so=01;35:do=01;35:bd=40;33;01:cd=40;33;01:or=40;31;01:mi=00:su=37;41:sg=30;43:ca=00:tw=30;42:ow=34;42:st=37;44:ex=01;32:*.tar=01;31:*.tgz=01;31:*.arc=01;31:*.arj=01;31:*.taz=01;31:*.lha=01;31:*.lz4=01;31:*.lzh=01;31:*.lzma=01;31:*.tlz=01;31:*.txz=01;31:*.tzo=01;31:*.t7z=01;31:*.zip=01;31:*.z=01;31:*.dz=01;31:*.gz=01;31:*.lrz=01;31:*.lz=01;31:*.lzo=01;31:*.xz=01;31:*.zst=01;31:*.tzst=01;31:*.bz2=01;31:*.bz=01;31:*.tbz=01;31:*.tbz2=01;31:*.tz=01;31:*.deb=01;31:*.rpm=01;31:*.jar=01;31:*.war=01;31:*.ear=01;31:*.sar=01;31:*.rar=01;31:*.alz=01;31:*.ace=01;31:*.zoo=01;31:*.cpio=01;31:*.7z=01;31:*.rz=01;31:*.cab=01;31:*.wim=01;31:*.swm=01;31:*.dwm=01;31:*.esd=01;31:*.avif=01;35:*.jpg=01;35:*.jpeg=01;35:*.mjpg=01;35:*.mjpeg=01;35:*.gif=01;35:*.bmp=01;35:*.pbm=01;35:*.pgm=01;35:*.ppm=01;35:*.tga=01;35:*.xbm=01;35:*.xpm=01;35:*.tif=01;35:*.tiff=01;35:*.png=01;35:*.svg=01;35:*.svgz=01;35:*.mng=01;35:*.pcx=01;35:*.mov=01;35:*.mpg=01;35:*.mpeg=01;35:*.m2v=01;35:*.mkv=01;35:*.webm=01;35:*.webp=01;35:*.ogm=01;35:*.mp4=01;35:*.m4v=01;35:*.mp4v=01;35:*.vob=01;35:*.qt=01;35:*.nuv=01;35:*.wmv=01;35:*.asf=01;35:*.rm=01;35:*.rmvb=01;35:*.flc=01;35:*.avi=01;35:*.fli=01;35:*.flv=01;35:*.gl=01;35:*.dl=01;35:*.xcf=01;35:*.xwd=01;35:*.yuv=01;35:*.cgm=01;35:*.emf=01;35:*.ogv=01;35:*.ogx=01;35:*.aac=00;36:*.au=00;36:*.flac=00;36:*.m4a=00;36:*.mid=00;36:*.midi=00;36:*.mka=00;36:*.mp3=00;36:*.mpc=00;36:*.ogg=00;36:*.ra=00;36:*.wav=00;36:*.oga=00;36:*.opus=00;36:*.spx=00;36:*.xspf=00;36:*~=00;90:*#=00;90:*.bak=00;90:*.crdownload=00;90:*.dpkg-dist=00;90:*.dpkg-new=00;90:*.dpkg-old=00;90:*.dpkg-tmp=00;90:*.old=00;90:*.orig=00;90:*.part=00;90:*.rej=00;90:*.rpmnew=00;90:*.rpmorig=00;90:*.rpmsave=00;90:*.swp=00;90:*.tmp=00;90:*.ucf-dist=00;90:*.ucf-new=00;90:*.ucf-old=00;90:', 'VSCODE_GIT_IPC_HANDLE': '/run/user/1000/vscode-git-2798b36409.sock', 'TERM_PROGRAM': 'vscode', 'SSH_AUTH_SOCK': '/run/user/1000/keyring/ssh', 'AMENT_PREFIX_PATH': '/home/basmala/ros2_ws/install/yahboom_rosmaster:/home/basmala/ros2_ws/install/yahboom_rosmaster_system_tests:/home/basmala/ros2_ws/install/yahboom_rosmaster_gazebo:/home/basmala/ros2_ws/install/yahboom_rosmaster_description:/home/basmala/ros2_ws/install/yahboom_rosmaster_bringup:/home/basmala/ros2_ws/install/turtlesim_controller:/home/basmala/ros2_ws/install/turtlesim_custom_msgs:/home/basmala/ros2_ws/install/mecanum_drive_controller:/home/basmala/ros2_ws/install/first_package_python:/home/basmala/ros2_ws/install/first_package_cpp:/home/basmala/ros2_ws/install/bme_gazebo_sensors:/home/basmala/ros2_ws/install/assignment2_rt:/home/basmala/ros2_ws/install/assignment2_custom_msgs_srvs:/home/basmala/ros2_ws/install/assignment1_rt:/opt/ros/jazzy', 'SHELL': '/bin/bash', 'LC_NAME': 'ar_EG.UTF-8', 'QT_ACCESSIBILITY': '1', 'GDMSESSION': 'ubuntu', 'LESSCLOSE': '/usr/bin/lesspipe %s %s', 'LC_MEASUREMENT': 'ar_EG.UTF-8', 'GJS_DEBUG_OUTPUT': 'stderr', 'LC_IDENTIFICATION': 'ar_EG.UTF-8', 'ROS_AUTOMATIC_DISCOVERY_RANGE': 'SUBNET', 'VSCODE_GIT_ASKPASS_EXTRA_ARGS': '', 'QT_IM_MODULE': 'ibus', 'PWD': '/home/basmala/ros2_ws/build/assignment2_custom_msgs_srvs', 'XDG_CONFIG_DIRS': '/etc/xdg/xdg-ubuntu:/etc/xdg', 'XDG_DATA_DIRS': '/usr/share/ubuntu:/usr/share/gnome:/usr/local/share/:/usr/share/:/var/lib/snapd/desktop', 'PYTHONPATH': '/home/basmala/ros2_ws/install/turtlesim_custom_msgs/lib/python3.12/site-packages:/home/basmala/ros2_ws/install/first_package_python/lib/python3.12/site-packages:/home/basmala/ros2_ws/install/assignment2_custom_msgs_srvs/lib/python3.12/site-packages:/opt/ros/jazzy/lib/python3.12/site-packages', 'LC_NUMERIC': 'ar_EG.UTF-8', 'LC_PAPER': 'ar_EG.UTF-8', 'COLCON': '1', 'MEMORY_PRESSURE_WRITE': 'c29tZSAyMDAwMDAgMjAwMDAwMAA=', 'CMAKE_PREFIX_PATH': '/home/basmala/ros2_ws/install/yahboom_rosmaster:/home/basmala/ros2_ws/install/yahboom_rosmaster_system_tests:/home/basmala/ros2_ws/install/yahboom_rosmaster_gazebo:/home/basmala/ros2_ws/install/yahboom_rosmaster_description:/home/basmala/ros2_ws/install/yahboom_rosmaster_bringup:/home/basmala/ros2_ws/install/turtlesim_controller:/home/basmala/ros2_ws/install/turtlesim_custom_msgs:/home/basmala/ros2_ws/install/mecanum_drive_controller:/home/basmala/ros2_ws/install/first_package_cpp:/home/basmala/ros2_ws/install/bme_gazebo_sensors:/home/basmala/ros2_ws/install/assignment2_rt:/home/basmala/ros2_ws/install/assignment2_custom_msgs_srvs:/home/basmala/ros2_ws/install/assignment1_rt:/opt/ros/jazzy/opt/gz_sim_vendor:/opt/ros/jazzy/opt/gz_sensors_vendor:/opt/ros/jazzy/opt/gz_physics_vendor:/opt/ros/jazzy/opt/sdformat_vendor:/opt/ros/jazzy/opt/gz_gui_vendor:/opt/ros/jazzy/opt/gz_transport_vendor:/opt/ros/jazzy/opt/gz_rendering_vendor:/opt/ros/jazzy/opt/gz_plugin_vendor:/opt/ros/jazzy/opt/gz_fuel_tools_vendor:/opt/ros/jazzy/opt/gz_msgs_vendor:/opt/ros/jazzy/opt/gz_common_vendor:/opt/ros/jazzy/opt/gz_math_vendor:/opt/ros/jazzy/opt/gz_utils_vendor:/opt/ros/jazzy/opt/gz_tools_vendor:/opt/ros/jazzy/opt/gz_ogre_next_vendor:/opt/ros/jazzy/opt/gz_dartsim_vendor:/opt/ros/jazzy/opt/gz_cmake_vendor:/home/basmala/ros2_ws/install/first_package_python:/opt/ros/jazzy'}), 'shell': False}
[0.043302] (assignment2_custom_msgs_srvs) StdoutLine: {'line': b'-- Found ament_cmake: 2.5.4 (/opt/ros/jazzy/share/ament_cmake/cmake)\n'}
[0.078609] (assignment2_custom_msgs_srvs) StdoutLine: {'line': b'-- Found Python3: /usr/bin/python3 (found version "3.12.3") found components: Interpreter \n'}
[0.099826] (-) TimerEvent: {}
[0.156933] (assignment2_custom_msgs_srvs) StdoutLine: {'line': b'-- Found rosidl_default_generators: 1.6.0 (/opt/ros/jazzy/share/rosidl_default_generators/cmake)\n'}
[0.159840] (assignment2_custom_msgs_srvs) StdoutLine: {'line': b'-- Using all available rosidl_typesupport_c: rosidl_typesupport_fastrtps_c;rosidl_typesupport_introspection_c\n'}
[0.200032] (-) TimerEvent: {}
[0.204755] (assignment2_custom_msgs_srvs) StdoutLine: {'line': b'-- Using all available rosidl_typesupport_cpp: rosidl_typesupport_fastrtps_cpp;rosidl_typesupport_introspection_cpp\n'}
[0.232846] (assignment2_custom_msgs_srvs) StdoutLine: {'line': b'-- Found rosidl_adapter: 4.6.6 (/opt/ros/jazzy/share/rosidl_adapter/cmake)\n'}
[0.300160] (-) TimerEvent: {}
[0.400522] (-) TimerEvent: {}
[0.500868] (-) TimerEvent: {}
[0.601274] (-) TimerEvent: {}
[0.633916] (assignment2_custom_msgs_srvs) StdoutLine: {'line': b'-- Found ament_cmake_ros: 0.12.0 (/opt/ros/jazzy/share/ament_cmake_ros/cmake)\n'}
[0.701521] (-) TimerEvent: {}
[0.776800] (assignment2_custom_msgs_srvs) StdoutLine: {'line': b'-- Using all available rosidl_typesupport_c: rosidl_typesupport_fastrtps_c;rosidl_typesupport_introspection_c\n'}
[0.801737] (-) TimerEvent: {}
[0.902243] (-) TimerEvent: {}
[0.941079] (assignment2_custom_msgs_srvs) StdoutLine: {'line': b'-- Using all available rosidl_typesupport_cpp: rosidl_typesupport_fastrtps_cpp;rosidl_typesupport_introspection_cpp\n'}
[0.942223] (assignment2_custom_msgs_srvs) StdoutLine: {'line': b'-- Found python_cmake_module: 0.11.1 (/opt/ros/jazzy/share/python_cmake_module/cmake)\n'}
[1.002553] (-) TimerEvent: {}
[1.102961] (-) TimerEvent: {}
[1.184224] (assignment2_custom_msgs_srvs) StdoutLine: {'line': b'-- Found Python3: /usr/bin/python3 (found version "3.12.3") found components: Interpreter Development NumPy Development.Module Development.Embed \n'}
[1.194275] (assignment2_custom_msgs_srvs) StdoutLine: {'line': b'-- Found ament_lint_auto: 0.17.3 (/opt/ros/jazzy/share/ament_lint_auto/cmake)\n'}
[1.200361] (assignment2_custom_msgs_srvs) StdoutLine: {'line': b"-- Added test 'lint_cmake' to check CMake code style\n"}
[1.201082] (assignment2_custom_msgs_srvs) StdoutLine: {'line': b"-- Added test 'xmllint' to check XML markup files\n"}
[1.202518] (assignment2_custom_msgs_srvs) StdoutLine: {'line': b'-- Configuring done (1.2s)\n'}
[1.203044] (-) TimerEvent: {}
[1.248659] (assignment2_custom_msgs_srvs) StdoutLine: {'line': b'-- Generating done (0.0s)\n'}
[1.259771] (assignment2_custom_msgs_srvs) StdoutLine: {'line': b'-- Build files have been written to: /home/basmala/ros2_ws/build/assignment2_custom_msgs_srvs\n'}
[1.302075] (assignment2_custom_msgs_srvs) StdoutLine: {'line': b'[  1%] \x1b[34m\x1b[1mGenerating type hashes for ROS interfaces\x1b[0m\n'}
[1.303139] (-) TimerEvent: {}
[1.321362] (assignment2_custom_msgs_srvs) StdoutLine: {'line': b'[  1%] Built target ament_cmake_python_copy_assignment2_custom_msgs_srvs\n'}
[1.403265] (-) TimerEvent: {}
[1.503618] (-) TimerEvent: {}
[1.522493] (assignment2_custom_msgs_srvs) StdoutLine: {'line': b'running egg_info\n'}
[1.526741] (assignment2_custom_msgs_srvs) StdoutLine: {'line': b'[  1%] Built target assignment2_custom_msgs_srvs__rosidl_generator_type_description\n'}
[1.543200] (assignment2_custom_msgs_srvs) StdoutLine: {'line': b'[  3%] \x1b[34m\x1b[1mGenerating C code for ROS interfaces\x1b[0m\n'}
[1.543549] (assignment2_custom_msgs_srvs) StdoutLine: {'line': b'writing assignment2_custom_msgs_srvs.egg-info/PKG-INFO\n'}
[1.543723] (assignment2_custom_msgs_srvs) StdoutLine: {'line': b'writing dependency_links to assignment2_custom_msgs_srvs.egg-info/dependency_links.txt\n'}
[1.543852] (assignment2_custom_msgs_srvs) StdoutLine: {'line': b'writing top-level names to assignment2_custom_msgs_srvs.egg-info/top_level.txt\n'}
[1.559248] (assignment2_custom_msgs_srvs) StdoutLine: {'line': b'[  4%] \x1b[34m\x1b[1mGenerating C++ code for ROS interfaces\x1b[0m\n'}
[1.590031] (assignment2_custom_msgs_srvs) StdoutLine: {'line': b"reading manifest file 'assignment2_custom_msgs_srvs.egg-info/SOURCES.txt'\n"}
[1.590766] (assignment2_custom_msgs_srvs) StdoutLine: {'line': b"writing manifest file 'assignment2_custom_msgs_srvs.egg-info/SOURCES.txt'\n"}
[1.603882] (-) TimerEvent: {}
[1.624590] (assignment2_custom_msgs_srvs) StdoutLine: {'line': b'[  4%] Built target ament_cmake_python_build_assignment2_custom_msgs_srvs_egg\n'}
[1.704175] (-) TimerEvent: {}
[1.804646] (-) TimerEvent: {}
[1.905216] (-) TimerEvent: {}
[1.993599] (assignment2_custom_msgs_srvs) StdoutLine: {'line': b'[  4%] Built target assignment2_custom_msgs_srvs__cpp\n'}
[2.005328] (-) TimerEvent: {}
[2.092663] (assignment2_custom_msgs_srvs) StdoutLine: {'line': b'[  6%] \x1b[32mBuilding C object CMakeFiles/assignment2_custom_msgs_srvs__rosidl_generator_c.dir/rosidl_generator_c/assignment2_custom_msgs_srvs/srv/detail/average_velocities__functions.c.o\x1b[0m\n'}
[2.093285] (assignment2_custom_msgs_srvs) StdoutLine: {'line': b'[  7%] \x1b[32mBuilding C object CMakeFiles/assignment2_custom_msgs_srvs__rosidl_generator_c.dir/rosidl_generator_c/assignment2_custom_msgs_srvs/srv/detail/average_velocities__type_support.c.o\x1b[0m\n'}
[2.093960] (assignment2_custom_msgs_srvs) StdoutLine: {'line': b'[  9%] \x1b[32mBuilding C object CMakeFiles/assignment2_custom_msgs_srvs__rosidl_generator_c.dir/rosidl_generator_c/assignment2_custom_msgs_srvs/srv/detail/modify_fixed_point__description.c.o\x1b[0m\n'}
[2.094663] (assignment2_custom_msgs_srvs) StdoutLine: {'line': b'[ 12%] \x1b[32mBuilding C object CMakeFiles/assignment2_custom_msgs_srvs__rosidl_generator_c.dir/rosidl_generator_c/assignment2_custom_msgs_srvs/srv/detail/modify_fixed_point__functions.c.o\x1b[0m\n'}
[2.095035] (assignment2_custom_msgs_srvs) StdoutLine: {'line': b'[ 12%] \x1b[32mBuilding C object CMakeFiles/assignment2_custom_msgs_srvs__rosidl_generator_c.dir/rosidl_generator_c/assignment2_custom_msgs_srvs/srv/detail/modify_fixed_point__type_support.c.o\x1b[0m\n'}
[2.095358] (assignment2_custom_msgs_srvs) StdoutLine: {'line': b'[ 14%] \x1b[32mBuilding C object CMakeFiles/assignment2_custom_msgs_srvs__rosidl_generator_c.dir/rosidl_generator_c/assignment2_custom_msgs_srvs/msg/detail/obstacle__description.c.o\x1b[0m\n'}
[2.095567] (assignment2_custom_msgs_srvs) StdoutLine: {'line': b'[ 15%] \x1b[32mBuilding C object CMakeFiles/assignment2_custom_msgs_srvs__rosidl_generator_c.dir/rosidl_generator_c/assignment2_custom_msgs_srvs/msg/detail/obstacle__functions.c.o\x1b[0m\n'}
[2.095811] (assignment2_custom_msgs_srvs) StdoutLine: {'line': b'[ 17%] \x1b[32mBuilding C object CMakeFiles/assignment2_custom_msgs_srvs__rosidl_generator_c.dir/rosidl_generator_c/assignment2_custom_msgs_srvs/msg/detail/obstacle__type_support.c.o\x1b[0m\n'}
[2.096102] (assignment2_custom_msgs_srvs) StdoutLine: {'line': b'[ 18%] \x1b[32mBuilding C object CMakeFiles/assignment2_custom_msgs_srvs__rosidl_generator_c.dir/rosidl_generator_c/assignment2_custom_msgs_srvs/srv/detail/average_velocities__description.c.o\x1b[0m\n'}
[2.097922] (assignment2_custom_msgs_srvs) StdoutLine: {'line': b'[ 20%] \x1b[32mBuilding C object CMakeFiles/assignment2_custom_msgs_srvs__rosidl_generator_c.dir/rosidl_generator_c/assignment2_custom_msgs_srvs/srv/detail/change_threshold__description.c.o\x1b[0m\n'}
[2.098901] (assignment2_custom_msgs_srvs) StdoutLine: {'line': b'[ 23%] \x1b[32mBuilding C object CMakeFiles/assignment2_custom_msgs_srvs__rosidl_generator_c.dir/rosidl_generator_c/assignment2_custom_msgs_srvs/srv/detail/change_threshold__type_support.c.o\x1b[0m\n'}
[2.099327] (assignment2_custom_msgs_srvs) StdoutLine: {'line': b'[ 23%] \x1b[32mBuilding C object CMakeFiles/assignment2_custom_msgs_srvs__rosidl_generator_c.dir/rosidl_generator_c/assignment2_custom_msgs_srvs/srv/detail/change_threshold__functions.c.o\x1b[0m\n'}
[2.105492] (-) TimerEvent: {}
[2.206077] (-) TimerEvent: {}
[2.219585] (assignment2_custom_msgs_srvs) StdoutLine: {'line': b'[ 25%] \x1b[32m\x1b[1mLinking C shared library libassignment2_custom_msgs_srvs__rosidl_generator_c.so\x1b[0m\n'}
[2.273936] (assignment2_custom_msgs_srvs) StdoutLine: {'line': b'[ 25%] Built target assignment2_custom_msgs_srvs__rosidl_generator_c\n'}
[2.289254] (assignment2_custom_msgs_srvs) StdoutLine: {'line': b'[ 29%] \x1b[34m\x1b[1mGenerating C++ type support dispatch for ROS interfaces\x1b[0m\n'}
[2.289650] (assignment2_custom_msgs_srvs) StdoutLine: {'line': b'[ 29%] \x1b[34m\x1b[1mGenerating C++ introspection for ROS interfaces\x1b[0m\n'}
[2.289863] (assignment2_custom_msgs_srvs) StdoutLine: {'line': b'[ 29%] \x1b[34m\x1b[1mGenerating C type support dispatch for ROS interfaces\x1b[0m\n'}
[2.290065] (assignment2_custom_msgs_srvs) StdoutLine: {'line': b'[ 31%] \x1b[34m\x1b[1mGenerating C introspection for ROS interfaces\x1b[0m\n'}
[2.292750] (assignment2_custom_msgs_srvs) StdoutLine: {'line': b'[ 32%] \x1b[34m\x1b[1mGenerating C type support for eProsima Fast-RTPS\x1b[0m\n'}
[2.294134] (assignment2_custom_msgs_srvs) StdoutLine: {'line': b'[ 34%] \x1b[34m\x1b[1mGenerating C++ type support for eProsima Fast-RTPS\x1b[0m\n'}
[2.306159] (-) TimerEvent: {}
[2.406559] (-) TimerEvent: {}
[2.507069] (-) TimerEvent: {}
[2.607487] (-) TimerEvent: {}
[2.707917] (-) TimerEvent: {}
[2.712365] (assignment2_custom_msgs_srvs) StdoutLine: {'line': b'[ 39%] \x1b[32mBuilding CXX object CMakeFiles/assignment2_custom_msgs_srvs__rosidl_typesupport_c.dir/rosidl_typesupport_c/assignment2_custom_msgs_srvs/srv/change_threshold__type_support.cpp.o\x1b[0m\n'}
[2.712706] (assignment2_custom_msgs_srvs) StdoutLine: {'line': b'[ 39%] \x1b[32mBuilding CXX object CMakeFiles/assignment2_custom_msgs_srvs__rosidl_typesupport_c.dir/rosidl_typesupport_c/assignment2_custom_msgs_srvs/srv/average_velocities__type_support.cpp.o\x1b[0m\n'}
[2.712896] (assignment2_custom_msgs_srvs) StdoutLine: {'line': b'[ 39%] \x1b[32mBuilding CXX object CMakeFiles/assignment2_custom_msgs_srvs__rosidl_typesupport_c.dir/rosidl_typesupport_c/assignment2_custom_msgs_srvs/msg/obstacle__type_support.cpp.o\x1b[0m\n'}
[2.713106] (assignment2_custom_msgs_srvs) StdoutLine: {'line': b'[ 40%] \x1b[32mBuilding CXX object CMakeFiles/assignment2_custom_msgs_srvs__rosidl_typesupport_c.dir/rosidl_typesupport_c/assignment2_custom_msgs_srvs/srv/modify_fixed_point__type_support.cpp.o\x1b[0m\n'}
[2.803710] (assignment2_custom_msgs_srvs) StdoutLine: {'line': b'[ 42%] \x1b[32mBuilding CXX object CMakeFiles/assignment2_custom_msgs_srvs__rosidl_typesupport_cpp.dir/rosidl_typesupport_cpp/assignment2_custom_msgs_srvs/msg/obstacle__type_support.cpp.o\x1b[0m\n'}
[2.804094] (assignment2_custom_msgs_srvs) StdoutLine: {'line': b'[ 43%] \x1b[32m\x1b[1mLinking CXX shared library libassignment2_custom_msgs_srvs__rosidl_typesupport_c.so\x1b[0m\n'}
[2.804606] (assignment2_custom_msgs_srvs) StdoutLine: {'line': b'[ 45%] \x1b[32mBuilding CXX object CMakeFiles/assignment2_custom_msgs_srvs__rosidl_typesupport_cpp.dir/rosidl_typesupport_cpp/assignment2_custom_msgs_srvs/srv/change_threshold__type_support.cpp.o\x1b[0m\n'}
[2.808053] (-) TimerEvent: {}
[2.808505] (assignment2_custom_msgs_srvs) StdoutLine: {'line': b'[ 46%] \x1b[32mBuilding CXX object CMakeFiles/assignment2_custom_msgs_srvs__rosidl_typesupport_cpp.dir/rosidl_typesupport_cpp/assignment2_custom_msgs_srvs/srv/average_velocities__type_support.cpp.o\x1b[0m\n'}
[2.809196] (assignment2_custom_msgs_srvs) StdoutLine: {'line': b'[ 48%] \x1b[32mBuilding CXX object CMakeFiles/assignment2_custom_msgs_srvs__rosidl_typesupport_cpp.dir/rosidl_typesupport_cpp/assignment2_custom_msgs_srvs/srv/modify_fixed_point__type_support.cpp.o\x1b[0m\n'}
[2.810557] (assignment2_custom_msgs_srvs) StdoutLine: {'line': b'[ 50%] \x1b[32mBuilding CXX object CMakeFiles/assignment2_custom_msgs_srvs__rosidl_typesupport_introspection_cpp.dir/rosidl_typesupport_introspection_cpp/assignment2_custom_msgs_srvs/msg/detail/obstacle__type_support.cpp.o\x1b[0m\n'}
[2.811961] (assignment2_custom_msgs_srvs) StdoutLine: {'line': b'[ 51%] \x1b[32mBuilding CXX object CMakeFiles/assignment2_custom_msgs_srvs__rosidl_typesupport_introspection_cpp.dir/rosidl_typesupport_introspection_cpp/assignment2_custom_msgs_srvs/srv/detail/modify_fixed_point__type_support.cpp.o\x1b[0m\n'}
[2.812853] (assignment2_custom_msgs_srvs) StdoutLine: {'line': b'[ 53%] \x1b[32mBuilding CXX object CMakeFiles/assignment2_custom_msgs_srvs__rosidl_typesupport_introspection_cpp.dir/rosidl_typesupport_introspection_cpp/assignment2_custom_msgs_srvs/srv/detail/average_velocities__type_support.cpp.o\x1b[0m\n'}
[2.813285] (assignment2_custom_msgs_srvs) StdoutLine: {'line': b'[ 54%] \x1b[32mBuilding CXX object CMakeFiles/assignment2_custom_msgs_srvs__rosidl_typesupport_introspection_cpp.dir/rosidl_typesupport_introspection_cpp/assignment2_custom_msgs_srvs/srv/detail/change_threshold__type_support.cpp.o\x1b[0m\n'}
[2.827419] (assignment2_custom_msgs_srvs) StdoutLine: {'line': b'[ 56%] \x1b[32mBuilding C object CMakeFiles/assignment2_custom_msgs_srvs__rosidl_typesupport_introspection_c.dir/rosidl_typesupport_introspection_c/assignment2_custom_msgs_srvs/msg/detail/obstacle__type_support.c.o\x1b[0m\n'}
[2.830114] (assignment2_custom_msgs_srvs) StdoutLine: {'line': b'[ 59%] \x1b[32mBuilding C object CMakeFiles/assignment2_custom_msgs_srvs__rosidl_typesupport_introspection_c.dir/rosidl_typesupport_introspection_c/assignment2_custom_msgs_srvs/srv/detail/average_velocities__type_support.c.o\x1b[0m\n'}
[2.830693] (assignment2_custom_msgs_srvs) StdoutLine: {'line': b'[ 59%] \x1b[32mBuilding C object CMakeFiles/assignment2_custom_msgs_srvs__rosidl_typesupport_introspection_c.dir/rosidl_typesupport_introspection_c/assignment2_custom_msgs_srvs/srv/detail/change_threshold__type_support.c.o\x1b[0m\n'}
[2.831363] (assignment2_custom_msgs_srvs) StdoutLine: {'line': b'[ 60%] \x1b[32mBuilding C object CMakeFiles/assignment2_custom_msgs_srvs__rosidl_typesupport_introspection_c.dir/rosidl_typesupport_introspection_c/assignment2_custom_msgs_srvs/srv/detail/modify_fixed_point__type_support.c.o\x1b[0m\n'}
[2.893487] (assignment2_custom_msgs_srvs) StdoutLine: {'line': b'[ 60%] Built target assignment2_custom_msgs_srvs__rosidl_typesupport_c\n'}
[2.908186] (-) TimerEvent: {}
[2.943448] (assignment2_custom_msgs_srvs) StdoutLine: {'line': b'[ 62%] \x1b[32m\x1b[1mLinking C shared library libassignment2_custom_msgs_srvs__rosidl_typesupport_introspection_c.so\x1b[0m\n'}
[3.004351] (assignment2_custom_msgs_srvs) StdoutLine: {'line': b'[ 62%] Built target assignment2_custom_msgs_srvs__rosidl_typesupport_introspection_c\n'}
[3.008333] (-) TimerEvent: {}
[3.051594] (assignment2_custom_msgs_srvs) StdoutLine: {'line': b'[ 64%] \x1b[32mBuilding CXX object CMakeFiles/assignment2_custom_msgs_srvs__rosidl_typesupport_fastrtps_cpp.dir/rosidl_typesupport_fastrtps_cpp/assignment2_custom_msgs_srvs/srv/detail/dds_fastrtps/change_threshold__type_support.cpp.o\x1b[0m\n'}
[3.054163] (assignment2_custom_msgs_srvs) StdoutLine: {'line': b'[ 65%] \x1b[32mBuilding CXX object CMakeFiles/assignment2_custom_msgs_srvs__rosidl_typesupport_fastrtps_cpp.dir/rosidl_typesupport_fastrtps_cpp/assignment2_custom_msgs_srvs/msg/detail/dds_fastrtps/obstacle__type_support.cpp.o\x1b[0m\n'}
[3.054596] (assignment2_custom_msgs_srvs) StdoutLine: {'line': b'[ 67%] \x1b[32mBuilding CXX object CMakeFiles/assignment2_custom_msgs_srvs__rosidl_typesupport_fastrtps_cpp.dir/rosidl_typesupport_fastrtps_cpp/assignment2_custom_msgs_srvs/srv/detail/dds_fastrtps/average_velocities__type_support.cpp.o\x1b[0m\n'}
[3.056642] (assignment2_custom_msgs_srvs) StdoutLine: {'line': b'[ 68%] \x1b[32mBuilding CXX object CMakeFiles/assignment2_custom_msgs_srvs__rosidl_typesupport_fastrtps_cpp.dir/rosidl_typesupport_fastrtps_cpp/assignment2_custom_msgs_srvs/srv/detail/dds_fastrtps/modify_fixed_point__type_support.cpp.o\x1b[0m\n'}
[3.108491] (-) TimerEvent: {}
[3.139474] (assignment2_custom_msgs_srvs) StdoutLine: {'line': b'[ 70%] \x1b[32mBuilding CXX object CMakeFiles/assignment2_custom_msgs_srvs__rosidl_typesupport_fastrtps_c.dir/rosidl_typesupport_fastrtps_c/assignment2_custom_msgs_srvs/srv/detail/change_threshold__type_support_c.cpp.o\x1b[0m\n'}
[3.141907] (assignment2_custom_msgs_srvs) StdoutLine: {'line': b'[ 71%] \x1b[32mBuilding CXX object CMakeFiles/assignment2_custom_msgs_srvs__rosidl_typesupport_fastrtps_c.dir/rosidl_typesupport_fastrtps_c/assignment2_custom_msgs_srvs/msg/detail/obstacle__type_support_c.cpp.o\x1b[0m\n'}
[3.143750] (assignment2_custom_msgs_srvs) StdoutLine: {'line': b'[ 73%] \x1b[32mBuilding CXX object CMakeFiles/assignment2_custom_msgs_srvs__rosidl_typesupport_fastrtps_c.dir/rosidl_typesupport_fastrtps_c/assignment2_custom_msgs_srvs/srv/detail/average_velocities__type_support_c.cpp.o\x1b[0m\n'}
[3.144285] (assignment2_custom_msgs_srvs) StdoutLine: {'line': b'[ 75%] \x1b[32mBuilding CXX object CMakeFiles/assignment2_custom_msgs_srvs__rosidl_typesupport_fastrtps_c.dir/rosidl_typesupport_fastrtps_c/assignment2_custom_msgs_srvs/srv/detail/modify_fixed_point__type_support_c.cpp.o\x1b[0m\n'}
[3.208628] (-) TimerEvent: {}
[3.309096] (-) TimerEvent: {}
[3.409586] (-) TimerEvent: {}
[3.510070] (-) TimerEvent: {}
[3.610531] (-) TimerEvent: {}
[3.654649] (assignment2_custom_msgs_srvs) StdoutLine: {'line': b'[ 76%] \x1b[32m\x1b[1mLinking CXX shared library libassignment2_custom_msgs_srvs__rosidl_typesupport_introspection_cpp.so\x1b[0m\n'}
[3.710658] (-) TimerEvent: {}
[3.801581] (assignment2_custom_msgs_srvs) StdoutLine: {'line': b'[ 78%] \x1b[32m\x1b[1mLinking CXX shared library libassignment2_custom_msgs_srvs__rosidl_typesupport_cpp.so\x1b[0m\n'}
[3.810813] (-) TimerEvent: {}
[3.816918] (assignment2_custom_msgs_srvs) StdoutLine: {'line': b'[ 78%] Built target assignment2_custom_msgs_srvs__rosidl_typesupport_introspection_cpp\n'}
[3.910939] (-) TimerEvent: {}
[3.926642] (assignment2_custom_msgs_srvs) StdoutLine: {'line': b'[ 78%] Built target assignment2_custom_msgs_srvs__rosidl_typesupport_cpp\n'}
[3.993102] (assignment2_custom_msgs_srvs) StdoutLine: {'line': b'[ 79%] \x1b[32m\x1b[1mLinking CXX shared library libassignment2_custom_msgs_srvs__rosidl_typesupport_fastrtps_c.so\x1b[0m\n'}
[4.011127] (-) TimerEvent: {}
[4.091528] (assignment2_custom_msgs_srvs) StdoutLine: {'line': b'[ 79%] Built target assignment2_custom_msgs_srvs__rosidl_typesupport_fastrtps_c\n'}
[4.111343] (-) TimerEvent: {}
[4.211744] (-) TimerEvent: {}
[4.239317] (assignment2_custom_msgs_srvs) StdoutLine: {'line': b'[ 81%] \x1b[32m\x1b[1mLinking CXX shared library libassignment2_custom_msgs_srvs__rosidl_typesupport_fastrtps_cpp.so\x1b[0m\n'}
[4.311974] (-) TimerEvent: {}
[4.351179] (assignment2_custom_msgs_srvs) StdoutLine: {'line': b'[ 81%] Built target assignment2_custom_msgs_srvs__rosidl_typesupport_fastrtps_cpp\n'}
[4.381554] (assignment2_custom_msgs_srvs) StdoutLine: {'line': b'[ 81%] Built target assignment2_custom_msgs_srvs\n'}
[4.412178] (-) TimerEvent: {}
[4.416402] (assignment2_custom_msgs_srvs) StdoutLine: {'line': b'[ 82%] \x1b[34m\x1b[1mGenerating Python code for ROS interfaces\x1b[0m\n'}
[4.512372] (-) TimerEvent: {}
[4.612642] (-) TimerEvent: {}
[4.713224] (-) TimerEvent: {}
[4.813623] (-) TimerEvent: {}
[4.914000] (-) TimerEvent: {}
[4.954469] (assignment2_custom_msgs_srvs) StdoutLine: {'line': b'[ 82%] Built target assignment2_custom_msgs_srvs__py\n'}
[4.993319] (assignment2_custom_msgs_srvs) StdoutLine: {'line': b'[ 85%] \x1b[32mBuilding C object CMakeFiles/assignment2_custom_msgs_srvs__rosidl_generator_py.dir/rosidl_generator_py/assignment2_custom_msgs_srvs/msg/_obstacle_s.c.o\x1b[0m\n'}
[4.993689] (assignment2_custom_msgs_srvs) StdoutLine: {'line': b'[ 85%] \x1b[32mBuilding C object CMakeFiles/assignment2_custom_msgs_srvs__rosidl_generator_py.dir/rosidl_generator_py/assignment2_custom_msgs_srvs/srv/_average_velocities_s.c.o\x1b[0m\n'}
[4.994286] (assignment2_custom_msgs_srvs) StdoutLine: {'line': b'[ 87%] \x1b[32mBuilding C object CMakeFiles/assignment2_custom_msgs_srvs__rosidl_generator_py.dir/rosidl_generator_py/assignment2_custom_msgs_srvs/srv/_change_threshold_s.c.o\x1b[0m\n'}
[4.994631] (assignment2_custom_msgs_srvs) StdoutLine: {'line': b'[ 89%] \x1b[32mBuilding C object CMakeFiles/assignment2_custom_msgs_srvs__rosidl_generator_py.dir/rosidl_generator_py/assignment2_custom_msgs_srvs/srv/_modify_fixed_point_s.c.o\x1b[0m\n'}
[5.014212] (-) TimerEvent: {}
[5.114776] (-) TimerEvent: {}
[5.185958] (assignment2_custom_msgs_srvs) StdoutLine: {'line': b'[ 90%] \x1b[32m\x1b[1mLinking C shared library libassignment2_custom_msgs_srvs__rosidl_generator_py.so\x1b[0m\n'}
[5.215027] (-) TimerEvent: {}
[5.255299] (assignment2_custom_msgs_srvs) StdoutLine: {'line': b'[ 90%] Built target assignment2_custom_msgs_srvs__rosidl_generator_py\n'}
[5.297345] (assignment2_custom_msgs_srvs) StdoutLine: {'line': b'[ 92%] \x1b[32mBuilding C object CMakeFiles/assignment2_custom_msgs_srvs_s__rosidl_typesupport_c.dir/rosidl_generator_py/assignment2_custom_msgs_srvs/_assignment2_custom_msgs_srvs_s.ep.rosidl_typesupport_c.c.o\x1b[0m\n'}
[5.299061] (assignment2_custom_msgs_srvs) StdoutLine: {'line': b'[ 93%] \x1b[32mBuilding C object CMakeFiles/assignment2_custom_msgs_srvs_s__rosidl_typesupport_fastrtps_c.dir/rosidl_generator_py/assignment2_custom_msgs_srvs/_assignment2_custom_msgs_srvs_s.ep.rosidl_typesupport_fastrtps_c.c.o\x1b[0m\n'}
[5.300784] (assignment2_custom_msgs_srvs) StdoutLine: {'line': b'[ 95%] \x1b[32mBuilding C object CMakeFiles/assignment2_custom_msgs_srvs_s__rosidl_typesupport_introspection_c.dir/rosidl_generator_py/assignment2_custom_msgs_srvs/_assignment2_custom_msgs_srvs_s.ep.rosidl_typesupport_introspection_c.c.o\x1b[0m\n'}
[5.315190] (-) TimerEvent: {}
[5.415695] (-) TimerEvent: {}
[5.462747] (assignment2_custom_msgs_srvs) StdoutLine: {'line': b'[ 96%] \x1b[32m\x1b[1mLinking C shared module rosidl_generator_py/assignment2_custom_msgs_srvs/assignment2_custom_msgs_srvs_s__rosidl_typesupport_c.so\x1b[0m\n'}
[5.465136] (assignment2_custom_msgs_srvs) StdoutLine: {'line': b'[ 98%] \x1b[32m\x1b[1mLinking C shared module rosidl_generator_py/assignment2_custom_msgs_srvs/assignment2_custom_msgs_srvs_s__rosidl_typesupport_introspection_c.so\x1b[0m\n'}
[5.469256] (assignment2_custom_msgs_srvs) StdoutLine: {'line': b'[100%] \x1b[32m\x1b[1mLinking C shared module rosidl_generator_py/assignment2_custom_msgs_srvs/assignment2_custom_msgs_srvs_s__rosidl_typesupport_fastrtps_c.so\x1b[0m\n'}
[5.503074] (assignment2_custom_msgs_srvs) StdoutLine: {'line': b'[100%] Built target assignment2_custom_msgs_srvs_s__rosidl_typesupport_c\n'}
[5.507932] (assignment2_custom_msgs_srvs) StdoutLine: {'line': b'[100%] Built target assignment2_custom_msgs_srvs_s__rosidl_typesupport_introspection_c\n'}
[5.509384] (assignment2_custom_msgs_srvs) StdoutLine: {'line': b'[100%] Built target assignment2_custom_msgs_srvs_s__rosidl_typesupport_fastrtps_c\n'}
[5.515824] (-) TimerEvent: {}
[5.522503] (assignment2_custom_msgs_srvs) CommandEnded: {'returncode': 0}
[5.523252] (assignment2_custom_msgs_srvs) JobProgress: {'identifier': 'assignment2_custom_msgs_srvs', 'progress': 'install'}
[5.537706] (assignment2_custom_msgs_srvs) Command: {'cmd': ['/usr/bin/cmake', '--install', '/home/basmala/ros2_ws/build/assignment2_custom_msgs_srvs'], 'cwd': '/home/basmala/ros2_ws/build/assignment2_custom_msgs_srvs', 'env': OrderedDict({'GJS_DEBUG_TOPICS': 'JS ERROR;JS LOG', 'PYTHON_BASIC_REPL': '1', 'LESSOPEN': '| /usr/bin/lesspipe %s', 'GZ_SIM_RESOURCE_PATH': '/opt/ros/jazzy/share', 'USER': 'basmala', 'LC_TIME': 'ar_EG.UTF-8', 'GZ_CONFIG_PATH': '/opt/ros/jazzy/opt/gz_sim_vendor/share/gz:/opt/ros/jazzy/opt/sdformat_vendor/share/gz:/opt/ros/jazzy/opt/gz_gui_vendor/share/gz:/opt/ros/jazzy/opt/gz_transport_vendor/share/gz:/opt/ros/jazzy/opt/gz_rendering_vendor/share/gz:/opt/ros/jazzy/opt/gz_plugin_vendor/share/gz:/opt/ros/jazzy/opt/gz_fuel_tools_vendor/share/gz:/opt/ros/jazzy/opt/gz_msgs_vendor/share/gz:/opt/ros/jazzy/opt/gz_common_vendor/share/gz', 'XDG_SESSION_TYPE': 'wayland', 'GIT_ASKPASS': '/usr/share/code/resources/app/extensions/git/dist/askpass.sh', 'CLUTTER_DISABLE_MIPMAPPED_TEXT': '1', 'SHLVL': '1', 'LD_LIBRARY_PATH': '/home/basmala/ros2_ws/install/turtlesim_custom_msgs/lib:/home/basmala/ros2_ws/install/mecanum_drive_controller/lib:/home/basmala/ros2_ws/install/assignment2_custom_msgs_srvs/lib:/opt/ros/jazzy/opt/gz_sim_vendor/lib:/opt/ros/jazzy/opt/gz_sensors_vendor/lib:/opt/ros/jazzy/opt/gz_physics_vendor/lib:/opt/ros/jazzy/opt/sdformat_vendor/lib:/opt/ros/jazzy/opt/rviz_ogre_vendor/lib:/opt/ros/jazzy/lib/x86_64-linux-gnu:/opt/ros/jazzy/opt/gz_gui_vendor/lib:/opt/ros/jazzy/opt/gz_transport_vendor/lib:/opt/ros/jazzy/opt/gz_rendering_vendor/lib:/opt/ros/jazzy/opt/gz_plugin_vendor/lib:/opt/ros/jazzy/opt/gz_fuel_tools_vendor/lib:/opt/ros/jazzy/opt/gz_msgs_vendor/lib:/opt/ros/jazzy/opt/gz_common_vendor/lib:/opt/ros/jazzy/opt/gz_math_vendor/lib:/opt/ros/jazzy/opt/gz_utils_vendor/lib:/opt/ros/jazzy/opt/gz_tools_vendor/lib:/opt/ros/jazzy/opt/gz_ogre_next_vendor/lib:/opt/ros/jazzy/opt/gz_dartsim_vendor/lib:/opt/ros/jazzy/opt/gz_cmake_vendor/lib:/opt/ros/jazzy/lib', 'HOME': '/home/basmala', 'CHROME_DESKTOP': 'code.desktop', 'TERM_PROGRAM_VERSION': '1.108.1', 'DESKTOP_SESSION': 'ubuntu', 'GIO_LAUNCHED_DESKTOP_FILE': '/usr/share/applications/code.desktop', 'ROS_PYTHON_VERSION': '3', 'GNOME_SHELL_SESSION_MODE': 'ubuntu', 'GTK_MODULES': 'gail:atk-bridge', 'VSCODE_GIT_ASKPASS_MAIN': '/usr/share/code/resources/app/extensions/git/dist/askpass-main.js', 'LC_MONETARY': 'ar_EG.UTF-8', 'VSCODE_GIT_ASKPASS_NODE': '/usr/share/code/code', 'MANAGERPID': '3085', 'PYDEVD_DISABLE_FILE_VALIDATION': '1', 'SYSTEMD_EXEC_PID': '3363', 'BUNDLED_DEBUGPY_PATH': '/home/basmala/.vscode/extensions/ms-python.debugpy-2025.18.0-linux-x64/bundled/libs/debugpy', 'IM_CONFIG_CHECK_ENV': '1', 'VSCODE_PYTHON_AUTOACTIVATE_GUARD': '1', 'GSM_SKIP_SSH_AGENT_WORKAROUND': 'true', 'DBUS_SESSION_BUS_ADDRESS': 'unix:path=/run/user/1000/bus', 'COLORTERM': 'truecolor', 'GIO_LAUNCHED_DESKTOP_FILE_PID': '6235', 'DEBUGINFOD_URLS': 'https://debuginfod.ubuntu.com', 'IM_CONFIG_PHASE': '1', 'WAYLAND_DISPLAY': 'wayland-0', 'COLCON_PREFIX_PATH': '/home/basmala/ros2_ws/install:/home/basmala/ros2_ws/src/install', 'ROS_DISTRO': 'jazzy', 'LOGNAME': 'basmala', 'JOURNAL_STREAM': '8:29348', '_': '/usr/bin/colcon', 'ROS_VERSION': '2', 'MEMORY_PRESSURE_WATCH': '/sys/fs/cgroup/user.slice/user-1000.slice/user@1000.service/session.slice/org.gnome.Shell@wayland.service/memory.pressure', 'XDG_SESSION_CLASS': 'user', 'USERNAME': 'basmala', 'TERM': 'xterm-256color', 'GNOME_DESKTOP_SESSION_ID': 'this-is-deprecated', 'FC_FONTATIONS': '1', 'PATH': '/home/basmala/.config/Code/User/globalStorage/github.copilot-chat/debugCommand:/home/basmala/.config/Code/User/globalStorage/github.copilot-chat/copilotCli:/home/basmala/.local/bin:/opt/ros/jazzy/opt/gz_msgs_vendor/bin:/opt/ros/jazzy/opt/gz_tools_vendor/bin:/opt/ros/jazzy/opt/gz_ogre_next_vendor/bin:/opt/ros/jazzy/bin:/home/basmala/.local/bin:/usr/local/sbin:/usr/local/bin:/usr/sbin:/usr/bin:/sbin:/bin:/usr/games:/usr/local/games:/snap/bin:/snap/bin:/home/basmala/.vscode/extensions/ms-python.debugpy-2025.18.0-linux-x64/bundled/scripts/noConfigScripts', 'SESSION_MANAGER': 'local/basmala-Victus-by-HP-Laptop-16-d1xxx:@/tmp/.ICE-unix/3320,unix/basmala-Victus-by-HP-Laptop-16-d1xxx:/tmp/.ICE-unix/3320', 'INVOCATION_ID': '694191e11eb94a809305834f622f84d0', 'XDG_MENU_PREFIX': 'gnome-', 'LC_ADDRESS': 'ar_EG.UTF-8', 'GNOME_SETUP_DISPLAY': ':1', 'XDG_RUNTIME_DIR': '/run/user/1000', 'GDK_BACKEND': 'wayland', 'DISPLAY': ':0', 'VSCODE_DEBUGPY_ADAPTER_ENDPOINTS': '/home/basmala/.vscode/extensions/ms-python.debugpy-2025.18.0-linux-x64/.noConfigDebugAdapterEndpoints/endpoint-af7fd2ea1280fc9a.txt', 'LANG': 'en_US.UTF-8', 'XDG_CURRENT_DESKTOP': 'ubuntu:GNOME', 'PYTHONSTARTUP': '/home/basmala/.config/Code/User/workspaceStorage/252af9e7590a177e2820818b062d5291/ms-python.python/pythonrc.py', 'LC_TELEPHONE': 'ar_EG.UTF-8', 'XMODIFIERS': '@im=ibus', 'XDG_SESSION_DESKTOP': 'ubuntu', 'XAUTHORITY': '/run/user/1000/.mutter-Xwaylandauth.RDTNJ3', 'LS_COLORS': 'rs=0:di=01;34:ln=01;36:mh=00:pi=40;33:so=01;35:do=01;35:bd=40;33;01:cd=40;33;01:or=40;31;01:mi=00:su=37;41:sg=30;43:ca=00:tw=30;42:ow=34;42:st=37;44:ex=01;32:*.tar=01;31:*.tgz=01;31:*.arc=01;31:*.arj=01;31:*.taz=01;31:*.lha=01;31:*.lz4=01;31:*.lzh=01;31:*.lzma=01;31:*.tlz=01;31:*.txz=01;31:*.tzo=01;31:*.t7z=01;31:*.zip=01;31:*.z=01;31:*.dz=01;31:*.gz=01;31:*.lrz=01;31:*.lz=01;31:*.lzo=01;31:*.xz=01;31:*.zst=01;31:*.tzst=01;31:*.bz2=01;31:*.bz=01;31:*.tbz=01;31:*.tbz2=01;31:*.tz=01;31:*.deb=01;31:*.rpm=01;31:*.jar=01;31:*.war=01;31:*.ear=01;31:*.sar=01;31:*.rar=01;31:*.alz=01;31:*.ace=01;31:*.zoo=01;31:*.cpio=01;31:*.7z=01;31:*.rz=01;31:*.cab=01;31:*.wim=01;31:*.swm=01;31:*.dwm=01;31:*.esd=01;31:*.avif=01;35:*.jpg=01;35:*.jpeg=01;35:*.mjpg=01;35:*.mjpeg=01;35:*.gif=01;35:*.bmp=01;35:*.pbm=01;35:*.pgm=01;35:*.ppm=01;35:*.tga=01;35:*.xbm=01;35:*.xpm=01;35:*.tif=01;35:*.tiff=01;35:*.png=01;35:*.svg=01;35:*.svgz=01;35:*.mng=01;35:*.pcx=01;35:*.mov=01;35:*.mpg=01;35:*.mpeg=01;35:*.m2v=01;35:*.mkv=01;35:*.webm=01;35:*.webp=01;35:*.ogm=01;35:*.mp4=01;35:*.m4v=01;35:*.mp4v=01;35:*.vob=01;35:*.qt=01;35:*.nuv=01;35:*.wmv=01;35:*.asf=01;35:*.rm=01;35:*.rmvb=01;35:*.flc=01;35:*.avi=01;35:*.fli=01;35:*.flv=01;35:*.gl=01;35:*.dl=01;35:*.xcf=01;35:*.xwd=01;35:*.yuv=01;35:*.cgm=01;35:*.emf=01;35:*.ogv=01;35:*.ogx=01;35:*.aac=00;36:*.au=00;36:*.flac=00;36:*.m4a=00;36:*.mid=00;36:*.midi=00;36:*.mka=00;36:*.mp3=00;36:*.mpc=00;36:*.ogg=00;36:*.ra=00;36:*.wav=00;36:*.oga=00;36:*.opus=00;36:*.spx=00;36:*.xspf=00;36:*~=00;90:*#=00;90:*.bak=00;90:*.crdownload=00;90:*.dpkg-dist=00;90:*.dpkg-new=00;90:*.dpkg-old=00;90:*.dpkg-tmp=00;90:*.old=00;90:*.orig=00;90:*.part=00;90:*.rej=00;90:*.rpmnew=00;90:*.rpmorig=00;90:*.rpmsave=00;90:*.swp=00;90:*.tmp=00;90:*.ucf-dist=00;90:*.ucf-new=00;90:*.ucf-old=00;90:', 'VSCODE_GIT_IPC_HANDLE': '/run/user/1000/vscode-git-2798b36409.sock', 'TERM_PROGRAM': 'vscode', 'SSH_AUTH_SOCK': '/run/user/1000/keyring/ssh', 'AMENT_PREFIX_PATH': '/home/basmala/ros2_ws/install/yahboom_rosmaster:/home/basmala/ros2_ws/install/yahboom_rosmaster_system_tests:/home/basmala/ros2_ws/install/yahboom_rosmaster_gazebo:/home/basmala/ros2_ws/install/yahboom_rosmaster_description:/home/basmala/ros2_ws/install/yahboom_rosmaster_bringup:/home/basmala/ros2_ws/install/turtlesim_controller:/home/basmala/ros2_ws/install/turtlesim_custom_msgs:/home/basmala/ros2_ws/install/mecanum_drive_controller:/home/basmala/ros2_ws/install/first_package_python:/home/basmala/ros2_ws/install/first_package_cpp:/home/basmala/ros2_ws/install/bme_gazebo_sensors:/home/basmala/ros2_ws/install/assignment2_rt:/home/basmala/ros2_ws/install/assignment2_custom_msgs_srvs:/home/basmala/ros2_ws/install/assignment1_rt:/opt/ros/jazzy', 'SHELL': '/bin/bash', 'LC_NAME': 'ar_EG.UTF-8', 'QT_ACCESSIBILITY': '1', 'GDMSESSION': 'ubuntu', 'LESSCLOSE': '/usr/bin/lesspipe %s %s', 'LC_MEASUREMENT': 'ar_EG.UTF-8', 'GJS_DEBUG_OUTPUT': 'stderr', 'LC_IDENTIFICATION': 'ar_EG.UTF-8', 'ROS_AUTOMATIC_DISCOVERY_RANGE': 'SUBNET', 'VSCODE_GIT_ASKPASS_EXTRA_ARGS': '', 'QT_IM_MODULE': 'ibus', 'PWD': '/home/basmala/ros2_ws/build/assignment2_custom_msgs_srvs', 'XDG_CONFIG_DIRS': '/etc/xdg/xdg-ubuntu:/etc/xdg', 'XDG_DATA_DIRS': '/usr/share/ubuntu:/usr/share/gnome:/usr/local/share/:/usr/share/:/var/lib/snapd/desktop', 'PYTHONPATH': '/home/basmala/ros2_ws/install/turtlesim_custom_msgs/lib/python3.12/site-packages:/home/basmala/ros2_ws/install/first_package_python/lib/python3.12/site-packages:/home/basmala/ros2_ws/install/assignment2_custom_msgs_srvs/lib/python3.12/site-packages:/opt/ros/jazzy/lib/python3.12/site-packages', 'LC_NUMERIC': 'ar_EG.UTF-8', 'LC_PAPER': 'ar_EG.UTF-8', 'COLCON': '1', 'MEMORY_PRESSURE_WRITE': 'c29tZSAyMDAwMDAgMjAwMDAwMAA=', 'CMAKE_PREFIX_PATH': '/home/basmala/ros2_ws/install/yahboom_rosmaster:/home/basmala/ros2_ws/install/yahboom_rosmaster_system_tests:/home/basmala/ros2_ws/install/yahboom_rosmaster_gazebo:/home/basmala/ros2_ws/install/yahboom_rosmaster_description:/home/basmala/ros2_ws/install/yahboom_rosmaster_bringup:/home/basmala/ros2_ws/install/turtlesim_controller:/home/basmala/ros2_ws/install/turtlesim_custom_msgs:/home/basmala/ros2_ws/install/mecanum_drive_controller:/home/basmala/ros2_ws/install/first_package_cpp:/home/basmala/ros2_ws/install/bme_gazebo_sensors:/home/basmala/ros2_ws/install/assignment2_rt:/home/basmala/ros2_ws/install/assignment2_custom_msgs_srvs:/home/basmala/ros2_ws/install/assignment1_rt:/opt/ros/jazzy/opt/gz_sim_vendor:/opt/ros/jazzy/opt/gz_sensors_vendor:/opt/ros/jazzy/opt/gz_physics_vendor:/opt/ros/jazzy/opt/sdformat_vendor:/opt/ros/jazzy/opt/gz_gui_vendor:/opt/ros/jazzy/opt/gz_transport_vendor:/opt/ros/jazzy/opt/gz_rendering_vendor:/opt/ros/jazzy/opt/gz_plugin_vendor:/opt/ros/jazzy/opt/gz_fuel_tools_vendor:/opt/ros/jazzy/opt/gz_msgs_vendor:/opt/ros/jazzy/opt/gz_common_vendor:/opt/ros/jazzy/opt/gz_math_vendor:/opt/ros/jazzy/opt/gz_utils_vendor:/opt/ros/jazzy/opt/gz_tools_vendor:/opt/ros/jazzy/opt/gz_ogre_next_vendor:/opt/ros/jazzy/opt/gz_dartsim_vendor:/opt/ros/jazzy/opt/gz_cmake_vendor:/home/basmala/ros2_ws/install/first_package_python:/opt/ros/jazzy'}), 'shell': False}
[5.549039] (assignment2_custom_msgs_srvs) StdoutLine: {'line': b'-- Install configuration: ""\n'}
[5.549318] (assignment2_custom_msgs_srvs) StdoutLine: {'line': b'-- Up-to-date: /home/basmala/ros2_ws/install/assignment2_custom_msgs_srvs/share/ament_index/resource_index/rosidl_interfaces/assignment2_custom_msgs_srvs\n'}
[5.549498] (assignment2_custom_msgs_srvs) StdoutLine: {'line': b'-- Installing: /home/basmala/ros2_ws/install/assignment2_custom_msgs_srvs/share/assignment2_custom_msgs_srvs/msg/Obstacle.json\n'}
[5.549628] (assignment2_custom_msgs_srvs) StdoutLine: {'line': b'-- Installing: /home/basmala/ros2_ws/install/assignment2_custom_msgs_srvs/share/assignment2_custom_msgs_srvs/srv/AverageVelocities.json\n'}
[5.549758] (assignment2_custom_msgs_srvs) StdoutLine: {'line': b'-- Installing: /home/basmala/ros2_ws/install/assignment2_custom_msgs_srvs/share/assignment2_custom_msgs_srvs/srv/ChangeThreshold.json\n'}
[5.549955] (assignment2_custom_msgs_srvs) StdoutLine: {'line': b'-- Installing: /home/basmala/ros2_ws/install/assignment2_custom_msgs_srvs/share/assignment2_custom_msgs_srvs/srv/ModifyFixedPoint.json\n'}
[5.550150] (assignment2_custom_msgs_srvs) StdoutLine: {'line': b'-- Up-to-date: /home/basmala/ros2_ws/install/assignment2_custom_msgs_srvs/include/assignment2_custom_msgs_srvs/assignment2_custom_msgs_srvs\n'}
[5.550311] (assignment2_custom_msgs_srvs) StdoutLine: {'line': b'-- Up-to-date: /home/basmala/ros2_ws/install/assignment2_custom_msgs_srvs/include/assignment2_custom_msgs_srvs/assignment2_custom_msgs_srvs/srv\n'}
[5.550474] (assignment2_custom_msgs_srvs) StdoutLine: {'line': b'-- Up-to-date: /home/basmala/ros2_ws/install/assignment2_custom_msgs_srvs/include/assignment2_custom_msgs_srvs/assignment2_custom_msgs_srvs/srv/detail\n'}
[5.550625] (assignment2_custom_msgs_srvs) StdoutLine: {'line': b'-- Installing: /home/basmala/ros2_ws/install/assignment2_custom_msgs_srvs/include/assignment2_custom_msgs_srvs/assignment2_custom_msgs_srvs/srv/detail/average_velocities__struct.h\n'}
[5.550796] (assignment2_custom_msgs_srvs) StdoutLine: {'line': b'-- Installing: /home/basmala/ros2_ws/install/assignment2_custom_msgs_srvs/include/assignment2_custom_msgs_srvs/assignment2_custom_msgs_srvs/srv/detail/average_velocities__type_support.h\n'}
[5.550949] (assignment2_custom_msgs_srvs) StdoutLine: {'line': b'-- Installing: /home/basmala/ros2_ws/install/assignment2_custom_msgs_srvs/include/assignment2_custom_msgs_srvs/assignment2_custom_msgs_srvs/srv/detail/modify_fixed_point__type_support.h\n'}
[5.551130] (assignment2_custom_msgs_srvs) StdoutLine: {'line': b'-- Installing: /home/basmala/ros2_ws/install/assignment2_custom_msgs_srvs/include/assignment2_custom_msgs_srvs/assignment2_custom_msgs_srvs/srv/detail/change_threshold__functions.h\n'}
[5.551288] (assignment2_custom_msgs_srvs) StdoutLine: {'line': b'-- Installing: /home/basmala/ros2_ws/install/assignment2_custom_msgs_srvs/include/assignment2_custom_msgs_srvs/assignment2_custom_msgs_srvs/srv/detail/change_threshold__type_support.h\n'}
[5.551442] (assignment2_custom_msgs_srvs) StdoutLine: {'line': b'-- Installing: /home/basmala/ros2_ws/install/assignment2_custom_msgs_srvs/include/assignment2_custom_msgs_srvs/assignment2_custom_msgs_srvs/srv/detail/average_velocities__functions.c\n'}
[5.551618] (assignment2_custom_msgs_srvs) StdoutLine: {'line': b'-- Installing: /home/basmala/ros2_ws/install/assignment2_custom_msgs_srvs/include/assignment2_custom_msgs_srvs/assignment2_custom_msgs_srvs/srv/detail/modify_fixed_point__functions.h\n'}
[5.551779] (assignment2_custom_msgs_srvs) StdoutLine: {'line': b'-- Installing: /home/basmala/ros2_ws/install/assignment2_custom_msgs_srvs/include/assignment2_custom_msgs_srvs/assignment2_custom_msgs_srvs/srv/detail/modify_fixed_point__functions.c\n'}
[5.551974] (assignment2_custom_msgs_srvs) StdoutLine: {'line': b'-- Installing: /home/basmala/ros2_ws/install/assignment2_custom_msgs_srvs/include/assignment2_custom_msgs_srvs/assignment2_custom_msgs_srvs/srv/detail/modify_fixed_point__struct.h\n'}
[5.552260] (assignment2_custom_msgs_srvs) StdoutLine: {'line': b'-- Installing: /home/basmala/ros2_ws/install/assignment2_custom_msgs_srvs/include/assignment2_custom_msgs_srvs/assignment2_custom_msgs_srvs/srv/detail/change_threshold__description.c\n'}
[5.552363] (assignment2_custom_msgs_srvs) StdoutLine: {'line': b'-- Installing: /home/basmala/ros2_ws/install/assignment2_custom_msgs_srvs/include/assignment2_custom_msgs_srvs/assignment2_custom_msgs_srvs/srv/detail/change_threshold__type_support.c\n'}
[5.552441] (assignment2_custom_msgs_srvs) StdoutLine: {'line': b'-- Installing: /home/basmala/ros2_ws/install/assignment2_custom_msgs_srvs/include/assignment2_custom_msgs_srvs/assignment2_custom_msgs_srvs/srv/detail/average_velocities__functions.h\n'}
[5.552541] (assignment2_custom_msgs_srvs) StdoutLine: {'line': b'-- Installing: /home/basmala/ros2_ws/install/assignment2_custom_msgs_srvs/include/assignment2_custom_msgs_srvs/assignment2_custom_msgs_srvs/srv/detail/modify_fixed_point__description.c\n'}
[5.552626] (assignment2_custom_msgs_srvs) StdoutLine: {'line': b'-- Installing: /home/basmala/ros2_ws/install/assignment2_custom_msgs_srvs/include/assignment2_custom_msgs_srvs/assignment2_custom_msgs_srvs/srv/detail/change_threshold__struct.h\n'}
[5.552705] (assignment2_custom_msgs_srvs) StdoutLine: {'line': b'-- Installing: /home/basmala/ros2_ws/install/assignment2_custom_msgs_srvs/include/assignment2_custom_msgs_srvs/assignment2_custom_msgs_srvs/srv/detail/modify_fixed_point__type_support.c\n'}
[5.552772] (assignment2_custom_msgs_srvs) StdoutLine: {'line': b'-- Installing: /home/basmala/ros2_ws/install/assignment2_custom_msgs_srvs/include/assignment2_custom_msgs_srvs/assignment2_custom_msgs_srvs/srv/detail/average_velocities__description.c\n'}
[5.552836] (assignment2_custom_msgs_srvs) StdoutLine: {'line': b'-- Installing: /home/basmala/ros2_ws/install/assignment2_custom_msgs_srvs/include/assignment2_custom_msgs_srvs/assignment2_custom_msgs_srvs/srv/detail/change_threshold__functions.c\n'}
[5.552899] (assignment2_custom_msgs_srvs) StdoutLine: {'line': b'-- Installing: /home/basmala/ros2_ws/install/assignment2_custom_msgs_srvs/include/assignment2_custom_msgs_srvs/assignment2_custom_msgs_srvs/srv/detail/average_velocities__type_support.c\n'}
[5.552992] (assignment2_custom_msgs_srvs) StdoutLine: {'line': b'-- Installing: /home/basmala/ros2_ws/install/assignment2_custom_msgs_srvs/include/assignment2_custom_msgs_srvs/assignment2_custom_msgs_srvs/srv/modify_fixed_point.h\n'}
[5.553063] (assignment2_custom_msgs_srvs) StdoutLine: {'line': b'-- Installing: /home/basmala/ros2_ws/install/assignment2_custom_msgs_srvs/include/assignment2_custom_msgs_srvs/assignment2_custom_msgs_srvs/srv/average_velocities.h\n'}
[5.553140] (assignment2_custom_msgs_srvs) StdoutLine: {'line': b'-- Installing: /home/basmala/ros2_ws/install/assignment2_custom_msgs_srvs/include/assignment2_custom_msgs_srvs/assignment2_custom_msgs_srvs/srv/change_threshold.h\n'}
[5.553214] (assignment2_custom_msgs_srvs) StdoutLine: {'line': b'-- Up-to-date: /home/basmala/ros2_ws/install/assignment2_custom_msgs_srvs/include/assignment2_custom_msgs_srvs/assignment2_custom_msgs_srvs/msg\n'}
[5.553278] (assignment2_custom_msgs_srvs) StdoutLine: {'line': b'-- Up-to-date: /home/basmala/ros2_ws/install/assignment2_custom_msgs_srvs/include/assignment2_custom_msgs_srvs/assignment2_custom_msgs_srvs/msg/detail\n'}
[5.553342] (assignment2_custom_msgs_srvs) StdoutLine: {'line': b'-- Installing: /home/basmala/ros2_ws/install/assignment2_custom_msgs_srvs/include/assignment2_custom_msgs_srvs/assignment2_custom_msgs_srvs/msg/detail/obstacle__type_support.h\n'}
[5.553413] (assignment2_custom_msgs_srvs) StdoutLine: {'line': b'-- Installing: /home/basmala/ros2_ws/install/assignment2_custom_msgs_srvs/include/assignment2_custom_msgs_srvs/assignment2_custom_msgs_srvs/msg/detail/obstacle__type_support.c\n'}
[5.553494] (assignment2_custom_msgs_srvs) StdoutLine: {'line': b'-- Installing: /home/basmala/ros2_ws/install/assignment2_custom_msgs_srvs/include/assignment2_custom_msgs_srvs/assignment2_custom_msgs_srvs/msg/detail/obstacle__functions.h\n'}
[5.553582] (assignment2_custom_msgs_srvs) StdoutLine: {'line': b'-- Installing: /home/basmala/ros2_ws/install/assignment2_custom_msgs_srvs/include/assignment2_custom_msgs_srvs/assignment2_custom_msgs_srvs/msg/detail/obstacle__description.c\n'}
[5.553647] (assignment2_custom_msgs_srvs) StdoutLine: {'line': b'-- Installing: /home/basmala/ros2_ws/install/assignment2_custom_msgs_srvs/include/assignment2_custom_msgs_srvs/assignment2_custom_msgs_srvs/msg/detail/obstacle__struct.h\n'}
[5.553723] (assignment2_custom_msgs_srvs) StdoutLine: {'line': b'-- Installing: /home/basmala/ros2_ws/install/assignment2_custom_msgs_srvs/include/assignment2_custom_msgs_srvs/assignment2_custom_msgs_srvs/msg/detail/obstacle__functions.c\n'}
[5.553786] (assignment2_custom_msgs_srvs) StdoutLine: {'line': b'-- Up-to-date: /home/basmala/ros2_ws/install/assignment2_custom_msgs_srvs/include/assignment2_custom_msgs_srvs/assignment2_custom_msgs_srvs/msg/rosidl_generator_c__visibility_control.h\n'}
[5.553870] (assignment2_custom_msgs_srvs) StdoutLine: {'line': b'-- Installing: /home/basmala/ros2_ws/install/assignment2_custom_msgs_srvs/include/assignment2_custom_msgs_srvs/assignment2_custom_msgs_srvs/msg/obstacle.h\n'}
[5.553970] (assignment2_custom_msgs_srvs) StdoutLine: {'line': b'-- Up-to-date: /home/basmala/ros2_ws/install/assignment2_custom_msgs_srvs/share/assignment2_custom_msgs_srvs/environment/library_path.sh\n'}
[5.554039] (assignment2_custom_msgs_srvs) StdoutLine: {'line': b'-- Up-to-date: /home/basmala/ros2_ws/install/assignment2_custom_msgs_srvs/share/assignment2_custom_msgs_srvs/environment/library_path.dsv\n'}
[5.554114] (assignment2_custom_msgs_srvs) StdoutLine: {'line': b'-- Installing: /home/basmala/ros2_ws/install/assignment2_custom_msgs_srvs/lib/libassignment2_custom_msgs_srvs__rosidl_generator_c.so\n'}
[5.554182] (assignment2_custom_msgs_srvs) StdoutLine: {'line': b'-- Set non-toolchain portion of runtime path of "/home/basmala/ros2_ws/install/assignment2_custom_msgs_srvs/lib/libassignment2_custom_msgs_srvs__rosidl_generator_c.so" to ""\n'}
[5.554261] (assignment2_custom_msgs_srvs) StdoutLine: {'line': b'-- Up-to-date: /home/basmala/ros2_ws/install/assignment2_custom_msgs_srvs/include/assignment2_custom_msgs_srvs/assignment2_custom_msgs_srvs\n'}
[5.554330] (assignment2_custom_msgs_srvs) StdoutLine: {'line': b'-- Up-to-date: /home/basmala/ros2_ws/install/assignment2_custom_msgs_srvs/include/assignment2_custom_msgs_srvs/assignment2_custom_msgs_srvs/srv\n'}
[5.554397] (assignment2_custom_msgs_srvs) StdoutLine: {'line': b'-- Up-to-date: /home/basmala/ros2_ws/install/assignment2_custom_msgs_srvs/include/assignment2_custom_msgs_srvs/assignment2_custom_msgs_srvs/srv/detail\n'}
[5.554468] (assignment2_custom_msgs_srvs) StdoutLine: {'line': b'-- Installing: /home/basmala/ros2_ws/install/assignment2_custom_msgs_srvs/include/assignment2_custom_msgs_srvs/assignment2_custom_msgs_srvs/srv/detail/change_threshold__rosidl_typesupport_fastrtps_c.h\n'}
[5.554535] (assignment2_custom_msgs_srvs) StdoutLine: {'line': b'-- Installing: /home/basmala/ros2_ws/install/assignment2_custom_msgs_srvs/include/assignment2_custom_msgs_srvs/assignment2_custom_msgs_srvs/srv/detail/modify_fixed_point__rosidl_typesupport_fastrtps_c.h\n'}
[5.554598] (assignment2_custom_msgs_srvs) StdoutLine: {'line': b'-- Installing: /home/basmala/ros2_ws/install/assignment2_custom_msgs_srvs/include/assignment2_custom_msgs_srvs/assignment2_custom_msgs_srvs/srv/detail/average_velocities__rosidl_typesupport_fastrtps_c.h\n'}
[5.554659] (assignment2_custom_msgs_srvs) StdoutLine: {'line': b'-- Up-to-date: /home/basmala/ros2_ws/install/assignment2_custom_msgs_srvs/include/assignment2_custom_msgs_srvs/assignment2_custom_msgs_srvs/msg\n'}
[5.554724] (assignment2_custom_msgs_srvs) StdoutLine: {'line': b'-- Up-to-date: /home/basmala/ros2_ws/install/assignment2_custom_msgs_srvs/include/assignment2_custom_msgs_srvs/assignment2_custom_msgs_srvs/msg/detail\n'}
[5.554838] (assignment2_custom_msgs_srvs) StdoutLine: {'line': b'-- Installing: /home/basmala/ros2_ws/install/assignment2_custom_msgs_srvs/include/assignment2_custom_msgs_srvs/assignment2_custom_msgs_srvs/msg/detail/obstacle__rosidl_typesupport_fastrtps_c.h\n'}
[5.554903] (assignment2_custom_msgs_srvs) StdoutLine: {'line': b'-- Up-to-date: /home/basmala/ros2_ws/install/assignment2_custom_msgs_srvs/include/assignment2_custom_msgs_srvs/assignment2_custom_msgs_srvs/msg/rosidl_typesupport_fastrtps_c__visibility_control.h\n'}
[5.554980] (assignment2_custom_msgs_srvs) StdoutLine: {'line': b'-- Installing: /home/basmala/ros2_ws/install/assignment2_custom_msgs_srvs/lib/libassignment2_custom_msgs_srvs__rosidl_typesupport_fastrtps_c.so\n'}
[5.555050] (assignment2_custom_msgs_srvs) StdoutLine: {'line': b'-- Set non-toolchain portion of runtime path of "/home/basmala/ros2_ws/install/assignment2_custom_msgs_srvs/lib/libassignment2_custom_msgs_srvs__rosidl_typesupport_fastrtps_c.so" to ""\n'}
[5.555118] (assignment2_custom_msgs_srvs) StdoutLine: {'line': b'-- Up-to-date: /home/basmala/ros2_ws/install/assignment2_custom_msgs_srvs/include/assignment2_custom_msgs_srvs/assignment2_custom_msgs_srvs\n'}
[5.555193] (assignment2_custom_msgs_srvs) StdoutLine: {'line': b'-- Up-to-date: /home/basmala/ros2_ws/install/assignment2_custom_msgs_srvs/include/assignment2_custom_msgs_srvs/assignment2_custom_msgs_srvs/srv\n'}
[5.555364] (assignment2_custom_msgs_srvs) StdoutLine: {'line': b'-- Up-to-date: /home/basmala/ros2_ws/install/assignment2_custom_msgs_srvs/include/assignment2_custom_msgs_srvs/assignment2_custom_msgs_srvs/srv/detail\n'}
[5.555434] (assignment2_custom_msgs_srvs) StdoutLine: {'line': b'-- Installing: /home/basmala/ros2_ws/install/assignment2_custom_msgs_srvs/include/assignment2_custom_msgs_srvs/assignment2_custom_msgs_srvs/srv/detail/modify_fixed_point__rosidl_typesupport_introspection_c.h\n'}
[5.555496] (assignment2_custom_msgs_srvs) StdoutLine: {'line': b'-- Installing: /home/basmala/ros2_ws/install/assignment2_custom_msgs_srvs/include/assignment2_custom_msgs_srvs/assignment2_custom_msgs_srvs/srv/detail/change_threshold__rosidl_typesupport_introspection_c.h\n'}
[5.555612] (assignment2_custom_msgs_srvs) StdoutLine: {'line': b'-- Up-to-date: /home/basmala/ros2_ws/install/assignment2_custom_msgs_srvs/include/assignment2_custom_msgs_srvs/assignment2_custom_msgs_srvs/srv/detail/change_threshold__type_support.c\n'}
[5.555681] (assignment2_custom_msgs_srvs) StdoutLine: {'line': b'-- Installing: /home/basmala/ros2_ws/install/assignment2_custom_msgs_srvs/include/assignment2_custom_msgs_srvs/assignment2_custom_msgs_srvs/srv/detail/average_velocities__rosidl_typesupport_introspection_c.h\n'}
[5.555747] (assignment2_custom_msgs_srvs) StdoutLine: {'line': b'-- Up-to-date: /home/basmala/ros2_ws/install/assignment2_custom_msgs_srvs/include/assignment2_custom_msgs_srvs/assignment2_custom_msgs_srvs/srv/detail/modify_fixed_point__type_support.c\n'}
[5.555811] (assignment2_custom_msgs_srvs) StdoutLine: {'line': b'-- Up-to-date: /home/basmala/ros2_ws/install/assignment2_custom_msgs_srvs/include/assignment2_custom_msgs_srvs/assignment2_custom_msgs_srvs/srv/detail/average_velocities__type_support.c\n'}
[5.555870] (assignment2_custom_msgs_srvs) StdoutLine: {'line': b'-- Up-to-date: /home/basmala/ros2_ws/install/assignment2_custom_msgs_srvs/include/assignment2_custom_msgs_srvs/assignment2_custom_msgs_srvs/msg\n'}
[5.555933] (assignment2_custom_msgs_srvs) StdoutLine: {'line': b'-- Up-to-date: /home/basmala/ros2_ws/install/assignment2_custom_msgs_srvs/include/assignment2_custom_msgs_srvs/assignment2_custom_msgs_srvs/msg/detail\n'}
[5.556006] (assignment2_custom_msgs_srvs) StdoutLine: {'line': b'-- Installing: /home/basmala/ros2_ws/install/assignment2_custom_msgs_srvs/include/assignment2_custom_msgs_srvs/assignment2_custom_msgs_srvs/msg/detail/obstacle__rosidl_typesupport_introspection_c.h\n'}
[5.556073] (assignment2_custom_msgs_srvs) StdoutLine: {'line': b'-- Up-to-date: /home/basmala/ros2_ws/install/assignment2_custom_msgs_srvs/include/assignment2_custom_msgs_srvs/assignment2_custom_msgs_srvs/msg/detail/obstacle__type_support.c\n'}
[5.556226] (assignment2_custom_msgs_srvs) StdoutLine: {'line': b'-- Up-to-date: /home/basmala/ros2_ws/install/assignment2_custom_msgs_srvs/include/assignment2_custom_msgs_srvs/assignment2_custom_msgs_srvs/msg/rosidl_typesupport_introspection_c__visibility_control.h\n'}
[5.556293] (assignment2_custom_msgs_srvs) StdoutLine: {'line': b'-- Installing: /home/basmala/ros2_ws/install/assignment2_custom_msgs_srvs/lib/libassignment2_custom_msgs_srvs__rosidl_typesupport_introspection_c.so\n'}
[5.556356] (assignment2_custom_msgs_srvs) StdoutLine: {'line': b'-- Set non-toolchain portion of runtime path of "/home/basmala/ros2_ws/install/assignment2_custom_msgs_srvs/lib/libassignment2_custom_msgs_srvs__rosidl_typesupport_introspection_c.so" to ""\n'}
[5.556422] (assignment2_custom_msgs_srvs) StdoutLine: {'line': b'-- Installing: /home/basmala/ros2_ws/install/assignment2_custom_msgs_srvs/lib/libassignment2_custom_msgs_srvs__rosidl_typesupport_c.so\n'}
[5.556566] (assignment2_custom_msgs_srvs) StdoutLine: {'line': b'-- Set non-toolchain portion of runtime path of "/home/basmala/ros2_ws/install/assignment2_custom_msgs_srvs/lib/libassignment2_custom_msgs_srvs__rosidl_typesupport_c.so" to ""\n'}
[5.556636] (assignment2_custom_msgs_srvs) StdoutLine: {'line': b'-- Up-to-date: /home/basmala/ros2_ws/install/assignment2_custom_msgs_srvs/include/assignment2_custom_msgs_srvs/assignment2_custom_msgs_srvs\n'}
[5.556731] (assignment2_custom_msgs_srvs) StdoutLine: {'line': b'-- Up-to-date: /home/basmala/ros2_ws/install/assignment2_custom_msgs_srvs/include/assignment2_custom_msgs_srvs/assignment2_custom_msgs_srvs/srv\n'}
[5.556803] (assignment2_custom_msgs_srvs) StdoutLine: {'line': b'-- Installing: /home/basmala/ros2_ws/install/assignment2_custom_msgs_srvs/include/assignment2_custom_msgs_srvs/assignment2_custom_msgs_srvs/srv/change_threshold.hpp\n'}
[5.556893] (assignment2_custom_msgs_srvs) StdoutLine: {'line': b'-- Up-to-date: /home/basmala/ros2_ws/install/assignment2_custom_msgs_srvs/include/assignment2_custom_msgs_srvs/assignment2_custom_msgs_srvs/srv/detail\n'}
[5.556998] (assignment2_custom_msgs_srvs) StdoutLine: {'line': b'-- Installing: /home/basmala/ros2_ws/install/assignment2_custom_msgs_srvs/include/assignment2_custom_msgs_srvs/assignment2_custom_msgs_srvs/srv/detail/modify_fixed_point__builder.hpp\n'}
[5.557080] (assignment2_custom_msgs_srvs) StdoutLine: {'line': b'-- Installing: /home/basmala/ros2_ws/install/assignment2_custom_msgs_srvs/include/assignment2_custom_msgs_srvs/assignment2_custom_msgs_srvs/srv/detail/average_velocities__builder.hpp\n'}
[5.557173] (assignment2_custom_msgs_srvs) StdoutLine: {'line': b'-- Installing: /home/basmala/ros2_ws/install/assignment2_custom_msgs_srvs/include/assignment2_custom_msgs_srvs/assignment2_custom_msgs_srvs/srv/detail/modify_fixed_point__struct.hpp\n'}
[5.557258] (assignment2_custom_msgs_srvs) StdoutLine: {'line': b'-- Installing: /home/basmala/ros2_ws/install/assignment2_custom_msgs_srvs/include/assignment2_custom_msgs_srvs/assignment2_custom_msgs_srvs/srv/detail/change_threshold__traits.hpp\n'}
[5.557330] (assignment2_custom_msgs_srvs) StdoutLine: {'line': b'-- Installing: /home/basmala/ros2_ws/install/assignment2_custom_msgs_srvs/include/assignment2_custom_msgs_srvs/assignment2_custom_msgs_srvs/srv/detail/modify_fixed_point__traits.hpp\n'}
[5.557411] (assignment2_custom_msgs_srvs) StdoutLine: {'line': b'-- Installing: /home/basmala/ros2_ws/install/assignment2_custom_msgs_srvs/include/assignment2_custom_msgs_srvs/assignment2_custom_msgs_srvs/srv/detail/average_velocities__struct.hpp\n'}
[5.557494] (assignment2_custom_msgs_srvs) StdoutLine: {'line': b'-- Installing: /home/basmala/ros2_ws/install/assignment2_custom_msgs_srvs/include/assignment2_custom_msgs_srvs/assignment2_custom_msgs_srvs/srv/detail/average_velocities__traits.hpp\n'}
[5.557592] (assignment2_custom_msgs_srvs) StdoutLine: {'line': b'-- Installing: /home/basmala/ros2_ws/install/assignment2_custom_msgs_srvs/include/assignment2_custom_msgs_srvs/assignment2_custom_msgs_srvs/srv/detail/change_threshold__struct.hpp\n'}
[5.557703] (assignment2_custom_msgs_srvs) StdoutLine: {'line': b'-- Installing: /home/basmala/ros2_ws/install/assignment2_custom_msgs_srvs/include/assignment2_custom_msgs_srvs/assignment2_custom_msgs_srvs/srv/detail/average_velocities__type_support.hpp\n'}
[5.557799] (assignment2_custom_msgs_srvs) StdoutLine: {'line': b'-- Installing: /home/basmala/ros2_ws/install/assignment2_custom_msgs_srvs/include/assignment2_custom_msgs_srvs/assignment2_custom_msgs_srvs/srv/detail/change_threshold__builder.hpp\n'}
[5.557897] (assignment2_custom_msgs_srvs) StdoutLine: {'line': b'-- Installing: /home/basmala/ros2_ws/install/assignment2_custom_msgs_srvs/include/assignment2_custom_msgs_srvs/assignment2_custom_msgs_srvs/srv/detail/change_threshold__type_support.hpp\n'}
[5.558003] (assignment2_custom_msgs_srvs) StdoutLine: {'line': b'-- Installing: /home/basmala/ros2_ws/install/assignment2_custom_msgs_srvs/include/assignment2_custom_msgs_srvs/assignment2_custom_msgs_srvs/srv/detail/modify_fixed_point__type_support.hpp\n'}
[5.558136] (assignment2_custom_msgs_srvs) StdoutLine: {'line': b'-- Installing: /home/basmala/ros2_ws/install/assignment2_custom_msgs_srvs/include/assignment2_custom_msgs_srvs/assignment2_custom_msgs_srvs/srv/modify_fixed_point.hpp\n'}
[5.558249] (assignment2_custom_msgs_srvs) StdoutLine: {'line': b'-- Installing: /home/basmala/ros2_ws/install/assignment2_custom_msgs_srvs/include/assignment2_custom_msgs_srvs/assignment2_custom_msgs_srvs/srv/average_velocities.hpp\n'}
[5.558349] (assignment2_custom_msgs_srvs) StdoutLine: {'line': b'-- Up-to-date: /home/basmala/ros2_ws/install/assignment2_custom_msgs_srvs/include/assignment2_custom_msgs_srvs/assignment2_custom_msgs_srvs/msg\n'}
[5.558445] (assignment2_custom_msgs_srvs) StdoutLine: {'line': b'-- Up-to-date: /home/basmala/ros2_ws/install/assignment2_custom_msgs_srvs/include/assignment2_custom_msgs_srvs/assignment2_custom_msgs_srvs/msg/detail\n'}
[5.558527] (assignment2_custom_msgs_srvs) StdoutLine: {'line': b'-- Installing: /home/basmala/ros2_ws/install/assignment2_custom_msgs_srvs/include/assignment2_custom_msgs_srvs/assignment2_custom_msgs_srvs/msg/detail/obstacle__traits.hpp\n'}
[5.558596] (assignment2_custom_msgs_srvs) StdoutLine: {'line': b'-- Installing: /home/basmala/ros2_ws/install/assignment2_custom_msgs_srvs/include/assignment2_custom_msgs_srvs/assignment2_custom_msgs_srvs/msg/detail/obstacle__builder.hpp\n'}
[5.558686] (assignment2_custom_msgs_srvs) StdoutLine: {'line': b'-- Installing: /home/basmala/ros2_ws/install/assignment2_custom_msgs_srvs/include/assignment2_custom_msgs_srvs/assignment2_custom_msgs_srvs/msg/detail/obstacle__struct.hpp\n'}
[5.558778] (assignment2_custom_msgs_srvs) StdoutLine: {'line': b'-- Installing: /home/basmala/ros2_ws/install/assignment2_custom_msgs_srvs/include/assignment2_custom_msgs_srvs/assignment2_custom_msgs_srvs/msg/detail/obstacle__type_support.hpp\n'}
[5.558868] (assignment2_custom_msgs_srvs) StdoutLine: {'line': b'-- Installing: /home/basmala/ros2_ws/install/assignment2_custom_msgs_srvs/include/assignment2_custom_msgs_srvs/assignment2_custom_msgs_srvs/msg/rosidl_generator_cpp__visibility_control.hpp\n'}
[5.558960] (assignment2_custom_msgs_srvs) StdoutLine: {'line': b'-- Installing: /home/basmala/ros2_ws/install/assignment2_custom_msgs_srvs/include/assignment2_custom_msgs_srvs/assignment2_custom_msgs_srvs/msg/obstacle.hpp\n'}
[5.559075] (assignment2_custom_msgs_srvs) StdoutLine: {'line': b'-- Up-to-date: /home/basmala/ros2_ws/install/assignment2_custom_msgs_srvs/include/assignment2_custom_msgs_srvs/assignment2_custom_msgs_srvs\n'}
[5.559175] (assignment2_custom_msgs_srvs) StdoutLine: {'line': b'-- Up-to-date: /home/basmala/ros2_ws/install/assignment2_custom_msgs_srvs/include/assignment2_custom_msgs_srvs/assignment2_custom_msgs_srvs/srv\n'}
[5.559269] (assignment2_custom_msgs_srvs) StdoutLine: {'line': b'-- Up-to-date: /home/basmala/ros2_ws/install/assignment2_custom_msgs_srvs/include/assignment2_custom_msgs_srvs/assignment2_custom_msgs_srvs/srv/detail\n'}
[5.559339] (assignment2_custom_msgs_srvs) StdoutLine: {'line': b'-- Installing: /home/basmala/ros2_ws/install/assignment2_custom_msgs_srvs/include/assignment2_custom_msgs_srvs/assignment2_custom_msgs_srvs/srv/detail/modify_fixed_point__rosidl_typesupport_fastrtps_cpp.hpp\n'}
[5.559433] (assignment2_custom_msgs_srvs) StdoutLine: {'line': b'-- Up-to-date: /home/basmala/ros2_ws/install/assignment2_custom_msgs_srvs/include/assignment2_custom_msgs_srvs/assignment2_custom_msgs_srvs/srv/detail/dds_fastrtps\n'}
[5.559518] (assignment2_custom_msgs_srvs) StdoutLine: {'line': b'-- Installing: /home/basmala/ros2_ws/install/assignment2_custom_msgs_srvs/include/assignment2_custom_msgs_srvs/assignment2_custom_msgs_srvs/srv/detail/average_velocities__rosidl_typesupport_fastrtps_cpp.hpp\n'}
[5.559602] (assignment2_custom_msgs_srvs) StdoutLine: {'line': b'-- Installing: /home/basmala/ros2_ws/install/assignment2_custom_msgs_srvs/include/assignment2_custom_msgs_srvs/assignment2_custom_msgs_srvs/srv/detail/change_threshold__rosidl_typesupport_fastrtps_cpp.hpp\n'}
[5.559700] (assignment2_custom_msgs_srvs) StdoutLine: {'line': b'-- Up-to-date: /home/basmala/ros2_ws/install/assignment2_custom_msgs_srvs/include/assignment2_custom_msgs_srvs/assignment2_custom_msgs_srvs/msg\n'}
[5.559771] (assignment2_custom_msgs_srvs) StdoutLine: {'line': b'-- Up-to-date: /home/basmala/ros2_ws/install/assignment2_custom_msgs_srvs/include/assignment2_custom_msgs_srvs/assignment2_custom_msgs_srvs/msg/detail\n'}
[5.559839] (assignment2_custom_msgs_srvs) StdoutLine: {'line': b'-- Up-to-date: /home/basmala/ros2_ws/install/assignment2_custom_msgs_srvs/include/assignment2_custom_msgs_srvs/assignment2_custom_msgs_srvs/msg/detail/dds_fastrtps\n'}
[5.559926] (assignment2_custom_msgs_srvs) StdoutLine: {'line': b'-- Installing: /home/basmala/ros2_ws/install/assignment2_custom_msgs_srvs/include/assignment2_custom_msgs_srvs/assignment2_custom_msgs_srvs/msg/detail/obstacle__rosidl_typesupport_fastrtps_cpp.hpp\n'}
[5.560000] (assignment2_custom_msgs_srvs) StdoutLine: {'line': b'-- Up-to-date: /home/basmala/ros2_ws/install/assignment2_custom_msgs_srvs/include/assignment2_custom_msgs_srvs/assignment2_custom_msgs_srvs/msg/rosidl_typesupport_fastrtps_cpp__visibility_control.h\n'}
[5.560090] (assignment2_custom_msgs_srvs) StdoutLine: {'line': b'-- Installing: /home/basmala/ros2_ws/install/assignment2_custom_msgs_srvs/lib/libassignment2_custom_msgs_srvs__rosidl_typesupport_fastrtps_cpp.so\n'}
[5.560788] (assignment2_custom_msgs_srvs) StdoutLine: {'line': b'-- Set non-toolchain portion of runtime path of "/home/basmala/ros2_ws/install/assignment2_custom_msgs_srvs/lib/libassignment2_custom_msgs_srvs__rosidl_typesupport_fastrtps_cpp.so" to ""\n'}
[5.560919] (assignment2_custom_msgs_srvs) StdoutLine: {'line': b'-- Up-to-date: /home/basmala/ros2_ws/install/assignment2_custom_msgs_srvs/include/assignment2_custom_msgs_srvs/assignment2_custom_msgs_srvs\n'}
[5.561002] (assignment2_custom_msgs_srvs) StdoutLine: {'line': b'-- Up-to-date: /home/basmala/ros2_ws/install/assignment2_custom_msgs_srvs/include/assignment2_custom_msgs_srvs/assignment2_custom_msgs_srvs/srv\n'}
[5.561085] (assignment2_custom_msgs_srvs) StdoutLine: {'line': b'-- Up-to-date: /home/basmala/ros2_ws/install/assignment2_custom_msgs_srvs/include/assignment2_custom_msgs_srvs/assignment2_custom_msgs_srvs/srv/detail\n'}
[5.561182] (assignment2_custom_msgs_srvs) StdoutLine: {'line': b'-- Installing: /home/basmala/ros2_ws/install/assignment2_custom_msgs_srvs/include/assignment2_custom_msgs_srvs/assignment2_custom_msgs_srvs/srv/detail/average_velocities__rosidl_typesupport_introspection_cpp.hpp\n'}
[5.561267] (assignment2_custom_msgs_srvs) StdoutLine: {'line': b'-- Installing: /home/basmala/ros2_ws/install/assignment2_custom_msgs_srvs/include/assignment2_custom_msgs_srvs/assignment2_custom_msgs_srvs/srv/detail/change_threshold__type_support.cpp\n'}
[5.561374] (assignment2_custom_msgs_srvs) StdoutLine: {'line': b'-- Installing: /home/basmala/ros2_ws/install/assignment2_custom_msgs_srvs/include/assignment2_custom_msgs_srvs/assignment2_custom_msgs_srvs/srv/detail/change_threshold__rosidl_typesupport_introspection_cpp.hpp\n'}
[5.561459] (assignment2_custom_msgs_srvs) StdoutLine: {'line': b'-- Installing: /home/basmala/ros2_ws/install/assignment2_custom_msgs_srvs/include/assignment2_custom_msgs_srvs/assignment2_custom_msgs_srvs/srv/detail/average_velocities__type_support.cpp\n'}
[5.561564] (assignment2_custom_msgs_srvs) StdoutLine: {'line': b'-- Installing: /home/basmala/ros2_ws/install/assignment2_custom_msgs_srvs/include/assignment2_custom_msgs_srvs/assignment2_custom_msgs_srvs/srv/detail/modify_fixed_point__rosidl_typesupport_introspection_cpp.hpp\n'}
[5.561661] (assignment2_custom_msgs_srvs) StdoutLine: {'line': b'-- Installing: /home/basmala/ros2_ws/install/assignment2_custom_msgs_srvs/include/assignment2_custom_msgs_srvs/assignment2_custom_msgs_srvs/srv/detail/modify_fixed_point__type_support.cpp\n'}
[5.561765] (assignment2_custom_msgs_srvs) StdoutLine: {'line': b'-- Up-to-date: /home/basmala/ros2_ws/install/assignment2_custom_msgs_srvs/include/assignment2_custom_msgs_srvs/assignment2_custom_msgs_srvs/msg\n'}
[5.561883] (assignment2_custom_msgs_srvs) StdoutLine: {'line': b'-- Up-to-date: /home/basmala/ros2_ws/install/assignment2_custom_msgs_srvs/include/assignment2_custom_msgs_srvs/assignment2_custom_msgs_srvs/msg/detail\n'}
[5.561969] (assignment2_custom_msgs_srvs) StdoutLine: {'line': b'-- Installing: /home/basmala/ros2_ws/install/assignment2_custom_msgs_srvs/include/assignment2_custom_msgs_srvs/assignment2_custom_msgs_srvs/msg/detail/obstacle__rosidl_typesupport_introspection_cpp.hpp\n'}
[5.562071] (assignment2_custom_msgs_srvs) StdoutLine: {'line': b'-- Installing: /home/basmala/ros2_ws/install/assignment2_custom_msgs_srvs/include/assignment2_custom_msgs_srvs/assignment2_custom_msgs_srvs/msg/detail/obstacle__type_support.cpp\n'}
[5.562232] (assignment2_custom_msgs_srvs) StdoutLine: {'line': b'-- Installing: /home/basmala/ros2_ws/install/assignment2_custom_msgs_srvs/lib/libassignment2_custom_msgs_srvs__rosidl_typesupport_introspection_cpp.so\n'}
[5.562925] (assignment2_custom_msgs_srvs) StdoutLine: {'line': b'-- Set non-toolchain portion of runtime path of "/home/basmala/ros2_ws/install/assignment2_custom_msgs_srvs/lib/libassignment2_custom_msgs_srvs__rosidl_typesupport_introspection_cpp.so" to ""\n'}
[5.563049] (assignment2_custom_msgs_srvs) StdoutLine: {'line': b'-- Installing: /home/basmala/ros2_ws/install/assignment2_custom_msgs_srvs/lib/libassignment2_custom_msgs_srvs__rosidl_typesupport_cpp.so\n'}
[5.563710] (assignment2_custom_msgs_srvs) StdoutLine: {'line': b'-- Set non-toolchain portion of runtime path of "/home/basmala/ros2_ws/install/assignment2_custom_msgs_srvs/lib/libassignment2_custom_msgs_srvs__rosidl_typesupport_cpp.so" to ""\n'}
[5.563933] (assignment2_custom_msgs_srvs) StdoutLine: {'line': b'-- Up-to-date: /home/basmala/ros2_ws/install/assignment2_custom_msgs_srvs/share/assignment2_custom_msgs_srvs/environment/pythonpath.sh\n'}
[5.564062] (assignment2_custom_msgs_srvs) StdoutLine: {'line': b'-- Up-to-date: /home/basmala/ros2_ws/install/assignment2_custom_msgs_srvs/share/assignment2_custom_msgs_srvs/environment/pythonpath.dsv\n'}
[5.564176] (assignment2_custom_msgs_srvs) StdoutLine: {'line': b'-- Up-to-date: /home/basmala/ros2_ws/install/assignment2_custom_msgs_srvs/lib/python3.12/site-packages/assignment2_custom_msgs_srvs-0.0.0-py3.12.egg-info\n'}
[5.564257] (assignment2_custom_msgs_srvs) StdoutLine: {'line': b'-- Installing: /home/basmala/ros2_ws/install/assignment2_custom_msgs_srvs/lib/python3.12/site-packages/assignment2_custom_msgs_srvs-0.0.0-py3.12.egg-info/dependency_links.txt\n'}
[5.564365] (assignment2_custom_msgs_srvs) StdoutLine: {'line': b'-- Installing: /home/basmala/ros2_ws/install/assignment2_custom_msgs_srvs/lib/python3.12/site-packages/assignment2_custom_msgs_srvs-0.0.0-py3.12.egg-info/SOURCES.txt\n'}
[5.564452] (assignment2_custom_msgs_srvs) StdoutLine: {'line': b'-- Installing: /home/basmala/ros2_ws/install/assignment2_custom_msgs_srvs/lib/python3.12/site-packages/assignment2_custom_msgs_srvs-0.0.0-py3.12.egg-info/PKG-INFO\n'}
[5.564543] (assignment2_custom_msgs_srvs) StdoutLine: {'line': b'-- Installing: /home/basmala/ros2_ws/install/assignment2_custom_msgs_srvs/lib/python3.12/site-packages/assignment2_custom_msgs_srvs-0.0.0-py3.12.egg-info/top_level.txt\n'}
[5.564621] (assignment2_custom_msgs_srvs) StdoutLine: {'line': b'-- Up-to-date: /home/basmala/ros2_ws/install/assignment2_custom_msgs_srvs/lib/python3.12/site-packages/assignment2_custom_msgs_srvs\n'}
[5.564710] (assignment2_custom_msgs_srvs) StdoutLine: {'line': b'-- Installing: /home/basmala/ros2_ws/install/assignment2_custom_msgs_srvs/lib/python3.12/site-packages/assignment2_custom_msgs_srvs/_assignment2_custom_msgs_srvs_s.ep.rosidl_typesupport_fastrtps_c.c\n'}
[5.564787] (assignment2_custom_msgs_srvs) StdoutLine: {'line': b'-- Installing: /home/basmala/ros2_ws/install/assignment2_custom_msgs_srvs/lib/python3.12/site-packages/assignment2_custom_msgs_srvs/assignment2_custom_msgs_srvs_s__rosidl_typesupport_c.so\n'}
[5.564865] (assignment2_custom_msgs_srvs) StdoutLine: {'line': b'-- Installing: /home/basmala/ros2_ws/install/assignment2_custom_msgs_srvs/lib/python3.12/site-packages/assignment2_custom_msgs_srvs/assignment2_custom_msgs_srvs_s__rosidl_typesupport_fastrtps_c.so\n'}
[5.564966] (assignment2_custom_msgs_srvs) StdoutLine: {'line': b'-- Up-to-date: /home/basmala/ros2_ws/install/assignment2_custom_msgs_srvs/lib/python3.12/site-packages/assignment2_custom_msgs_srvs/srv\n'}
[5.565067] (assignment2_custom_msgs_srvs) StdoutLine: {'line': b'-- Installing: /home/basmala/ros2_ws/install/assignment2_custom_msgs_srvs/lib/python3.12/site-packages/assignment2_custom_msgs_srvs/srv/_average_velocities.py\n'}
[5.565154] (assignment2_custom_msgs_srvs) StdoutLine: {'line': b'-- Installing: /home/basmala/ros2_ws/install/assignment2_custom_msgs_srvs/lib/python3.12/site-packages/assignment2_custom_msgs_srvs/srv/_average_velocities_s.c\n'}
[5.565266] (assignment2_custom_msgs_srvs) StdoutLine: {'line': b'-- Installing: /home/basmala/ros2_ws/install/assignment2_custom_msgs_srvs/lib/python3.12/site-packages/assignment2_custom_msgs_srvs/srv/_change_threshold_s.c\n'}
[5.565377] (assignment2_custom_msgs_srvs) StdoutLine: {'line': b'-- Installing: /home/basmala/ros2_ws/install/assignment2_custom_msgs_srvs/lib/python3.12/site-packages/assignment2_custom_msgs_srvs/srv/_modify_fixed_point_s.c\n'}
[5.565481] (assignment2_custom_msgs_srvs) StdoutLine: {'line': b'-- Installing: /home/basmala/ros2_ws/install/assignment2_custom_msgs_srvs/lib/python3.12/site-packages/assignment2_custom_msgs_srvs/srv/_change_threshold.py\n'}
[5.565602] (assignment2_custom_msgs_srvs) StdoutLine: {'line': b'-- Installing: /home/basmala/ros2_ws/install/assignment2_custom_msgs_srvs/lib/python3.12/site-packages/assignment2_custom_msgs_srvs/srv/__init__.py\n'}
[5.565702] (assignment2_custom_msgs_srvs) StdoutLine: {'line': b'-- Installing: /home/basmala/ros2_ws/install/assignment2_custom_msgs_srvs/lib/python3.12/site-packages/assignment2_custom_msgs_srvs/srv/_modify_fixed_point.py\n'}
[5.565831] (assignment2_custom_msgs_srvs) StdoutLine: {'line': b'-- Installing: /home/basmala/ros2_ws/install/assignment2_custom_msgs_srvs/lib/python3.12/site-packages/assignment2_custom_msgs_srvs/_assignment2_custom_msgs_srvs_s.ep.rosidl_typesupport_c.c\n'}
[5.565998] (assignment2_custom_msgs_srvs) StdoutLine: {'line': b'-- Installing: /home/basmala/ros2_ws/install/assignment2_custom_msgs_srvs/lib/python3.12/site-packages/assignment2_custom_msgs_srvs/assignment2_custom_msgs_srvs_s__rosidl_typesupport_introspection_c.so\n'}
[5.566168] (assignment2_custom_msgs_srvs) StdoutLine: {'line': b'-- Installing: /home/basmala/ros2_ws/install/assignment2_custom_msgs_srvs/lib/python3.12/site-packages/assignment2_custom_msgs_srvs/__init__.py\n'}
[5.566271] (assignment2_custom_msgs_srvs) StdoutLine: {'line': b'-- Up-to-date: /home/basmala/ros2_ws/install/assignment2_custom_msgs_srvs/lib/python3.12/site-packages/assignment2_custom_msgs_srvs/msg\n'}
[5.566365] (assignment2_custom_msgs_srvs) StdoutLine: {'line': b'-- Installing: /home/basmala/ros2_ws/install/assignment2_custom_msgs_srvs/lib/python3.12/site-packages/assignment2_custom_msgs_srvs/msg/_obstacle.py\n'}
[5.566460] (assignment2_custom_msgs_srvs) StdoutLine: {'line': b'-- Installing: /home/basmala/ros2_ws/install/assignment2_custom_msgs_srvs/lib/python3.12/site-packages/assignment2_custom_msgs_srvs/msg/_obstacle_s.c\n'}
[5.566550] (assignment2_custom_msgs_srvs) StdoutLine: {'line': b'-- Installing: /home/basmala/ros2_ws/install/assignment2_custom_msgs_srvs/lib/python3.12/site-packages/assignment2_custom_msgs_srvs/msg/__init__.py\n'}
[5.566644] (assignment2_custom_msgs_srvs) StdoutLine: {'line': b'-- Installing: /home/basmala/ros2_ws/install/assignment2_custom_msgs_srvs/lib/python3.12/site-packages/assignment2_custom_msgs_srvs/_assignment2_custom_msgs_srvs_s.ep.rosidl_typesupport_introspection_c.c\n'}
[5.616120] (-) TimerEvent: {}
[5.619176] (assignment2_custom_msgs_srvs) StdoutLine: {'line': b"Listing '/home/basmala/ros2_ws/install/assignment2_custom_msgs_srvs/lib/python3.12/site-packages/assignment2_custom_msgs_srvs'...\n"}
[5.619373] (assignment2_custom_msgs_srvs) StdoutLine: {'line': b"Compiling '/home/basmala/ros2_ws/install/assignment2_custom_msgs_srvs/lib/python3.12/site-packages/assignment2_custom_msgs_srvs/__init__.py'...\n"}
[5.619458] (assignment2_custom_msgs_srvs) StdoutLine: {'line': b"Listing '/home/basmala/ros2_ws/install/assignment2_custom_msgs_srvs/lib/python3.12/site-packages/assignment2_custom_msgs_srvs/msg'...\n"}
[5.619534] (assignment2_custom_msgs_srvs) StdoutLine: {'line': b"Compiling '/home/basmala/ros2_ws/install/assignment2_custom_msgs_srvs/lib/python3.12/site-packages/assignment2_custom_msgs_srvs/msg/__init__.py'...\n"}
[5.619617] (assignment2_custom_msgs_srvs) StdoutLine: {'line': b"Compiling '/home/basmala/ros2_ws/install/assignment2_custom_msgs_srvs/lib/python3.12/site-packages/assignment2_custom_msgs_srvs/msg/_obstacle.py'...\n"}
[5.619684] (assignment2_custom_msgs_srvs) StdoutLine: {'line': b"Listing '/home/basmala/ros2_ws/install/assignment2_custom_msgs_srvs/lib/python3.12/site-packages/assignment2_custom_msgs_srvs/srv'...\n"}
[5.619752] (assignment2_custom_msgs_srvs) StdoutLine: {'line': b"Compiling '/home/basmala/ros2_ws/install/assignment2_custom_msgs_srvs/lib/python3.12/site-packages/assignment2_custom_msgs_srvs/srv/__init__.py'...\n"}
[5.619822] (assignment2_custom_msgs_srvs) StdoutLine: {'line': b"Compiling '/home/basmala/ros2_ws/install/assignment2_custom_msgs_srvs/lib/python3.12/site-packages/assignment2_custom_msgs_srvs/srv/_average_velocities.py'...\n"}
[5.619897] (assignment2_custom_msgs_srvs) StdoutLine: {'line': b"Compiling '/home/basmala/ros2_ws/install/assignment2_custom_msgs_srvs/lib/python3.12/site-packages/assignment2_custom_msgs_srvs/srv/_change_threshold.py'...\n"}
[5.619971] (assignment2_custom_msgs_srvs) StdoutLine: {'line': b"Compiling '/home/basmala/ros2_ws/install/assignment2_custom_msgs_srvs/lib/python3.12/site-packages/assignment2_custom_msgs_srvs/srv/_modify_fixed_point.py'...\n"}
[5.626920] (assignment2_custom_msgs_srvs) StdoutLine: {'line': b'-- Installing: /home/basmala/ros2_ws/install/assignment2_custom_msgs_srvs/lib/python3.12/site-packages/assignment2_custom_msgs_srvs/assignment2_custom_msgs_srvs_s__rosidl_typesupport_fastrtps_c.so\n'}
[5.627459] (assignment2_custom_msgs_srvs) StdoutLine: {'line': b'-- Set non-toolchain portion of runtime path of "/home/basmala/ros2_ws/install/assignment2_custom_msgs_srvs/lib/python3.12/site-packages/assignment2_custom_msgs_srvs/assignment2_custom_msgs_srvs_s__rosidl_typesupport_fastrtps_c.so" to ""\n'}
[5.627765] (assignment2_custom_msgs_srvs) StdoutLine: {'line': b'-- Installing: /home/basmala/ros2_ws/install/assignment2_custom_msgs_srvs/lib/python3.12/site-packages/assignment2_custom_msgs_srvs/assignment2_custom_msgs_srvs_s__rosidl_typesupport_introspection_c.so\n'}
[5.628188] (assignment2_custom_msgs_srvs) StdoutLine: {'line': b'-- Set non-toolchain portion of runtime path of "/home/basmala/ros2_ws/install/assignment2_custom_msgs_srvs/lib/python3.12/site-packages/assignment2_custom_msgs_srvs/assignment2_custom_msgs_srvs_s__rosidl_typesupport_introspection_c.so" to ""\n'}
[5.628797] (assignment2_custom_msgs_srvs) StdoutLine: {'line': b'-- Installing: /home/basmala/ros2_ws/install/assignment2_custom_msgs_srvs/lib/python3.12/site-packages/assignment2_custom_msgs_srvs/assignment2_custom_msgs_srvs_s__rosidl_typesupport_c.so\n'}
[5.629002] (assignment2_custom_msgs_srvs) StdoutLine: {'line': b'-- Set non-toolchain portion of runtime path of "/home/basmala/ros2_ws/install/assignment2_custom_msgs_srvs/lib/python3.12/site-packages/assignment2_custom_msgs_srvs/assignment2_custom_msgs_srvs_s__rosidl_typesupport_c.so" to ""\n'}
[5.629145] (assignment2_custom_msgs_srvs) StdoutLine: {'line': b'-- Installing: /home/basmala/ros2_ws/install/assignment2_custom_msgs_srvs/lib/libassignment2_custom_msgs_srvs__rosidl_generator_py.so\n'}
[5.629580] (assignment2_custom_msgs_srvs) StdoutLine: {'line': b'-- Set non-toolchain portion of runtime path of "/home/basmala/ros2_ws/install/assignment2_custom_msgs_srvs/lib/libassignment2_custom_msgs_srvs__rosidl_generator_py.so" to ""\n'}
[5.629731] (assignment2_custom_msgs_srvs) StdoutLine: {'line': b'-- Up-to-date: /home/basmala/ros2_ws/install/assignment2_custom_msgs_srvs/share/assignment2_custom_msgs_srvs/msg/Obstacle.idl\n'}
[5.629835] (assignment2_custom_msgs_srvs) StdoutLine: {'line': b'-- Up-to-date: /home/basmala/ros2_ws/install/assignment2_custom_msgs_srvs/share/assignment2_custom_msgs_srvs/srv/AverageVelocities.idl\n'}
[5.630009] (assignment2_custom_msgs_srvs) StdoutLine: {'line': b'-- Up-to-date: /home/basmala/ros2_ws/install/assignment2_custom_msgs_srvs/share/assignment2_custom_msgs_srvs/srv/ChangeThreshold.idl\n'}
[5.630211] (assignment2_custom_msgs_srvs) StdoutLine: {'line': b'-- Installing: /home/basmala/ros2_ws/install/assignment2_custom_msgs_srvs/share/assignment2_custom_msgs_srvs/srv/ModifyFixedPoint.idl\n'}
[5.630382] (assignment2_custom_msgs_srvs) StdoutLine: {'line': b'-- Up-to-date: /home/basmala/ros2_ws/install/assignment2_custom_msgs_srvs/share/assignment2_custom_msgs_srvs/msg/Obstacle.msg\n'}
[5.630515] (assignment2_custom_msgs_srvs) StdoutLine: {'line': b'-- Up-to-date: /home/basmala/ros2_ws/install/assignment2_custom_msgs_srvs/share/assignment2_custom_msgs_srvs/srv/AverageVelocities.srv\n'}
[5.630653] (assignment2_custom_msgs_srvs) StdoutLine: {'line': b'-- Up-to-date: /home/basmala/ros2_ws/install/assignment2_custom_msgs_srvs/share/assignment2_custom_msgs_srvs/srv/ChangeThreshold.srv\n'}
[5.630792] (assignment2_custom_msgs_srvs) StdoutLine: {'line': b'-- Installing: /home/basmala/ros2_ws/install/assignment2_custom_msgs_srvs/share/assignment2_custom_msgs_srvs/srv/ModifyFixedPoint.srv\n'}
[5.630927] (assignment2_custom_msgs_srvs) StdoutLine: {'line': b'-- Up-to-date: /home/basmala/ros2_ws/install/assignment2_custom_msgs_srvs/share/ament_index/resource_index/package_run_dependencies/assignment2_custom_msgs_srvs\n'}
[5.631123] (assignment2_custom_msgs_srvs) StdoutLine: {'line': b'-- Up-to-date: /home/basmala/ros2_ws/install/assignment2_custom_msgs_srvs/share/ament_index/resource_index/parent_prefix_path/assignment2_custom_msgs_srvs\n'}
[5.631318] (assignment2_custom_msgs_srvs) StdoutLine: {'line': b'-- Up-to-date: /home/basmala/ros2_ws/install/assignment2_custom_msgs_srvs/share/assignment2_custom_msgs_srvs/environment/ament_prefix_path.sh\n'}
[5.631484] (assignment2_custom_msgs_srvs) StdoutLine: {'line': b'-- Up-to-date: /home/basmala/ros2_ws/install/assignment2_custom_msgs_srvs/share/assignment2_custom_msgs_srvs/environment/ament_prefix_path.dsv\n'}
[5.631614] (assignment2_custom_msgs_srvs) StdoutLine: {'line': b'-- Up-to-date: /home/basmala/ros2_ws/install/assignment2_custom_msgs_srvs/share/assignment2_custom_msgs_srvs/environment/path.sh\n'}
[5.631695] (assignment2_custom_msgs_srvs) StdoutLine: {'line': b'-- Up-to-date: /home/basmala/ros2_ws/install/assignment2_custom_msgs_srvs/share/assignment2_custom_msgs_srvs/environment/path.dsv\n'}
[5.631768] (assignment2_custom_msgs_srvs) StdoutLine: {'line': b'-- Up-to-date: /home/basmala/ros2_ws/install/assignment2_custom_msgs_srvs/share/assignment2_custom_msgs_srvs/local_setup.bash\n'}
[5.631918] (assignment2_custom_msgs_srvs) StdoutLine: {'line': b'-- Up-to-date: /home/basmala/ros2_ws/install/assignment2_custom_msgs_srvs/share/assignment2_custom_msgs_srvs/local_setup.sh\n'}
[5.632009] (assignment2_custom_msgs_srvs) StdoutLine: {'line': b'-- Up-to-date: /home/basmala/ros2_ws/install/assignment2_custom_msgs_srvs/share/assignment2_custom_msgs_srvs/local_setup.zsh\n'}
[5.632097] (assignment2_custom_msgs_srvs) StdoutLine: {'line': b'-- Up-to-date: /home/basmala/ros2_ws/install/assignment2_custom_msgs_srvs/share/assignment2_custom_msgs_srvs/local_setup.dsv\n'}
[5.632183] (assignment2_custom_msgs_srvs) StdoutLine: {'line': b'-- Installing: /home/basmala/ros2_ws/install/assignment2_custom_msgs_srvs/share/assignment2_custom_msgs_srvs/package.dsv\n'}
[5.632276] (assignment2_custom_msgs_srvs) StdoutLine: {'line': b'-- Up-to-date: /home/basmala/ros2_ws/install/assignment2_custom_msgs_srvs/share/ament_index/resource_index/packages/assignment2_custom_msgs_srvs\n'}
[5.632358] (assignment2_custom_msgs_srvs) StdoutLine: {'line': b'-- Up-to-date: /home/basmala/ros2_ws/install/assignment2_custom_msgs_srvs/share/assignment2_custom_msgs_srvs/cmake/export_assignment2_custom_msgs_srvs__rosidl_generator_cExport.cmake\n'}
[5.632439] (assignment2_custom_msgs_srvs) StdoutLine: {'line': b'-- Up-to-date: /home/basmala/ros2_ws/install/assignment2_custom_msgs_srvs/share/assignment2_custom_msgs_srvs/cmake/export_assignment2_custom_msgs_srvs__rosidl_generator_cExport-noconfig.cmake\n'}
[5.632523] (assignment2_custom_msgs_srvs) StdoutLine: {'line': b'-- Up-to-date: /home/basmala/ros2_ws/install/assignment2_custom_msgs_srvs/share/assignment2_custom_msgs_srvs/cmake/export_assignment2_custom_msgs_srvs__rosidl_typesupport_fastrtps_cExport.cmake\n'}
[5.632607] (assignment2_custom_msgs_srvs) StdoutLine: {'line': b'-- Up-to-date: /home/basmala/ros2_ws/install/assignment2_custom_msgs_srvs/share/assignment2_custom_msgs_srvs/cmake/export_assignment2_custom_msgs_srvs__rosidl_typesupport_fastrtps_cExport-noconfig.cmake\n'}
[5.632690] (assignment2_custom_msgs_srvs) StdoutLine: {'line': b'-- Up-to-date: /home/basmala/ros2_ws/install/assignment2_custom_msgs_srvs/share/assignment2_custom_msgs_srvs/cmake/assignment2_custom_msgs_srvs__rosidl_typesupport_introspection_cExport.cmake\n'}
[5.632808] (assignment2_custom_msgs_srvs) StdoutLine: {'line': b'-- Up-to-date: /home/basmala/ros2_ws/install/assignment2_custom_msgs_srvs/share/assignment2_custom_msgs_srvs/cmake/assignment2_custom_msgs_srvs__rosidl_typesupport_introspection_cExport-noconfig.cmake\n'}
[5.632897] (assignment2_custom_msgs_srvs) StdoutLine: {'line': b'-- Up-to-date: /home/basmala/ros2_ws/install/assignment2_custom_msgs_srvs/share/assignment2_custom_msgs_srvs/cmake/assignment2_custom_msgs_srvs__rosidl_typesupport_cExport.cmake\n'}
[5.632978] (assignment2_custom_msgs_srvs) StdoutLine: {'line': b'-- Up-to-date: /home/basmala/ros2_ws/install/assignment2_custom_msgs_srvs/share/assignment2_custom_msgs_srvs/cmake/assignment2_custom_msgs_srvs__rosidl_typesupport_cExport-noconfig.cmake\n'}
[5.633080] (assignment2_custom_msgs_srvs) StdoutLine: {'line': b'-- Up-to-date: /home/basmala/ros2_ws/install/assignment2_custom_msgs_srvs/share/assignment2_custom_msgs_srvs/cmake/export_assignment2_custom_msgs_srvs__rosidl_generator_cppExport.cmake\n'}
[5.633385] (assignment2_custom_msgs_srvs) StdoutLine: {'line': b'-- Up-to-date: /home/basmala/ros2_ws/install/assignment2_custom_msgs_srvs/share/assignment2_custom_msgs_srvs/cmake/export_assignment2_custom_msgs_srvs__rosidl_typesupport_fastrtps_cppExport.cmake\n'}
[5.633491] (assignment2_custom_msgs_srvs) StdoutLine: {'line': b'-- Up-to-date: /home/basmala/ros2_ws/install/assignment2_custom_msgs_srvs/share/assignment2_custom_msgs_srvs/cmake/export_assignment2_custom_msgs_srvs__rosidl_typesupport_fastrtps_cppExport-noconfig.cmake\n'}
[5.633580] (assignment2_custom_msgs_srvs) StdoutLine: {'line': b'-- Up-to-date: /home/basmala/ros2_ws/install/assignment2_custom_msgs_srvs/share/assignment2_custom_msgs_srvs/cmake/assignment2_custom_msgs_srvs__rosidl_typesupport_introspection_cppExport.cmake\n'}
[5.633681] (assignment2_custom_msgs_srvs) StdoutLine: {'line': b'-- Up-to-date: /home/basmala/ros2_ws/install/assignment2_custom_msgs_srvs/share/assignment2_custom_msgs_srvs/cmake/assignment2_custom_msgs_srvs__rosidl_typesupport_introspection_cppExport-noconfig.cmake\n'}
[5.633767] (assignment2_custom_msgs_srvs) StdoutLine: {'line': b'-- Up-to-date: /home/basmala/ros2_ws/install/assignment2_custom_msgs_srvs/share/assignment2_custom_msgs_srvs/cmake/assignment2_custom_msgs_srvs__rosidl_typesupport_cppExport.cmake\n'}
[5.633907] (assignment2_custom_msgs_srvs) StdoutLine: {'line': b'-- Up-to-date: /home/basmala/ros2_ws/install/assignment2_custom_msgs_srvs/share/assignment2_custom_msgs_srvs/cmake/assignment2_custom_msgs_srvs__rosidl_typesupport_cppExport-noconfig.cmake\n'}
[5.633989] (assignment2_custom_msgs_srvs) StdoutLine: {'line': b'-- Up-to-date: /home/basmala/ros2_ws/install/assignment2_custom_msgs_srvs/share/assignment2_custom_msgs_srvs/cmake/export_assignment2_custom_msgs_srvs__rosidl_generator_pyExport.cmake\n'}
[5.634073] (assignment2_custom_msgs_srvs) StdoutLine: {'line': b'-- Up-to-date: /home/basmala/ros2_ws/install/assignment2_custom_msgs_srvs/share/assignment2_custom_msgs_srvs/cmake/export_assignment2_custom_msgs_srvs__rosidl_generator_pyExport-noconfig.cmake\n'}
[5.634170] (assignment2_custom_msgs_srvs) StdoutLine: {'line': b'-- Up-to-date: /home/basmala/ros2_ws/install/assignment2_custom_msgs_srvs/share/assignment2_custom_msgs_srvs/cmake/rosidl_cmake-extras.cmake\n'}
[5.634253] (assignment2_custom_msgs_srvs) StdoutLine: {'line': b'-- Up-to-date: /home/basmala/ros2_ws/install/assignment2_custom_msgs_srvs/share/assignment2_custom_msgs_srvs/cmake/ament_cmake_export_dependencies-extras.cmake\n'}
[5.634330] (assignment2_custom_msgs_srvs) StdoutLine: {'line': b'-- Up-to-date: /home/basmala/ros2_ws/install/assignment2_custom_msgs_srvs/share/assignment2_custom_msgs_srvs/cmake/ament_cmake_export_include_directories-extras.cmake\n'}
[5.634403] (assignment2_custom_msgs_srvs) StdoutLine: {'line': b'-- Up-to-date: /home/basmala/ros2_ws/install/assignment2_custom_msgs_srvs/share/assignment2_custom_msgs_srvs/cmake/ament_cmake_export_libraries-extras.cmake\n'}
[5.634477] (assignment2_custom_msgs_srvs) StdoutLine: {'line': b'-- Up-to-date: /home/basmala/ros2_ws/install/assignment2_custom_msgs_srvs/share/assignment2_custom_msgs_srvs/cmake/ament_cmake_export_targets-extras.cmake\n'}
[5.634544] (assignment2_custom_msgs_srvs) StdoutLine: {'line': b'-- Up-to-date: /home/basmala/ros2_ws/install/assignment2_custom_msgs_srvs/share/assignment2_custom_msgs_srvs/cmake/rosidl_cmake_export_typesupport_targets-extras.cmake\n'}
[5.634621] (assignment2_custom_msgs_srvs) StdoutLine: {'line': b'-- Up-to-date: /home/basmala/ros2_ws/install/assignment2_custom_msgs_srvs/share/assignment2_custom_msgs_srvs/cmake/rosidl_cmake_export_typesupport_libraries-extras.cmake\n'}
[5.634700] (assignment2_custom_msgs_srvs) StdoutLine: {'line': b'-- Up-to-date: /home/basmala/ros2_ws/install/assignment2_custom_msgs_srvs/share/assignment2_custom_msgs_srvs/cmake/assignment2_custom_msgs_srvsConfig.cmake\n'}
[5.634775] (assignment2_custom_msgs_srvs) StdoutLine: {'line': b'-- Up-to-date: /home/basmala/ros2_ws/install/assignment2_custom_msgs_srvs/share/assignment2_custom_msgs_srvs/cmake/assignment2_custom_msgs_srvsConfig-version.cmake\n'}
[5.634860] (assignment2_custom_msgs_srvs) StdoutLine: {'line': b'-- Up-to-date: /home/basmala/ros2_ws/install/assignment2_custom_msgs_srvs/share/assignment2_custom_msgs_srvs/package.xml\n'}
[5.636565] (assignment2_custom_msgs_srvs) CommandEnded: {'returncode': 0}
[5.665231] (assignment2_custom_msgs_srvs) JobEnded: {'identifier': 'assignment2_custom_msgs_srvs', 'rc': 0}
[5.665745] (assignment2_rt) JobStarted: {'identifier': 'assignment2_rt'}
[5.677945] (assignment2_rt) JobProgress: {'identifier': 'assignment2_rt', 'progress': 'cmake'}
[5.678803] (assignment2_rt) JobProgress: {'identifier': 'assignment2_rt', 'progress': 'build'}
[5.679409] (assignment2_rt) Command: {'cmd': ['/usr/bin/cmake', '--build', '/home/basmala/ros2_ws/build/assignment2_rt', '--', '-j20', '-l20'], 'cwd': '/home/basmala/ros2_ws/build/assignment2_rt', 'env': OrderedDict({'GJS_DEBUG_TOPICS': 'JS ERROR;JS LOG', 'PYTHON_BASIC_REPL': '1', 'LESSOPEN': '| /usr/bin/lesspipe %s', 'GZ_SIM_RESOURCE_PATH': '/opt/ros/jazzy/share', 'USER': 'basmala', 'LC_TIME': 'ar_EG.UTF-8', 'GZ_CONFIG_PATH': '/opt/ros/jazzy/opt/gz_sim_vendor/share/gz:/opt/ros/jazzy/opt/sdformat_vendor/share/gz:/opt/ros/jazzy/opt/gz_gui_vendor/share/gz:/opt/ros/jazzy/opt/gz_transport_vendor/share/gz:/opt/ros/jazzy/opt/gz_rendering_vendor/share/gz:/opt/ros/jazzy/opt/gz_plugin_vendor/share/gz:/opt/ros/jazzy/opt/gz_fuel_tools_vendor/share/gz:/opt/ros/jazzy/opt/gz_msgs_vendor/share/gz:/opt/ros/jazzy/opt/gz_common_vendor/share/gz', 'XDG_SESSION_TYPE': 'wayland', 'GIT_ASKPASS': '/usr/share/code/resources/app/extensions/git/dist/askpass.sh', 'CLUTTER_DISABLE_MIPMAPPED_TEXT': '1', 'SHLVL': '1', 'LD_LIBRARY_PATH': '/home/basmala/ros2_ws/install/assignment2_custom_msgs_srvs/lib:/home/basmala/ros2_ws/install/turtlesim_custom_msgs/lib:/home/basmala/ros2_ws/install/mecanum_drive_controller/lib:/opt/ros/jazzy/opt/gz_sim_vendor/lib:/opt/ros/jazzy/opt/gz_sensors_vendor/lib:/opt/ros/jazzy/opt/gz_physics_vendor/lib:/opt/ros/jazzy/opt/sdformat_vendor/lib:/opt/ros/jazzy/opt/rviz_ogre_vendor/lib:/opt/ros/jazzy/lib/x86_64-linux-gnu:/opt/ros/jazzy/opt/gz_gui_vendor/lib:/opt/ros/jazzy/opt/gz_transport_vendor/lib:/opt/ros/jazzy/opt/gz_rendering_vendor/lib:/opt/ros/jazzy/opt/gz_plugin_vendor/lib:/opt/ros/jazzy/opt/gz_fuel_tools_vendor/lib:/opt/ros/jazzy/opt/gz_msgs_vendor/lib:/opt/ros/jazzy/opt/gz_common_vendor/lib:/opt/ros/jazzy/opt/gz_math_vendor/lib:/opt/ros/jazzy/opt/gz_utils_vendor/lib:/opt/ros/jazzy/opt/gz_tools_vendor/lib:/opt/ros/jazzy/opt/gz_ogre_next_vendor/lib:/opt/ros/jazzy/opt/gz_dartsim_vendor/lib:/opt/ros/jazzy/opt/gz_cmake_vendor/lib:/opt/ros/jazzy/lib', 'HOME': '/home/basmala', 'CHROME_DESKTOP': 'code.desktop', 'TERM_PROGRAM_VERSION': '1.108.1', 'DESKTOP_SESSION': 'ubuntu', 'GIO_LAUNCHED_DESKTOP_FILE': '/usr/share/applications/code.desktop', 'ROS_PYTHON_VERSION': '3', 'GNOME_SHELL_SESSION_MODE': 'ubuntu', 'GTK_MODULES': 'gail:atk-bridge', 'VSCODE_GIT_ASKPASS_MAIN': '/usr/share/code/resources/app/extensions/git/dist/askpass-main.js', 'LC_MONETARY': 'ar_EG.UTF-8', 'VSCODE_GIT_ASKPASS_NODE': '/usr/share/code/code', 'MANAGERPID': '3085', 'PYDEVD_DISABLE_FILE_VALIDATION': '1', 'SYSTEMD_EXEC_PID': '3363', 'BUNDLED_DEBUGPY_PATH': '/home/basmala/.vscode/extensions/ms-python.debugpy-2025.18.0-linux-x64/bundled/libs/debugpy', 'IM_CONFIG_CHECK_ENV': '1', 'VSCODE_PYTHON_AUTOACTIVATE_GUARD': '1', 'GSM_SKIP_SSH_AGENT_WORKAROUND': 'true', 'DBUS_SESSION_BUS_ADDRESS': 'unix:path=/run/user/1000/bus', 'COLORTERM': 'truecolor', 'GIO_LAUNCHED_DESKTOP_FILE_PID': '6235', 'DEBUGINFOD_URLS': 'https://debuginfod.ubuntu.com', 'IM_CONFIG_PHASE': '1', 'WAYLAND_DISPLAY': 'wayland-0', 'COLCON_PREFIX_PATH': '/home/basmala/ros2_ws/install:/home/basmala/ros2_ws/src/install', 'ROS_DISTRO': 'jazzy', 'LOGNAME': 'basmala', 'JOURNAL_STREAM': '8:29348', '_': '/usr/bin/colcon', 'ROS_VERSION': '2', 'MEMORY_PRESSURE_WATCH': '/sys/fs/cgroup/user.slice/user-1000.slice/user@1000.service/session.slice/org.gnome.Shell@wayland.service/memory.pressure', 'XDG_SESSION_CLASS': 'user', 'USERNAME': 'basmala', 'TERM': 'xterm-256color', 'GNOME_DESKTOP_SESSION_ID': 'this-is-deprecated', 'FC_FONTATIONS': '1', 'PATH': '/home/basmala/.config/Code/User/globalStorage/github.copilot-chat/debugCommand:/home/basmala/.config/Code/User/globalStorage/github.copilot-chat/copilotCli:/home/basmala/.local/bin:/opt/ros/jazzy/opt/gz_msgs_vendor/bin:/opt/ros/jazzy/opt/gz_tools_vendor/bin:/opt/ros/jazzy/opt/gz_ogre_next_vendor/bin:/opt/ros/jazzy/bin:/home/basmala/.local/bin:/usr/local/sbin:/usr/local/bin:/usr/sbin:/usr/bin:/sbin:/bin:/usr/games:/usr/local/games:/snap/bin:/snap/bin:/home/basmala/.vscode/extensions/ms-python.debugpy-2025.18.0-linux-x64/bundled/scripts/noConfigScripts', 'SESSION_MANAGER': 'local/basmala-Victus-by-HP-Laptop-16-d1xxx:@/tmp/.ICE-unix/3320,unix/basmala-Victus-by-HP-Laptop-16-d1xxx:/tmp/.ICE-unix/3320', 'INVOCATION_ID': '694191e11eb94a809305834f622f84d0', 'XDG_MENU_PREFIX': 'gnome-', 'LC_ADDRESS': 'ar_EG.UTF-8', 'GNOME_SETUP_DISPLAY': ':1', 'XDG_RUNTIME_DIR': '/run/user/1000', 'GDK_BACKEND': 'wayland', 'DISPLAY': ':0', 'VSCODE_DEBUGPY_ADAPTER_ENDPOINTS': '/home/basmala/.vscode/extensions/ms-python.debugpy-2025.18.0-linux-x64/.noConfigDebugAdapterEndpoints/endpoint-af7fd2ea1280fc9a.txt', 'LANG': 'en_US.UTF-8', 'XDG_CURRENT_DESKTOP': 'ubuntu:GNOME', 'PYTHONSTARTUP': '/home/basmala/.config/Code/User/workspaceStorage/252af9e7590a177e2820818b062d5291/ms-python.python/pythonrc.py', 'LC_TELEPHONE': 'ar_EG.UTF-8', 'XMODIFIERS': '@im=ibus', 'XDG_SESSION_DESKTOP': 'ubuntu', 'XAUTHORITY': '/run/user/1000/.mutter-Xwaylandauth.RDTNJ3', 'LS_COLORS': 'rs=0:di=01;34:ln=01;36:mh=00:pi=40;33:so=01;35:do=01;35:bd=40;33;01:cd=40;33;01:or=40;31;01:mi=00:su=37;41:sg=30;43:ca=00:tw=30;42:ow=34;42:st=37;44:ex=01;32:*.tar=01;31:*.tgz=01;31:*.arc=01;31:*.arj=01;31:*.taz=01;31:*.lha=01;31:*.lz4=01;31:*.lzh=01;31:*.lzma=01;31:*.tlz=01;31:*.txz=01;31:*.tzo=01;31:*.t7z=01;31:*.zip=01;31:*.z=01;31:*.dz=01;31:*.gz=01;31:*.lrz=01;31:*.lz=01;31:*.lzo=01;31:*.xz=01;31:*.zst=01;31:*.tzst=01;31:*.bz2=01;31:*.bz=01;31:*.tbz=01;31:*.tbz2=01;31:*.tz=01;31:*.deb=01;31:*.rpm=01;31:*.jar=01;31:*.war=01;31:*.ear=01;31:*.sar=01;31:*.rar=01;31:*.alz=01;31:*.ace=01;31:*.zoo=01;31:*.cpio=01;31:*.7z=01;31:*.rz=01;31:*.cab=01;31:*.wim=01;31:*.swm=01;31:*.dwm=01;31:*.esd=01;31:*.avif=01;35:*.jpg=01;35:*.jpeg=01;35:*.mjpg=01;35:*.mjpeg=01;35:*.gif=01;35:*.bmp=01;35:*.pbm=01;35:*.pgm=01;35:*.ppm=01;35:*.tga=01;35:*.xbm=01;35:*.xpm=01;35:*.tif=01;35:*.tiff=01;35:*.png=01;35:*.svg=01;35:*.svgz=01;35:*.mng=01;35:*.pcx=01;35:*.mov=01;35:*.mpg=01;35:*.mpeg=01;35:*.m2v=01;35:*.mkv=01;35:*.webm=01;35:*.webp=01;35:*.ogm=01;35:*.mp4=01;35:*.m4v=01;35:*.mp4v=01;35:*.vob=01;35:*.qt=01;35:*.nuv=01;35:*.wmv=01;35:*.asf=01;35:*.rm=01;35:*.rmvb=01;35:*.flc=01;35:*.avi=01;35:*.fli=01;35:*.flv=01;35:*.gl=01;35:*.dl=01;35:*.xcf=01;35:*.xwd=01;35:*.yuv=01;35:*.cgm=01;35:*.emf=01;35:*.ogv=01;35:*.ogx=01;35:*.aac=00;36:*.au=00;36:*.flac=00;36:*.m4a=00;36:*.mid=00;36:*.midi=00;36:*.mka=00;36:*.mp3=00;36:*.mpc=00;36:*.ogg=00;36:*.ra=00;36:*.wav=00;36:*.oga=00;36:*.opus=00;36:*.spx=00;36:*.xspf=00;36:*~=00;90:*#=00;90:*.bak=00;90:*.crdownload=00;90:*.dpkg-dist=00;90:*.dpkg-new=00;90:*.dpkg-old=00;90:*.dpkg-tmp=00;90:*.old=00;90:*.orig=00;90:*.part=00;90:*.rej=00;90:*.rpmnew=00;90:*.rpmorig=00;90:*.rpmsave=00;90:*.swp=00;90:*.tmp=00;90:*.ucf-dist=00;90:*.ucf-new=00;90:*.ucf-old=00;90:', 'VSCODE_GIT_IPC_HANDLE': '/run/user/1000/vscode-git-2798b36409.sock', 'TERM_PROGRAM': 'vscode', 'SSH_AUTH_SOCK': '/run/user/1000/keyring/ssh', 'AMENT_PREFIX_PATH': '/home/basmala/ros2_ws/install/yahboom_rosmaster:/home/basmala/ros2_ws/install/yahboom_rosmaster_system_tests:/home/basmala/ros2_ws/install/yahboom_rosmaster_gazebo:/home/basmala/ros2_ws/install/yahboom_rosmaster_description:/home/basmala/ros2_ws/install/yahboom_rosmaster_bringup:/home/basmala/ros2_ws/install/turtlesim_controller:/home/basmala/ros2_ws/install/turtlesim_custom_msgs:/home/basmala/ros2_ws/install/mecanum_drive_controller:/home/basmala/ros2_ws/install/first_package_python:/home/basmala/ros2_ws/install/first_package_cpp:/home/basmala/ros2_ws/install/bme_gazebo_sensors:/home/basmala/ros2_ws/install/assignment2_rt:/home/basmala/ros2_ws/install/assignment2_custom_msgs_srvs:/home/basmala/ros2_ws/install/assignment1_rt:/opt/ros/jazzy', 'SHELL': '/bin/bash', 'LC_NAME': 'ar_EG.UTF-8', 'QT_ACCESSIBILITY': '1', 'GDMSESSION': 'ubuntu', 'LESSCLOSE': '/usr/bin/lesspipe %s %s', 'LC_MEASUREMENT': 'ar_EG.UTF-8', 'GJS_DEBUG_OUTPUT': 'stderr', 'LC_IDENTIFICATION': 'ar_EG.UTF-8', 'ROS_AUTOMATIC_DISCOVERY_RANGE': 'SUBNET', 'VSCODE_GIT_ASKPASS_EXTRA_ARGS': '', 'QT_IM_MODULE': 'ibus', 'PWD': '/home/basmala/ros2_ws/build/assignment2_rt', 'XDG_CONFIG_DIRS': '/etc/xdg/xdg-ubuntu:/etc/xdg', 'XDG_DATA_DIRS': '/usr/share/ubuntu:/usr/share/gnome:/usr/local/share/:/usr/share/:/var/lib/snapd/desktop', 'PYTHONPATH': '/home/basmala/ros2_ws/install/assignment2_custom_msgs_srvs/lib/python3.12/site-packages:/home/basmala/ros2_ws/install/turtlesim_custom_msgs/lib/python3.12/site-packages:/home/basmala/ros2_ws/install/first_package_python/lib/python3.12/site-packages:/opt/ros/jazzy/lib/python3.12/site-packages', 'LC_NUMERIC': 'ar_EG.UTF-8', 'LC_PAPER': 'ar_EG.UTF-8', 'COLCON': '1', 'MEMORY_PRESSURE_WRITE': 'c29tZSAyMDAwMDAgMjAwMDAwMAA=', 'CMAKE_PREFIX_PATH': '/home/basmala/ros2_ws/install/assignment2_custom_msgs_srvs:/home/basmala/ros2_ws/install/yahboom_rosmaster:/home/basmala/ros2_ws/install/yahboom_rosmaster_system_tests:/home/basmala/ros2_ws/install/yahboom_rosmaster_gazebo:/home/basmala/ros2_ws/install/yahboom_rosmaster_description:/home/basmala/ros2_ws/install/yahboom_rosmaster_bringup:/home/basmala/ros2_ws/install/turtlesim_controller:/home/basmala/ros2_ws/install/turtlesim_custom_msgs:/home/basmala/ros2_ws/install/mecanum_drive_controller:/home/basmala/ros2_ws/install/first_package_cpp:/home/basmala/ros2_ws/install/bme_gazebo_sensors:/home/basmala/ros2_ws/install/assignment2_rt:/home/basmala/ros2_ws/install/assignment1_rt:/opt/ros/jazzy/opt/gz_sim_vendor:/opt/ros/jazzy/opt/gz_sensors_vendor:/opt/ros/jazzy/opt/gz_physics_vendor:/opt/ros/jazzy/opt/sdformat_vendor:/opt/ros/jazzy/opt/gz_gui_vendor:/opt/ros/jazzy/opt/gz_transport_vendor:/opt/ros/jazzy/opt/gz_rendering_vendor:/opt/ros/jazzy/opt/gz_plugin_vendor:/opt/ros/jazzy/opt/gz_fuel_tools_vendor:/opt/ros/jazzy/opt/gz_msgs_vendor:/opt/ros/jazzy/opt/gz_common_vendor:/opt/ros/jazzy/opt/gz_math_vendor:/opt/ros/jazzy/opt/gz_utils_vendor:/opt/ros/jazzy/opt/gz_tools_vendor:/opt/ros/jazzy/opt/gz_ogre_next_vendor:/opt/ros/jazzy/opt/gz_dartsim_vendor:/opt/ros/jazzy/opt/gz_cmake_vendor:/home/basmala/ros2_ws/install/first_package_python:/opt/ros/jazzy'}), 'shell': False}
[5.716414] (-) TimerEvent: {}
[5.772423] (assignment2_rt) StdoutLine: {'line': b'[ 25%] \x1b[32mBuilding CXX object CMakeFiles/UI.dir/src/UI.cpp.o\x1b[0m\n'}
[5.773876] (assignment2_rt) StdoutLine: {'line': b'[ 50%] \x1b[32mBuilding CXX object CMakeFiles/Robot_Control.dir/src/Robot_Control.cpp.o\x1b[0m\n'}
[5.816664] (-) TimerEvent: {}
[5.917147] (-) TimerEvent: {}
[6.017593] (-) TimerEvent: {}
[6.118073] (-) TimerEvent: {}
[6.218567] (-) TimerEvent: {}
[6.319055] (-) TimerEvent: {}
[6.419521] (-) TimerEvent: {}
[6.519944] (-) TimerEvent: {}
[6.620441] (-) TimerEvent: {}
[6.720780] (-) TimerEvent: {}
[6.821397] (-) TimerEvent: {}
[6.921833] (-) TimerEvent: {}
[7.022267] (-) TimerEvent: {}
[7.122670] (-) TimerEvent: {}
[7.223085] (-) TimerEvent: {}
[7.323525] (-) TimerEvent: {}
[7.423929] (-) TimerEvent: {}
[7.524385] (-) TimerEvent: {}
[7.624790] (-) TimerEvent: {}
[7.725226] (-) TimerEvent: {}
[7.735114] (assignment2_rt) StderrLine: {'line': b'\x1b[01m\x1b[K/home/basmala/ros2_ws/assignment2_rt/src/Robot_Control.cpp:99:38:\x1b[m\x1b[K \x1b[01;31m\x1b[Kerror: \x1b[m\x1b[K\xe2\x80\x98\x1b[01m\x1b[KFloat32\x1b[m\x1b[K\xe2\x80\x99 is not a member of \xe2\x80\x98\x1b[01m\x1b[Kstd_msgs::msg\x1b[m\x1b[K\xe2\x80\x99\n'}
[7.735548] (assignment2_rt) StderrLine: {'line': b'   99 |     rclcpp::Publisher<std_msgs::msg::\x1b[01;31m\x1b[KFloat32\x1b[m\x1b[K>::SharedPtr fixed_point_distance_publisher_;\n'}
[7.735698] (assignment2_rt) StderrLine: {'line': b'      |                                      \x1b[01;31m\x1b[K^~~~~~~\x1b[m\x1b[K\n'}
[7.735810] (assignment2_rt) StderrLine: {'line': b'\x1b[01m\x1b[K/home/basmala/ros2_ws/assignment2_rt/src/Robot_Control.cpp:99:45:\x1b[m\x1b[K \x1b[01;31m\x1b[Kerror: \x1b[m\x1b[Ktemplate argument 1 is invalid\n'}
[7.735941] (assignment2_rt) StderrLine: {'line': b'   99 |     rclcpp::Publisher<std_msgs::msg::Float32\x1b[01;31m\x1b[K>\x1b[m\x1b[K::SharedPtr fixed_point_distance_publisher_;\n'}
[7.736112] (assignment2_rt) StderrLine: {'line': b'      |                                             \x1b[01;31m\x1b[K^\x1b[m\x1b[K\n'}
[7.736246] (assignment2_rt) StderrLine: {'line': b'\x1b[01m\x1b[K/home/basmala/ros2_ws/assignment2_rt/src/Robot_Control.cpp:99:48:\x1b[m\x1b[K \x1b[01;31m\x1b[Kerror: \x1b[m\x1b[Kexpected \xe2\x80\x98\x1b[01m\x1b[K;\x1b[m\x1b[K\xe2\x80\x99 at end of member declaration\n'}
[7.736394] (assignment2_rt) StderrLine: {'line': b'   99 |     rclcpp::Publisher<std_msgs::msg::Float32>::\x1b[01;31m\x1b[KSharedPtr\x1b[m\x1b[K fixed_point_distance_publisher_;\n'}
[7.736725] (assignment2_rt) StderrLine: {'line': b'      |                                                \x1b[01;31m\x1b[K^~~~~~~~~\x1b[m\x1b[K\n'}
[7.737528] (assignment2_rt) StderrLine: {'line': b'      |                                                         \x1b[32m\x1b[K;\x1b[m\x1b[K\n'}
[7.746222] (assignment2_rt) StderrLine: {'line': b'\x1b[01m\x1b[K/home/basmala/ros2_ws/assignment2_rt/src/Robot_Control.cpp:99:58:\x1b[m\x1b[K \x1b[01;31m\x1b[Kerror: \x1b[m\x1b[K\xe2\x80\x98\x1b[01m\x1b[Kfixed_point_distance_publisher_\x1b[m\x1b[K\xe2\x80\x99 does not name a type\n'}
[7.746403] (assignment2_rt) StderrLine: {'line': b'   99 |     rclcpp::Publisher<std_msgs::msg::Float32>::SharedPtr \x1b[01;31m\x1b[Kfixed_point_distance_publisher_\x1b[m\x1b[K;\n'}
[7.746477] (assignment2_rt) StderrLine: {'line': b'      |                                                          \x1b[01;31m\x1b[K^~~~~~~~~~~~~~~~~~~~~~~~~~~~~~~\x1b[m\x1b[K\n'}
[7.825412] (-) TimerEvent: {}
[7.832760] (assignment2_rt) StderrLine: {'line': b'\x1b[01m\x1b[K/home/basmala/ros2_ws/assignment2_rt/src/Robot_Control.cpp:\x1b[m\x1b[K In constructor \xe2\x80\x98\x1b[01m\x1b[KRobotControlNode::\x1b[01;32m\x1b[KRobotControlNode\x1b[m\x1b[K()\x1b[m\x1b[K\xe2\x80\x99:\n'}
[7.833067] (assignment2_rt) StderrLine: {'line': b'\x1b[01m\x1b[K/home/basmala/ros2_ws/assignment2_rt/src/Robot_Control.cpp:34:9:\x1b[m\x1b[K \x1b[01;31m\x1b[Kerror: \x1b[m\x1b[K\xe2\x80\x98\x1b[01m\x1b[Kfixed_point_distance_publisher_\x1b[m\x1b[K\xe2\x80\x99 was not declared in this scope\n'}
[7.833165] (assignment2_rt) StderrLine: {'line': b'   34 |         \x1b[01;31m\x1b[Kfixed_point_distance_publisher_\x1b[m\x1b[K = this->create_publisher<std_msgs::msg::Float32>(\n'}
[7.833247] (assignment2_rt) StderrLine: {'line': b'      |         \x1b[01;31m\x1b[K^~~~~~~~~~~~~~~~~~~~~~~~~~~~~~~\x1b[m\x1b[K\n'}
[7.833533] (assignment2_rt) StderrLine: {'line': b'\x1b[01m\x1b[K/home/basmala/ros2_ws/assignment2_rt/src/Robot_Control.cpp:34:81:\x1b[m\x1b[K \x1b[01;31m\x1b[Kerror: \x1b[m\x1b[K\xe2\x80\x98\x1b[01m\x1b[KFloat32\x1b[m\x1b[K\xe2\x80\x99 is not a member of \xe2\x80\x98\x1b[01m\x1b[Kstd_msgs::msg\x1b[m\x1b[K\xe2\x80\x99\n'}
[7.833723] (assignment2_rt) StderrLine: {'line': b'   34 |         fixed_point_distance_publisher_ = this->create_publisher<std_msgs::msg::\x1b[01;31m\x1b[KFloat32\x1b[m\x1b[K>(\n'}
[7.833909] (assignment2_rt) StderrLine: {'line': b'      |                                                                                 \x1b[01;31m\x1b[K^~~~~~~\x1b[m\x1b[K\n'}
[7.834022] (assignment2_rt) StderrLine: {'line': b'\x1b[01m\x1b[K/home/basmala/ros2_ws/assignment2_rt/src/Robot_Control.cpp:34:89:\x1b[m\x1b[K \x1b[01;31m\x1b[Kerror: \x1b[m\x1b[Kno matching function for call to \xe2\x80\x98\x1b[01m\x1b[KRobotControlNode::create_publisher<<expression error> >(const char [21], int)\x1b[m\x1b[K\xe2\x80\x99\n'}
[7.834105] (assignment2_rt) StderrLine: {'line': b'   34 |         fixed_point_distance_publisher_ = \x1b[01;31m\x1b[Kthis->create_publisher<std_msgs::msg::Float32>(\x1b[m\x1b[K\n'}
[7.834175] (assignment2_rt) StderrLine: {'line': b'      |                                           \x1b[01;31m\x1b[K~~~~~~~~~~~~~~~~~~~~~~~~~~~~~~~~~~~~~~~~~~~~~~^\x1b[m\x1b[K\n'}
[7.834255] (assignment2_rt) StderrLine: {'line': b'   35 | \x1b[01;31m\x1b[K            "fixed_point_distance", 10)\x1b[m\x1b[K;\n'}
[7.834324] (assignment2_rt) StderrLine: {'line': b'      |             \x1b[01;31m\x1b[K~~~~~~~~~~~~~~~~~~~~~~~~~~~\x1b[m\x1b[K                                                  \n'}
[7.834391] (assignment2_rt) StderrLine: {'line': b'In file included from \x1b[01m\x1b[K/opt/ros/jazzy/include/rclcpp/rclcpp/node.hpp:1663\x1b[m\x1b[K,\n'}
[7.834461] (assignment2_rt) StderrLine: {'line': b'                 from \x1b[01m\x1b[K/opt/ros/jazzy/include/rclcpp/rclcpp/executors/single_threaded_executor.hpp:28\x1b[m\x1b[K,\n'}
[7.834554] (assignment2_rt) StderrLine: {'line': b'                 from \x1b[01m\x1b[K/opt/ros/jazzy/include/rclcpp/rclcpp/executors.hpp:22\x1b[m\x1b[K,\n'}
[7.834619] (assignment2_rt) StderrLine: {'line': b'                 from \x1b[01m\x1b[K/opt/ros/jazzy/include/rclcpp/rclcpp/rclcpp.hpp:172\x1b[m\x1b[K,\n'}
[7.834685] (assignment2_rt) StderrLine: {'line': b'                 from \x1b[01m\x1b[K/home/basmala/ros2_ws/assignment2_rt/src/Robot_Control.cpp:8\x1b[m\x1b[K:\n'}
[7.834750] (assignment2_rt) StderrLine: {'line': b'\x1b[01m\x1b[K/opt/ros/jazzy/include/rclcpp/rclcpp/node_impl.hpp:73:1:\x1b[m\x1b[K \x1b[01;36m\x1b[Knote: \x1b[m\x1b[Kcandidate: \xe2\x80\x98\x1b[01m\x1b[Ktemplate<class MessageT, class AllocatorT, class PublisherT> std::shared_ptr<PublisherT> rclcpp::Node::\x1b[01;32m\x1b[Kcreate_publisher\x1b[m\x1b[K(const std::string&, const rclcpp::QoS&, const rclcpp::PublisherOptionsWithAllocator<AllocatorT>&)\x1b[m\x1b[K\xe2\x80\x99\n'}
[7.834829] (assignment2_rt) StderrLine: {'line': b'   73 | \x1b[01;36m\x1b[KNode\x1b[m\x1b[K::create_publisher(\n'}
[7.834894] (assignment2_rt) StderrLine: {'line': b'      | \x1b[01;36m\x1b[K^~~~\x1b[m\x1b[K\n'}
[7.834962] (assignment2_rt) StderrLine: {'line': b'\x1b[01m\x1b[K/opt/ros/jazzy/include/rclcpp/rclcpp/node_impl.hpp:73:1:\x1b[m\x1b[K \x1b[01;36m\x1b[Knote: \x1b[m\x1b[K  template argument deduction/substitution failed:\n'}
[7.835061] (assignment2_rt) StderrLine: {'line': b'\x1b[01m\x1b[K/home/basmala/ros2_ws/assignment2_rt/src/Robot_Control.cpp:34:89:\x1b[m\x1b[K \x1b[01;31m\x1b[Kerror: \x1b[m\x1b[Ktemplate argument 1 is invalid\n'}
[7.835131] (assignment2_rt) StderrLine: {'line': b'   34 |         fixed_point_distance_publisher_ = \x1b[01;31m\x1b[Kthis->create_publisher<std_msgs::msg::Float32>(\x1b[m\x1b[K\n'}
[7.835194] (assignment2_rt) StderrLine: {'line': b'      |                                           \x1b[01;31m\x1b[K~~~~~~~~~~~~~~~~~~~~~~~~~~~~~~~~~~~~~~~~~~~~~~^\x1b[m\x1b[K\n'}
[7.835261] (assignment2_rt) StderrLine: {'line': b'   35 | \x1b[01;31m\x1b[K            "fixed_point_distance", 10)\x1b[m\x1b[K;\n'}
[7.835330] (assignment2_rt) StderrLine: {'line': b'      |             \x1b[01;31m\x1b[K~~~~~~~~~~~~~~~~~~~~~~~~~~~\x1b[m\x1b[K                                                  \n'}
[7.882974] (assignment2_rt) StderrLine: {'line': b'\x1b[01m\x1b[K/home/basmala/ros2_ws/assignment2_rt/src/Robot_Control.cpp:\x1b[m\x1b[K In member function \xe2\x80\x98\x1b[01m\x1b[Kvoid RobotControlNode::\x1b[01;32m\x1b[KmodifyFixedPointCallback\x1b[m\x1b[K(std::shared_ptr<assignment2_custom_msgs_srvs::srv::ModifyFixedPoint_Request_<std::allocator<void> > >, std::shared_ptr<assignment2_custom_msgs_srvs::srv::ModifyFixedPoint_Response_<std::allocator<void> > >)\x1b[m\x1b[K\xe2\x80\x99:\n'}
[7.883242] (assignment2_rt) StderrLine: {'line': b'\x1b[01m\x1b[K/home/basmala/ros2_ws/assignment2_rt/src/Robot_Control.cpp:214:19:\x1b[m\x1b[K \x1b[01;31m\x1b[Kerror: \x1b[m\x1b[K\xe2\x80\x98\x1b[01m\x1b[Kusing std::__shared_ptr_access<assignment2_custom_msgs_srvs::srv::ModifyFixedPoint_Response_<std::allocator<void> >, __gnu_cxx::_S_atomic, false, false>::element_type = struct assignment2_custom_msgs_srvs::srv::ModifyFixedPoint_Response_<std::allocator<void> >\x1b[m\x1b[K\xe2\x80\x99 {aka \xe2\x80\x98\x1b[01m\x1b[Kstruct assignment2_custom_msgs_srvs::srv::ModifyFixedPoint_Response_<std::allocator<void> >\x1b[m\x1b[K\xe2\x80\x99} has no member named \xe2\x80\x98\x1b[01m\x1b[Ksuccess\x1b[m\x1b[K\xe2\x80\x99\n'}
[7.883332] (assignment2_rt) StderrLine: {'line': b'  214 |         response->\x1b[01;31m\x1b[Ksuccess\x1b[m\x1b[K = true;\n'}
[7.883422] (assignment2_rt) StderrLine: {'line': b'      |                   \x1b[01;31m\x1b[K^~~~~~~\x1b[m\x1b[K\n'}
[7.883685] (assignment2_rt) StderrLine: {'line': b'\x1b[01m\x1b[K/home/basmala/ros2_ws/assignment2_rt/src/Robot_Control.cpp:\x1b[m\x1b[K In member function \xe2\x80\x98\x1b[01m\x1b[Kvoid RobotControlNode::\x1b[01;32m\x1b[KcheckFixedPointDistance\x1b[m\x1b[K()\x1b[m\x1b[K\xe2\x80\x99:\n'}
[7.883779] (assignment2_rt) StderrLine: {'line': b'\x1b[01m\x1b[K/home/basmala/ros2_ws/assignment2_rt/src/Robot_Control.cpp:225:44:\x1b[m\x1b[K \x1b[01;31m\x1b[Kerror: \x1b[m\x1b[K\xe2\x80\x98\x1b[01m\x1b[KFloat32\x1b[m\x1b[K\xe2\x80\x99 is not a member of \xe2\x80\x98\x1b[01m\x1b[Kstd_msgs::msg\x1b[m\x1b[K\xe2\x80\x99\n'}
[7.883852] (assignment2_rt) StderrLine: {'line': b'  225 |         auto distance_msg = std_msgs::msg::\x1b[01;31m\x1b[KFloat32\x1b[m\x1b[K();\n'}
[7.883921] (assignment2_rt) StderrLine: {'line': b'      |                                            \x1b[01;31m\x1b[K^~~~~~~\x1b[m\x1b[K\n'}
[7.900541] (assignment2_rt) StderrLine: {'line': b'\x1b[01m\x1b[K/home/basmala/ros2_ws/assignment2_rt/src/Robot_Control.cpp:227:9:\x1b[m\x1b[K \x1b[01;31m\x1b[Kerror: \x1b[m\x1b[K\xe2\x80\x98\x1b[01m\x1b[Kfixed_point_distance_publisher_\x1b[m\x1b[K\xe2\x80\x99 was not declared in this scope\n'}
[7.900763] (assignment2_rt) StderrLine: {'line': b'  227 |         \x1b[01;31m\x1b[Kfixed_point_distance_publisher_\x1b[m\x1b[K->publish(distance_msg);\n'}
[7.900845] (assignment2_rt) StderrLine: {'line': b'      |         \x1b[01;31m\x1b[K^~~~~~~~~~~~~~~~~~~~~~~~~~~~~~~\x1b[m\x1b[K\n'}
[7.925619] (-) TimerEvent: {}
[8.026060] (-) TimerEvent: {}
[8.126460] (-) TimerEvent: {}
[8.226907] (-) TimerEvent: {}
[8.327191] (-) TimerEvent: {}
[8.427610] (-) TimerEvent: {}
[8.527940] (-) TimerEvent: {}
[8.628239] (-) TimerEvent: {}
[8.728648] (-) TimerEvent: {}
[8.829055] (-) TimerEvent: {}
[8.929405] (-) TimerEvent: {}
[9.029884] (-) TimerEvent: {}
[9.130214] (-) TimerEvent: {}
[9.230667] (-) TimerEvent: {}
[9.331091] (-) TimerEvent: {}
[9.431512] (-) TimerEvent: {}
[9.531902] (-) TimerEvent: {}
[9.632220] (-) TimerEvent: {}
[9.732669] (-) TimerEvent: {}
[9.833135] (-) TimerEvent: {}
[9.933495] (-) TimerEvent: {}
[10.033883] (-) TimerEvent: {}
[10.134187] (-) TimerEvent: {}
[10.234549] (-) TimerEvent: {}
[10.334947] (-) TimerEvent: {}
[10.435220] (-) TimerEvent: {}
[10.535638] (-) TimerEvent: {}
[10.636048] (-) TimerEvent: {}
[10.736326] (-) TimerEvent: {}
[10.836745] (-) TimerEvent: {}
[10.937209] (-) TimerEvent: {}
[10.992567] (assignment2_rt) StdoutLine: {'line': b'[ 75%] \x1b[32m\x1b[1mLinking CXX executable UI\x1b[0m\n'}
[11.037320] (-) TimerEvent: {}
[11.137597] (-) TimerEvent: {}
[11.217257] (assignment2_rt) StdoutLine: {'line': b'[ 75%] Built target UI\n'}
[11.227547] (assignment2_rt) StderrLine: {'line': b'gmake[2]: *** [CMakeFiles/Robot_Control.dir/build.make:76: CMakeFiles/Robot_Control.dir/src/Robot_Control.cpp.o] Error 1\n'}
[11.227790] (assignment2_rt) StderrLine: {'line': b'gmake[1]: *** [CMakeFiles/Makefile2:139: CMakeFiles/Robot_Control.dir/all] Error 2\n'}
[11.228186] (assignment2_rt) StderrLine: {'line': b'gmake: *** [Makefile:146: all] Error 2\n'}
[11.231471] (assignment2_rt) CommandEnded: {'returncode': 2}
[11.237731] (assignment2_rt) JobEnded: {'identifier': 'assignment2_rt', 'rc': 2}
[11.238282] (-) TimerEvent: {}
[11.248365] (-) EventReactorShutdown: {}
